{
    "avail_var": [
        "Home location",
        "Age",
        "Sex",
        "Education",
        "Employment"
    ],
    "marginals": {
        "Employment": {
            "probs": [
                0.059126389206159986,
                0.94087361079384
            ],
            "uniqVals": [
                "Unemployed",
                "Employed"
            ]
        },
        "Home location": {
            "probs": [
                0.40981222425779995,
                0.007078465218095092,
                0.015176568298339382,
                0.010456582942396512,
                0.016028283604555996,
                0.008006829859151805,
                0.031588098577095866,
                0.020365526558238114,
                0.007964975288153594,
                0.08267992296741848,
                0.04175220379444464,
                0.017298544620754724,
                0.012997104974793967,
                0.008198957468191787,
                0.01393555505464543,
                0.021901538886678496,
                0.010625514042208569,
                0.015165474315665157,
                0.028762158626806995,
                0.0035172967796689657,
                0.08109600480470304,
                0.08677965383748425,
                0.026143978715689967,
                0.022668536507019214
            ],
            "uniqVals": [
                "Buenos Aires province",
                "Santa Cruz",
                "San Juan",
                "San Luis",
                "Río Negro",
                "La Pampa",
                "Tucumán",
                "Corrientes",
                "La Rioja",
                "Córdoba",
                "Mendoza",
                "Santiago del Estero",
                "Chubut",
                "Catamarca",
                "Neuquén",
                "Chaco",
                "Formosa",
                "Jujuy",
                "Entre Ríos",
                "Tierra del Fuego",
                "Santa Fe",
                "City of Buenos Aires",
                "Salta",
                "Misiones"
            ]
        },
        "Education": {
            "probs": [
                0.08978763595801835,
                0.48070932908131236,
                0.31728639166700706,
                0.11221664329366227
            ],
            "uniqVals": [
                "University completed",
                "Primary completed",
                "Secondary completed",
                "Less than primary completed"
            ]
        },
        "Age": {
            "probs": [
                0.016629651071583894,
                0.016699703610988447,
                0.016733401182541355,
                0.01673496435683473,
                0.016762476224398137,
                0.016679605655787907,
                0.01658503361103869,
                0.016482400053147928,
                0.016375255620867706,
                0.016261523525493978,
                0.016139082316200017,
                0.016040066390245345,
                0.015979482220846383,
                0.015943819515896088,
                0.015908380121559134,
                0.015882721732086443,
                0.01584071700571731,
                0.015768275042750027,
                0.01568122856567035,
                0.01559683948488941,
                0.015496684674806712,
                0.015460307375893732,
                0.015524151880247453,
                0.015643131775034656,
                0.015744581786674722,
                0.015853713683413664,
                0.015867469617195366,
                0.015730580211218346,
                0.015494786534593326,
                0.015272681798566013,
                0.015048611929141309,
                0.014826172227193988,
                0.01462074879398312,
                0.014431560042362025,
                0.014221715059007038,
                0.013973505312280355,
                0.013828777703775122,
                0.013846396911167598,
                0.013952290804013117,
                0.014032794280121951,
                0.014133619022044666,
                0.014060283816624025,
                0.013711829935569306,
                0.013187518946509854,
                0.01268904499541376,
                0.01217793166360266,
                0.011721507100998368,
                0.011374214435133014,
                0.01110235609445369,
                0.010809774528856479,
                0.010506295405328303,
                0.010258018665417618,
                0.01008522091281563,
                0.009961238860289625,
                0.009841455047294397,
                0.009737392301478262,
                0.009600257253826568,
                0.00940209141554923,
                0.009165225847980185,
                0.008937404360251382,
                0.008706121558015818,
                0.008487165501636588,
                0.008292326991498008,
                0.008109524923418416,
                0.007915043710261178,
                0.0077136621991517555,
                0.007494728473833859,
                0.007250515987085948,
                0.006986183214076162,
                0.006718768754602292,
                0.006449724127651046,
                0.006156383305968479,
                0.005830707107474374,
                0.0054848659605957265,
                0.005139315117514419,
                0.004790414615233022,
                0.004456676903597367,
                0.004149535486010427,
                0.003862000740274684,
                0.003575202919562959,
                0.003292491683075345,
                0.003021615909094716,
                0.002764339751466453,
                0.002518899056345176,
                0.0022830383865361566,
                0.002058946186050121,
                0.0018379580030895026,
                0.0016161659019208624,
                0.0013985943713443357,
                0.0011772935535250418,
                0.0010019947220536538,
                0.0008616440015698737,
                0.0006947193180987111,
                0.000502002258786854,
                0.00036455457627648536,
                0.0003009557135974391,
                0.00024624461332929887,
                0.0001811049074182111,
                0.00010558125798684366,
                5.89986640442557e-05,
                8.60192482583168e-05
            ],