{
    "avail_var": [
        "Home location",
        "Age",
        "Sex",
        "Education",
        "Employment"
    ],
    "marginals": {
        "Employment": {
            "probs": [
                0.059126389206159986,
                0.94087361079384
            ],
            "uniqVals": [
                "Unemployed",
                "Employed"
            ]
        },
        "Home location": {
            "probs": [
                0.40981222425779995,
                0.007078465218095092,
                0.015176568298339382,
                0.010456582942396512,
                0.016028283604555996,
                0.008006829859151805,
                0.031588098577095866,
                0.020365526558238114,
                0.007964975288153594,
                0.08267992296741848,
                0.04175220379444464,
                0.017298544620754724,
                0.012997104974793967,
                0.008198957468191787,
                0.01393555505464543,
                0.021901538886678496,
                0.010625514042208569,
                0.015165474315665157,
                0.028762158626806995,
                0.0035172967796689657,
                0.08109600480470304,
                0.08677965383748425,
                0.026143978715689967,
                0.022668536507019214
            ],
            "uniqVals": [
                "Buenos Aires province",
                "Santa Cruz",
                "San Juan",
                "San Luis",
                "Río Negro",
                "La Pampa",
                "Tucumán",
                "Corrientes",
                "La Rioja",
                "Córdoba",
                "Mendoza",
                "Santiago del Estero",
                "Chubut",
                "Catamarca",
                "Neuquén",
                "Chaco",
                "Formosa",
                "Jujuy",
                "Entre Ríos",
                "Tierra del Fuego",
                "Santa Fe",
                "City of Buenos Aires",
                "Salta",
                "Misiones"
            ]
        },
        "Education": {
            "probs": [
                0.08978763595801835,
                0.48070932908131236,
                0.31728639166700706,
                0.11221664329366227
            ],
            "uniqVals": [
                "University completed",
                "Primary completed",
                "Secondary completed",
                "Less than primary completed"
            ]
        },
        "Age": {
            "probs": [
                0.004344302760838443,
                1.3111070433174638e-5,
                0.0001230423532959466,
                8.925613333353504e-5,
                0.021363984998918336,
                0.01833230209721657,
                0.00034340919096122804,
                0.024896914208719166,
                0.014864928239581616,
                0.019271760720947505,
                0.025933193044879697,
                0.013285044252384071,
                0.005682640488901731,
                0.012468123710009344,
                2.6222140866349276e-5,
                0.0020433098998162936,
                1.6136702071599556e-5,
                0.01380091444673552,
                0.022616596497226252,
                8.976040527327252e-5,
                0.007281182537869562,
                0.026243320287818252,
                0.0013418676316414506,
                0.0037588430388032215,
                0.016018702437700982,
                0.025246374662957243,
                0.01746142445728993,
                0.0038284325664869946,
                1.3111070433174638e-5,
                0.0244682830599423,
                0.02418942067726747,
                0.0004946907728824738,
                0.007252439037304525,
                0.01216001355482974,
                0.007885804593614808,
                0.017257698593635986,
                0.018339361904372894,
                0.0004195542538615884,
                0.022210657585737575,
                2.1683693408711904e-5,
                0.019040804172547738,
                0.00014018759924702115,
                0.0002763410229761424,
                0.005098189310745985,
                4.538447457637375e-6,
                3.98374832392614e-5,
                3.27776760829366e-5,
                0.027361795450155997,
                1.5128158192124583e-5,
                0.01528700385314189,
                0.018369113948817406,
                0.01782903870135856,
                0.025567091616630285,
                0.0009560995977422737,
                0.02130498518196905,
                0.0014391921160107853,
                0.0006116818629015706,
                6.858098380429812e-5,
                0.018393319001924806,
                2.6726412806086763e-5,
                0.0018985838531116353,
                0.012255320951440125,
                0.023905515575195265,
                3.126486026372414e-5,
                1.4119614312649611e-5,
                0.0002173412060268565,
                2.5213596986874307e-5,
                0.010227139209815956,
                0.0011845347864433548,
                0.02197566686181991,
                0.002948982303584819,
                0.01781491908704591,
                0.022360930623779345,
                0.0015834138907757063,
                0.00011547827419988432,
                1.159825461396218e-5,
                0.0007664933484009789,
                6.555535216587319e-6,
                0.009506030335991351,
                0.009627559873468085,
                0.022613570865587827,
                2.9752044444511682e-5,
                0.021213711960876565,
                0.016321769873483213,
                0.0235979096919554,
                0.00017246100339022026,
                0.025196956012862967,
                0.002319146650852699,
                2.9247772504774196e-5,
                5.597418531086096e-5,
                0.01589717290022425,
                0.0025970004896480534,
                0.0263824993431858,
                2.5213596986874307e-5,
                0.0245933425009972,
                0.008735502812072473,
                0.02479353846107298,
                0.014311741921689594,
                5.042719397374861e-6,
                0.01965853729872616,
                0.0076129934742168275
            ],