{
    "avail_var": [
        "Home location",
        "Age",
        "Sex",
        "Marital status",
        "Religion",
        "Education",
        "Employment"
    ],
    "marginals": {
        "Employment": {
            "probs": [
                0.2263248517313947,
                0.7736751482686053
            ],
            "uniqVals": [
                "Unemployed",
                "Employed"
            ]
        },
        "Home location": {
            "probs": [
                0.0822136539565275,
                0.07433297523215258,
                0.019455195655693074,
                0.04643051610719489,
                0.09436211387617548,
                0.04439964091772012,
                0.04676899530544069,
                0.09879913467057144,
                0.32898706420803225,
                0.07651101529042986,
                0.0877396947800621
            ],
            "uniqVals": [
                "Kotayk",
                "Lori",
                "Vayots Dzor",
                "Aragatsotn",
                "Ararat",
                "Tavush",
                "Syunik",
                "Armavir",
                "Yerevan",
                "Shirak",
                "Gegharkunik"
            ]
        },
        "Education": {
            "probs": [
                0.28073170372768613,
                0.06726906152963165,
                0.6380038557195626,
                0.0139953790231196
            ],
            "uniqVals": [
                "University completed",
                "Primary completed",
                "Secondary completed",
                "Less than primary completed"
            ]
        },
        "Religion": {
            "probs": [
                0.013671616311754058,
                0.00022810554664390518,
                0.974238789716119,
                0.011861488425483069
            ],
            "uniqVals": [
                "Other",
                "Muslim",
                "Christian",
                "No religion"
            ]
        },
        "Age": {
            "probs": [
                0.0018174861297111154,
                0.018454474547835942,
                0.020801754205236125,
                0.02790245912495769,
                0.019138791187767658,
                0.017681858986622712,
                0.024892937557946165,
                0.014929875940015599,
                0.0028108489941281217,
                0.014767994584332828,
                0.003620255772541979,
                0.017115274241733012,
                0.018623714146958837,
                0.02397315712793042,
                0.0034289414430987036,
                0.025025385939868434,
                0.00952156701152301,
                0.02210416329413842,
                0.0031125369751732867,
                0.028572059278009154,
                0.021463996114847464,
                0.007409751144206855,
                0.006129416785624935,
                0.004863798913923269,
                0.023848066989448278,
                0.018954835101764506,
                0.018410325087195183,
                0.020176303512825417,
                0.0018322026165913674,
                0.02534914865123398,
                0.021824550043413635,
                0.022736972229989258,
                0.02263395682182749,
                0.025003311209548056,
                0.019087283483686775,
                0.019285956056570176,
                0.003083104001412783,
                0.013053523862783476,
                0.020374976085708818,
                0.011302261924033495,
                0.01860163941663846,
                0.0037894953716648763,
                0.019072566996806522,
                0.023693543877205632,
                0.00639431354946947,
                0.009080072405115451,
                0.024620682550661507,
                0.011081514620829715,
                0.02610704772556695,
                0.023906932936969286,
                0.026688348957336905,
                0.0037747788847846244,
                0.023215258053597445,
                0.004186840517431679,
                0.025702344336360025,
                0.026791364365498668,
                0.006902032346838163,
                0.027306441406307485,
                0.018447116304395814,
                0.007211078571323454,
                0.01830730967903342
            ],
            "uniqVals": [
                68,
                39,
                46,
                25,
                55,
                42,
                29,
                58,
                66,
                59,
                74,
                57,
                20,
                31,
                70,
                52,
                18,
                33,
                69,
                26,
                35,
                17,
                64,
                65,
                49,
                44,
                37,
                45,
                67,
                30,
                54,
                47,
                32,
                50,
                40,
                43,
                75,
                60,
                34,
                61,
                38,
                71,
                36,
                48,
                16,
                62,
                21,
                19,
                51,
                22,
                24,
                73,
                53,
                72,
                28,
                23,
                63,
                27,
                56,
                15,
                41
            ]
        },
        "Marital status": {
            "probs": [
                0.04780650763049845,
                0.6703654103692367,
                0.029867110123471326,
                0.25196097187679356
            ],
            "uniqVals": [
                "Widowed",
                "Married/in union",
                "Separated/divorced/spouse absent",
                "Single/never married"
            ]
        },
        "Sex": {
            "probs": [
                0.45742520345543114,
                0.5425747965445689
            ],
            "uniqVals": [
                "Female",
                "Male"
            ]
        }
    },
    "pop_num": 2963000,