{
    "avail_var": [
        "Home location",
        "Age",
        "Sex",
        "Marital status",
        "Religion",
        "Education",
        "Employment"
    ],
    "marginals": {
        "Employment": {
            "probs": [
                0.2263248517313947,
                0.7736751482686053
            ],
            "uniqVals": [
                "Unemployed",
                "Employed"
            ]
        },
        "Home location": {
            "probs": [
                0.0822136539565275,
                0.07433297523215258,
                0.019455195655693074,
                0.04643051610719489,
                0.09436211387617548,
                0.04439964091772012,
                0.04676899530544069,
                0.09879913467057144,
                0.32898706420803225,
                0.07651101529042986,
                0.0877396947800621
            ],
            "uniqVals": [
                "Kotayk",
                "Lori",
                "Vayots Dzor",
                "Aragatsotn",
                "Ararat",
                "Tavush",
                "Syunik",
                "Armavir",
                "Yerevan",
                "Shirak",
                "Gegharkunik"
            ]
        },
        "Education": {
            "probs": [
                0.28073170372768613,
                0.06726906152963165,
                0.6380038557195626,
                0.0139953790231196
            ],
            "uniqVals": [
                "University completed",
                "Primary completed",
                "Secondary completed",
                "Less than primary completed"
            ]
        },
        "Religion": {
            "probs": [
                0.013671616311754058,
                0.00022810554664390518,
                0.974238789716119,
                0.011861488425483069
            ],
            "uniqVals": [
                "Other",
                "Muslim",
                "Christian",
                "No religion"
            ]
        },
        "Age": {
            "probs": [
                0.013396431314847072,
                0.013874162870960416,
                0.014226122212725444,
                0.014462114163303726,
                0.014493895314241204,
                0.0145719958021833,
                0.014559148102868149,
                0.014464142747406119,
                0.014297460753659567,
                0.0140837832282076,
                0.013847791277629317,
                0.013524570210648176,
                0.013093157991539454,
                0.012609340683118937,
                0.012155952136234301,
                0.01172656850122797,
                0.011414166549459585,
                0.01127689902519772,
                0.011289408627162472,
                0.011330994601261512,
                0.011379680619718922,
                0.011693434960888899,
                0.012373686829891054,
                0.013288916357420293,
                0.014182845751874413,
                0.01507812753573013,
                0.015909847017710893,
                0.016611399019788163,
                0.01718819309956832,
                0.017739291780718175,
                0.01827720466520248,
                0.018510829934327972,
                0.018315071568447135,
                0.01781773036601067,
                0.017290298499388724,
                0.016699980525592618,
                0.01606773848034708,
                0.01543820121390473,
                0.014811706823615966,
                0.01415038840623614,
                0.013468446050481992,
                0.012851080288653996,
                0.012339538997500786,
                0.011916579212152032,
                0.011528105356543944,
                0.01118933181144446,
                0.010933392117192658,
                0.010772457778402883,
                0.010704500210972748,
                0.01067339525473607,
                0.01064229029849939,
                0.01083466769087624,
                0.011340123229722273,
                0.012031870408637985,
                0.012679664932001863,
                0.0133125831719482,
                0.01380316242737669,
                0.01406011641367969,
                0.014120973936751454,
                0.014161207521448897,
                0.01419907442469355,
                0.013901548756342707,
                0.013136096355040087,
                0.012065342046327454,
                0.01097599238334289,
                0.009801104090707464,
                0.008790193013015396,
                0.008092698179142911,
                0.007596033171407243,
                0.007068939402135694,
                0.006595603111577536,
                0.006024894784104557,
                0.005271275790065889,
                0.004444965865691504,
                0.0036741039067825043,
                0.0028535416373648963,
                0.0024647296844064097,
                0.002735207564725357,
                0.0034022736370619617,
                0.004023696567094744,
                0.004743167728743144,
                0.005029198087180431,
                0.004589671531662141,
                0.0036957421372080194,
                0.0028998609743695163,
                0.00207659392614872,
                0.001452804314663147,
                0.0011917931601553625,
                0.0011644072747730692,
                0.001103549751701306,
                0.0010345778922199744,
                0.0009108342619740559,
                0.0007174425775460083,
                0.00046758863560138056,
                0.0002741969511733331,
                0.00018899641887286462,
                0.00014943902887621852,
                0.00010920544417877508,
                6.93099568317303e-05,
                3.989548734704476e-05,
                8.824340845405664e-05
            ],
            "uniqVals": [
                0,
                1,
                2,
                3,
                4,
                5,
                6,
                7,
                8,
                9,
                10,
                11,
                12,
                13,
                14,
                15,
                16,
                17,
                18,
                19,
                20,
                21,
                22,
                23,
                24,
                25,
                26,
                27,
                28,
                29,
                30,
                31,
                32,
                33,
                34,
                35,
                36,
                37,
                38,
                39,
                40,
                41,
                42,
                43,
                44,
                45,
                46,
                47,
                48,
                49,
                50,
                51,
                52,
                53,
                54,
                55,
                56,
                57,
                58,
                59,
                60,
                61,
                62,
                63,
                64,
                65,
                66,
                67,
                68,
                69,
                70,
                71,
                72,
                73,
                74,
                75,
                76,
                77,
                78,
                79,
                80,
                81,
                82,
                83,
                84,
                85,
                86,
                87,
                88,
                89,
                90,
                91,
                92,
                93,
                94,
                95,
                96,
                97,
                98,
                99,
                100
            ]
        },