{
    "avail_var": [
        "Home location",
        "Age",
        "Sex",
        "Marital status",
        "Education",
        "Employment"
    ],
    "marginals": {
        "Employment": {
            "probs": [
                0.060038283924266245,
                0.9399617160757338
            ],
            "uniqVals": [
                "Unemployed",
                "Employed"
            ]
        },
        "Home location": {
            "probs": [
                0.17239715002659256,
                0.06449927485467806,
                0.14331401955432263,
                0.1992310413742851,
                0.085499202222998,
                0.03349491929683162,
                0.06419234743247011,
                0.04463099592091113,
                0.19274104931691077
            ],
            "uniqVals": [
                "Oberösterreich",
                "Kärnten",
                "Steiermark",
                "Wien",
                "Tirol",
                "Burgenland",
                "Salzburg",
                "Vorarlberg",
                "Niederösterreich"
            ]
        },
        "Education": {
            "probs": [
                0.1855973721389561,
                0.1901755109404397,
                0.6242271169206042
            ],
            "uniqVals": [
                "University completed",
                "Primary completed",
                "Secondary completed"
            ]
        },
        "Age": {
            "probs": [
                0.0014479476864466942,
                1.874365937147824e-5,
                0.025170391578473846,
                0.03019369229003001,
                7.263168006447819e-5,
                0.02014474790949624,
                0.02017754931339633,
                0.02906907272774132,
                0.02260953911684563,
                0.01279723343587677,
                0.0014034314954394333,
                0.011232137878358337,
                0.000447504867494043,
                4.68591484286956e-6,
                0.014734859223403333,
                0.016862264562066114,
                1.874365937147824e-5,
                0.021911337805258065,
                0.0002694401034649997,
                0.0013706300915393465,
                0.024626825456700974,
                0.0129542115831129,
                0.021529435745564197,
                0.0014104603677037378,
                2.34295742143478e-6,
                0.020728144307433503,
                0.02193945329431528,
                0.00011949082849317379,
                0.001663499769218694,
                0.01027855420783438,
                0.0029521263510078233,
                0.028527849563389884,
                0.02967824165731436,
                9.840421170026077e-5,
                0.02312030383471841,
                0.02944863183001375,
                4.6859148428695604e-5,
                0.001534637111039781,
                4.68591484286956e-6,
                0.023312426343276064,
                0.02193711033689385,
                0.029708700103793013,
                0.027272024385500842,
                0.021559894192042846,
                0.000213209125350565,
                0.026426216756362888,
                0.0002858408054150432,
                0.00012886265817891292,
                1.1714787107173901e-5,
                0.02931508325699197,
                0.0003701872725866953,
                0.006780518777632254,
                0.020878093582405326,
                3.51443613215217e-5,
                0.005393487984142864,
                0.00024366757182921715,
                0.02373650163655576,
                0.0011222766048672598,
                0.02917216285428445,
                0.022796975710560413,
                0.0003350429112651736,
                0.00019680842340052154,
                0.008071488316842818,
                0.003973655786753388,
                0.01749252010843207,
                0.01579621893531329,
                0.02595293935723306,
                0.018406273502791635,
                1.874365937147824e-5,
                0.01920756494092233,
                0.0005388802069299994,
                2.34295742143478e-6,
                0.023059386941761108,
                0.0008692372033523034,
                0.022112832143501456,
                0.019043557921421893,
                0.0034230607927162138,
                0.02160909629789298,
                0.01734491379088168,
                0.026482447734477322,
                0.004742145820983995
            ],
            "uniqVals": [
                68,
                89,
                39,
                46,
                85,
                25,
                55,
                42,
                29,
                58,
                66,
                59,
                74,
                95,
                57,
                20,
                90,
                31,
                78,
                70,
                52,
                18,
                33,
                69,
                96,
                26,
                35,
                83,
                65,
                17,
                64,
                49,
                44,
                84,
                37,
                45,
                86,
                67,
                93,
                30,
                54,
                47,
                50,
                32,
                80,
                40,
                77,
                82,
                91,
                43,
                75,
                60,
                34,
                87,
                61,
                79,
                38,
                71,
                48,
                36,
                76,
                81,
                16,
                62,
                21,
                19,
                51,
                22,
                88,
                24,
                73,
                92,
                53,
                72,
                28,
                23,
                63,
                27,
                56,
                41,
                15
            ]
        },
        "Marital status": {
            "probs": [
                0.011337570962322902,
                0.49173990361073167,
                0.09881422924901186,
                0.3981082961779336
            ],
            "uniqVals": [
                "Widowed",
                "Married/in union",
                "Separated/divorced/spouse absent",
                "Single/never married"
            ]
        },
        "Sex": {
            "probs": [
                0.4691444222384147,
                0.5308555777615853
            ],
            "uniqVals": [
                "Female",
                "Male"
            ]
        }
    },
    "pop_num": 9006000,