{
    "avail_var": [
        "Home location",
        "Age",
        "Sex",
        "Marital status",
        "Education",
        "Employment"
    ],
    "marginals": {
        "Employment": {
            "probs": [
                0.060038283924266245,
                0.9399617160757338
            ],
            "uniqVals": [
                "Unemployed",
                "Employed"
            ]
        },
        "Home location": {
            "probs": [
                0.17239715002659256,
                0.06449927485467806,
                0.14331401955432263,
                0.1992310413742851,
                0.085499202222998,
                0.03349491929683162,
                0.06419234743247011,
                0.04463099592091113,
                0.19274104931691077
            ],
            "uniqVals": [
                "Oberösterreich",
                "Kärnten",
                "Steiermark",
                "Wien",
                "Tirol",
                "Burgenland",
                "Salzburg",
                "Vorarlberg",
                "Niederösterreich"
            ]
        },
        "Education": {
            "probs": [
                0.1855973721389561,
                0.1901755109404397,
                0.6242271169206042
            ],
            "uniqVals": [
                "University completed",
                "Primary completed",
                "Secondary completed"
            ]
        },
        "Age": {
            "probs": [
                0.01018256842910214,
                0.010018304636862001,
                0.009868892703471582,
                0.009735225973824101,
                0.009588494075113332,
                0.009502844633476224,
                0.009432047050688836,
                0.009377776348425949,
                0.009341819216473994,
                0.009324063986721321,
                0.009324287322944625,
                0.009353991040644067,
                0.009418981881625548,
                0.009515016457646295,
                0.009635394682007185,
                0.00978514161973256,
                0.009950298756865913,
                0.01012427767481978,
                0.010316570163084576,
                0.01052014113062623,
                0.010709641916099728,
                0.011011815826230124,
                0.011480375222722048,
                0.012042065824331765,
                0.012582762820950904,
                0.013140433370541148,
                0.013542326904376808,
                0.013695870557898351,
                0.013683922069951584,
                0.013673313599344641,
                0.013619601237640016,
                0.013608992767033073,
                0.013697657247684784,
                0.013833110667118698,
                0.013936180334173523,
                0.014058233580209195,
                0.01401948474546594,
                0.013733949383971695,
                0.0133081588742425,
                0.012925360587499336,
                0.012538318912513394,
                0.012329834548059053,
                0.012406215536429042,
                0.01268158909976295,
                0.012933065687203324,
                0.01316745705356094,
                0.013526358364410568,
                0.01404539174736921,
                0.014648511218401833,
                0.015229297067104047,
                0.01581521964894226,
                0.01621510315676818,
                0.016324761242410477,
                0.01622236158402556,
                0.01610287670455789,
                0.01594240962811392,
                0.01567228446602766,
                0.01528267442447372,
                0.014801273195141811,
                0.014285143183086121,
                0.013746456212476723,
                0.013156066906172431,
                0.012513081919280035,
                0.01185089001718349,
                0.011191154813543287,
                0.010515116065601888,
                0.009993737652298555,
                0.009710100648702393,
                0.009588717411336635,
                0.009449243939883249,
                0.009302288704949174,
                0.009213847560520766,
                0.009190173920850536,
                0.009191290601967056,
                0.00918928057595732,
                0.009212284206957638,
                0.009047350406047587,
                0.008592302851065558,
                0.007946526161381862,
                0.007317164684111012,
                0.006670941321980706,
                0.006046939914069155,
                0.005488152683362389,
                0.004976824400107737,
                0.004447964223323717,
                0.003909277252714317,
                0.0034340177695232708,
                0.003050437805998543,
                0.0027324070240135573,
                0.002408011159664406,
                0.002183446587132171,
                0.001935096706818053,
                0.0015980823458522219,
                0.0011799969358270164,
                0.0008830714269442647,
                0.0007666015864911959,
                0.0006371782450864914,
                0.0004608542967879337,
                0.00023796474593047897,
                0.00012171824170071428,
                0.00012439827638036305
            ],
            "uniqVals": [
                0,
                1,
                2,
                3,
                4,
                5,
                6,
                7,
                8,
                9,
                10,
                11,
                12,
                13,
                14,
                15,
                16,
                17,
                18,
                19,
                20,
                21,
                22,
                23,
                24,
                25,
                26,
                27,
                28,
                29,
                30,
                31,
                32,
                33,
                34,
                35,
                36,
                37,
                38,
                39,
                40,
                41,
                42,
                43,
                44,
                45,
                46,
                47,
                48,
                49,
                50,
                51,
                52,
                53,
                54,
                55,
                56,
                57,
                58,
                59,
                60,
                61,
                62,
                63,
                64,
                65,
                66,
                67,
                68,
                69,
                70,
                71,
                72,
                73,
                74,
                75,
                76,
                77,
                78,
                79,
                80,
                81,
                82,
                83,
                84,
                85,
                86,
                87,
                88,
                89,
                90,
                91,
                92,
                93,
                94,
                95,
                96,
                97,
                98,
                99,
                100
            ]
        },
        "Marital status": {
            "probs": [
                0.011337570962322902,
                0.49173990361073167,
                0.09881422924901186,
                0.3981082961779336
            ],
            "uniqVals": [
                "Widowed",
                "Married/in union",
                "Separated/divorced/spouse absent",
                "Single/never married"
            ]
        },
        "Sex": {
            "probs": [
                0.4691444222384147,
                0.5308555777615853
            ],