{
    "avail_var": [
        "Home location",
        "Age",
        "Sex",
        "Marital status",
        "Education",
        "Employment",
        "Number of occupants",
        "House type"
    ],
    "marginals": {
        "Employment": {
            "probs": [
                0.17023,
                0.18199,
                0.00187,
                0.0336,
                0.07631,
                0.404,
                0.132
            ],
            "uniqVals": [
                "Below minimum working age",
                "Retired",
                "Never worked before",
                "Unemployed",
                "Student",
                "Employed",
                "Homemaker"
            ]
        },
        "Number of occupants": {
            "probs": [
                0.2192609250592597,
                0.13237707408983165,
                0.2716931056139711,
                0.04008387528110375,
                0.10506695840677485,
                0.016501549869324745,
                0.005520776352843453,
                0.007384671488482344,
                0.0020867521627261493,
                0.004284932838995927,
                0.19573937883668632
            ],
            "uniqVals": [
                "4",
                "1",
                "2",
                "6",
                "5",
                "7",
                "> 11",
                "8",
                "10",
                "9",
                "3"
            ]
        },
        "Marital status": {
            "probs": [
                0.40639933723315047,
                0.08060295618,
                0.0011416563109346426,
                0.0007375301831701674,
                0.023065498742157426,
                0.06493296557,
                0.42312005576940565
            ],
            "uniqVals": [
                "Married (opposite-sex)",
                "Divorced",
                "Married (same-sex)",
                "Partnership (same-sex)",
                "Partnership (opposite-sex)",
                "Widowed",
                "Single"
            ]
        },
        "House type": {
            "probs": [
                0.7616645393950444,
                0.011568305678802245,
                0.184657306671529,
                0.042109848254624285
            ],
            "uniqVals": [
                "Single story building",
                "Non-residential building",
                "Three+ stories building",
                "Two stories building"
            ]
        },
        "Age": {
            "probs": [
                0.01283,
                0.01329,
                0.0062,
                0.00709,
                0.01455,
                0.01149,
                0.01217,
                0.00803,
                0.01438,
                0.00971,
                0.01405,
                0.01402,
                0.01261,
                0.00737,
                0.01427,
                0.01273,
                0.01259,
                0.01443,
                0.01462,
                0.01143,
                0.00071,
                0.00281,
                0.00056,
                0.01241,
                0.01133,
                0.00679,
                0.00342,
                0.01259,
                0.01301,
                0.01225,
                0.01304,
                0.01407,
                0.01168,
                0.01335,
                0.00253,
                0.0108,
                0.01219,
                0.01426,
                0.00217,
                0.01422,
                0.01489,
                0.01308,
                0.00043,
                0.01335,
                0.00346,
                0.01163,
                0.00018,
                0.00851,
                0.01319,
                0.01449,
                0.01101,
                0.00847,
                0.00559,
                0.01126,
                0.00659,
                0.01236,
                0.01118,
                0.00457,
                0.00708,
                9.0e-5,
                0.00744,
                0.01079,
                0.01136,
                0.00036,
                0.01303,
                0.01124,
                0.01169,
                0.01323,
                0.00108,
                0.00702,
                0.01236,
                0.00027,
                0.01164,
                0.01206,
                0.01254,
                0.01165,
                0.0126,
                0.01079,
                0.01145,
                0.01184,
                0.00901,
                0.01136,
                0.01418,
                0.01519,
                0.01211,
                0.00859,
                0.0138,
                0.00516,
                0.01508,
                0.00801,
                0.0134,
                0.00017,
                0.01311,
                0.00953,
                0.00772,
                0.00039,
                0.00422,
                0.01432,
                0.01225,
                0.01304,
                0.01146
            ],
            "uniqVals": [
                "32",
                "29",
                "81",
                "78",
                "54",
                "1",
                "2",
                "74",
                "41",
                "65",
                "53",
                "51",
                "27",
                "75",
                "42",
                "33",
                "28",
                "50",
                "52",
                "63",
                "92",
                "88",
                "93",
                "26",
                "10",
                "77",
                "87",
                "24",
                "58",
                "25",
                "23",
                "49",
                "59",
                "31",
                "89",
                "5",
                "62",
                "43",
                "90",
                "39",
                "44",
                "34",
                "94",
                "55",
                "86",
                "17",
                "99",
                "71",
                "37",
                "47",
                "9",
                "73",
                "82",
                "12",
                "79",
                "20",
                "6",
                "84",
                "80",
                "98",
                "70",
                "14",
                "7",
                "96",
                "57",
                "8",
                "64",
                "19",
                "91",
                "69",
                "60",
                "97",
                "4",
                "0",
                "22",
                "11",
                "35",
                "13",
                "15",
                "61",
                "67",
                "16",
                "40",
                "46",
                "21",
                "72",
                "38",
                "83",
                "45",
                "68",
                "56",
                "100",
                "36",
                "66",
                "76",
                "95",
                "85",
                "48",
                "18",
                "30",
                "3"
            ]
        },
        "Education": {
            "probs": [
                0.3003372727522005,
                0.5646439441717623,
                0.13501878307603718
            ],
            "uniqVals": [
                "University completed",
                "Secondary completed",
                "Less than primary completed"
            ]
        },