{
    "avail_var": [
        "Home location",
        "Age",
        "Sex",
        "Marital status",
        "Education",
        "Employment",
        "Number of occupants",
        "House type"
    ],
    "marginals": {
        "Employment": {
            "probs": [
                0.17023,
                0.18199,
                0.00187,
                0.0336,
                0.07631,
                0.404,
                0.132
            ],
            "uniqVals": [
                "Below minimum working age",
                "Retired",
                "Never worked before",
                "Unemployed",
                "Student",
                "Employed",
                "Homemaker"
            ]
        },
        "Number of occupants": {
            "probs": [
                0.2192609250592597,
                0.13237707408983165,
                0.2716931056139711,
                0.04008387528110375,
                0.10506695840677485,
                0.016501549869324745,
                0.005520776352843453,
                0.007384671488482344,
                0.0020867521627261493,
                0.004284932838995927,
                0.19573937883668632
            ],
            "uniqVals": [
                "4",
                "1",
                "2",
                "6",
                "5",
                "7",
                "> 11",
                "8",
                "10",
                "9",
                "3"
            ]
        },
        "Marital status": {
            "probs": [
                0.40639933723315047,
                0.08060295618,
                0.0011416563109346426,
                0.0007375301831701674,
                0.023065498742157426,
                0.06493296557,
                0.42312005576940565
            ],
            "uniqVals": [
                "Married (opposite-sex)",
                "Divorced",
                "Married (same-sex)",
                "Partnership (same-sex)",
                "Partnership (opposite-sex)",
                "Widowed",
                "Single"
            ]
        },
        "House type": {
            "probs": [
                0.7616645393950444,
                0.011568305678802245,
                0.184657306671529,
                0.042109848254624285
            ],
            "uniqVals": [
                "Single story building",
                "Non-residential building",
                "Three+ stories building",
                "Two stories building"
            ]
        },
        "Age": {
            "probs": [
                0.010591866457365016,
                0.01085808651215851,
                0.011081496440953312,
                0.011264869369320186,
                0.011315045610116226,
                0.011455868393006665,
                0.011560293902780804,
                0.01163022866326855,
                0.01166801249917023,
                0.01168473791276891,
                0.011691410746173565,
                0.011645307533559586,
                0.01153065612324325,
                0.011376574333717585,
                0.011228992057248404,
                0.011080023217993841,
                0.010981837240753923,
                0.010965371807677503,
                0.011011908321161912,
                0.011056884951512767,
                0.011095795369677572,
                0.0112181595354876,
                0.011456561674399355,
                0.011765071894147024,
                0.01207150226971662,
                0.012397864485326093,
                0.012640859613464426,
                0.012744158540975443,
                0.012755771004303026,
                0.012778562630087753,
                0.012789741792544905,
                0.012815479864248571,
                0.01287856847098349,
                0.012960808976191505,
                0.01302684402884536,
                0.013090452596624795,
                0.013121563599121821,
                0.013104058243956362,
                0.0130578683711683,
                0.013017918030914457,
                0.01297597450665663,
                0.012962888820369578,
                0.012996859608611456,
                0.013063934583354348,
                0.01312693652991518,
                0.013187598651775675,
                0.013269405856113262,
                0.013378684335636241,
                0.013503301665972519,
                0.0136176930957666,
                0.013717958917184591,
                0.013817358136861722,
                0.013917190657409281,
                0.01400402415184388,
                0.014068845962060523,
                0.014120235445293772,
                0.014087477899489106,
                0.013936602536404639,
                0.013699673620452357,
                0.013450785600476146,
                0.013184998846553083,
                0.012881514916902427,
                0.012540853772568692,
                0.01217644774053528,
                0.011784743753664643,
                0.011346763233831856,
                0.01099136985990343,
                0.010776019327298667,
                0.010635023224060054,
                0.010473835300259306,
                0.010345838223133657,
                0.010032994994681667,
                0.009427760338862081,
                0.008649985276436423,
                0.007904794439467263,
                0.007125546154082137,
                0.006546222890314392,
                0.006295688327030539,
                0.006252618220509586,
                0.006168817832168014,
                0.006096369926631763,
                0.0059473144272031144,
                0.005653709757398309,
                0.00526425893505392,
                0.004905312493987951,
                0.004562484845302057,
                0.004179100235143717,
                0.0037431995594890037,
                0.003278007744993079,
                0.002775378735291819,
                0.0023544702697540568,
                0.002042060342172498,
                0.0016670817689005406,
                0.0012293612295900126,
                0.0009250973583725775,
                0.0007944138158502499,
                0.0006559308576601442,
                0.00047481109381951775,
                0.00025105452432837066,
                0.00013458325035621666,
                0.00015364848865522996
            ],