{
    "avail_var": [
        "Home location",
        "Age",
        "Sex",
        "Marital status",
        "Religion",
        "Education",
        "Employment"
    ],
    "marginals": {
        "Employment": {
            "probs": [
                0.02353810523659761,
                0.9764618947634024
            ],
            "uniqVals": [
                "Unemployed",
                "Employed"
            ]
        },
        "Home location": {
            "probs": [
                0.06751735469665703,
                0.10183024087808307,
                0.07493083653993457,
                0.06395780202879482,
                0.047860213212699045,
                0.09724637811761243,
                0.08408955053513444,
                0.07910918064204117,
                0.14154403482053546,
                0.07386747650244663,
                0.04357973848552298,
                0.12446719354053835
            ],
            "uniqVals": [
                "Plateau",
                "Borgou",
                "Couffo",
                "Atacora",
                "Mono",
                "Zou",
                "Alibori",
                "Littoral",
                "Atlantique",
                "Collines",
                "Donga",
                "Oueme"
            ]
        },
        "Education": {
            "probs": [
                0.015316589918505768,
                0.20796498721865267,
                0.04812154745920032,
                0.7285968754036413
            ],
            "uniqVals": [
                "University completed",
                "Primary completed",
                "Secondary completed",
                "Less than primary completed"
            ]
        },
        "Religion": {
            "probs": [
                0.1891218868933366,
                0.2569696642005125,
                0.4921344399486944,
                0.061774008957456585
            ],
            "uniqVals": [
                "Other",
                "Muslim",
                "Christian",
                "No religion"
            ]
        },
        "Age": {
            "probs": [
                0.0021267200749758943,
                0.0001351728861213492,
                0.007239259012276702,
                0.011991336919920579,
                0.007134124545293431,
                0.0008230526843833263,
                0.04961746073227658,
                0.011030107507502095,
                0.015202443925781075,
                0.017572475195775396,
                0.004661962650229644,
                0.001441844118627725,
                0.0027395038253926773,
                0.010681661845500396,
                0.0006037722246753598,
                0.00028236113989792947,
                0.0012556059199716437,
                0.03613621822310736,
                0.004352566933107444,
                0.011348514750365718,
                0.015067271039659725,
                0.0008981487322285203,
                0.009017533425250896,
                0.022285503158539773,
                0.024277050347394316,
                0.008149423112160454,
                0.00112644071767791,
                9.01152574142328e-5,
                0.020206844554184804,
                0.04677582628181444,
                0.0007089066916586314,
                0.01445749113115675,
                0.0061218298203402155,
                0.0018023051482846562,
                0.006587425316980418,
                0.007167166806345316,
                0.0002192804597079665,
                0.015586935690748467,
                0.02782759148951509,
                0.011450645375435182,
                0.00017722667291465786,
                0.001667132262163307,
                0.00021627661779415874,
                3.604610296569312e-5,
                0.05939496616172084,
                0.00874418381109439,
                0.0047100241208505676,
                0.026022282499316627,
                0.028527486655432296,
                0.004875235426109995,
                0.04287984331960577,
                0.0005587145959682434,
                0.0005316800187439736,
                0.00011714983463850264,
                0.010591546588086162,
                0.008353684362299382,
                0.013736569071842886,
                0.01853070076628007,
                0.013535311663617768,
                0.0026614039356336753,
                0.00020426125013892768,
                0.002267900644924859,
                0.00039650713262262435,
                0.020978831926033396,
                0.0007749912137624021,
                0.013604400027635346,
                0.010531469749810007,
                0.0005466992283130124,
                0.013508277086393497,
                0.0011054138242812556,
                0.0003604610296569312,
                0.01318386215970226,
                0.0030819418035667617,
                0.013943834163895623,
                0.014598671701105714,
                0.014394410450966786,
                0.005355850132319236,
                0.025148164502398568,
                0.010789800154397474,
                0.018662869810487613,
                0.00023429966927700528,
                0.0017692628872327707,
                0.00012916520229373367,
                0.009552217285908677,
                0.0012255675008335661,
                0.031122806068962203,
                0.022871252331732286,
                0.004043171215985245,
                0.024979949355225333,
                0.004079217318950938,
                0.000988263989642753,
                0.011249387967210062,
                0.02224945705557408
            ],
            "uniqVals": [
                68,
                89,
                11,
                39,
                46,
                85,
                25,
                55,
                42,
                29,
                58,
                66,
                59,
                8,
                74,
                95,
                90,
                20,
                57,
                14,
                31,
                78,
                70,
                33,
                18,
                52,
                69,
                96,
                26,
                35,
                83,
                17,
                65,
                64,
                49,
                44,
                84,
                37,
                45,
                13,
                86,
                67,
                93,
                94,
                30,
                47,
                54,
                32,
                50,
                80,
                40,
                77,
                82,
                91,
                7,
                9,
                43,
                60,
                34,
                75,
                87,
                61,
                79,
                38,
                71,
                36,
                48,
                76,
                12,
                98,
                81,
                16,
                62,
                21,
                10,
                19,
                51,
                22,
                6,
                24,
                88,
                73,
                92,
                53,
                72,
                28,
                23,
                63,
                27,
                56,
                97,
                41,
                15
            ]
        },
        "Marital status": {
            "probs": [
                0.030101499818267565,
                0.66248832256456,
                0.017218021849946082,
                0.2901921557672263
            ],