{
    "avail_var": [
        "Home location",
        "Age",
        "Sex",
        "Marital status",
        "Religion",
        "Education",
        "Employment"
    ],
    "marginals": {
        "Employment": {
            "probs": [
                0.02353810523659761,
                0.9764618947634024
            ],
            "uniqVals": [
                "Unemployed",
                "Employed"
            ]
        },
        "Home location": {
            "probs": [
                0.06751735469665703,
                0.10183024087808307,
                0.07493083653993457,
                0.06395780202879482,
                0.047860213212699045,
                0.09724637811761243,
                0.08408955053513444,
                0.07910918064204117,
                0.14154403482053546,
                0.07386747650244663,
                0.04357973848552298,
                0.12446719354053835
            ],
            "uniqVals": [
                "Plateau",
                "Borgou",
                "Couffo",
                "Atacora",
                "Mono",
                "Zou",
                "Alibori",
                "Littoral",
                "Atlantique",
                "Collines",
                "Donga",
                "Oueme"
            ]
        },
        "Education": {
            "probs": [
                0.015316589918505768,
                0.20796498721865267,
                0.04812154745920032,
                0.7285968754036413
            ],
            "uniqVals": [
                "University completed",
                "Primary completed",
                "Secondary completed",
                "Less than primary completed"
            ]
        },
        "Religion": {
            "probs": [
                0.1891218868933366,
                0.2569696642005125,
                0.4921344399486944,
                0.061774008957456585
            ],
            "uniqVals": [
                "Other",
                "Muslim",
                "Christian",
                "No religion"
            ]
        },
        "Age": {
            "probs": [
                0.03334657780414809,
                0.03252911516851195,
                0.03173139636972699,
                0.030952235082832173,
                0.03025594706821394,
                0.02950246124297537,
                0.02876549922969378,
                0.028043366278424877,
                0.027334367639224345,
                0.026640282799533708,
                0.0259629759842917,
                0.025283127044133238,
                0.024591923279347925,
                0.023898431602137792,
                0.023217565812012748,
                0.022543648496659352,
                0.02189591506794549,
                0.021284618763034214,
                0.020699082657276397,
                0.020118461326357064,
                0.019547754282611927,
                0.018974166163961463,
                0.01838964690817023,
                0.017800551827529366,
                0.01722348947149308,
                0.016658120890072504,
                0.01609232862116585,
                0.015522977377376155,
                0.014956168258502921,
                0.014400968176748184,
                0.01385475026969827,
                0.013333106236840796,
                0.012844425090400081,
                0.012382182043090542,
                0.011930615920430133,
                0.011491845159849239,
                0.011068835573750392,
                0.010661417687139161,
                0.01026832043755732,
                0.009889204875016004,
                0.009523986262018003,
                0.009169105623680267,
                0.008822698735064062,
                0.008485951921130405,
                0.008160051506840307,
                0.007842794317266172,
                0.007540789877190792,
                0.007257003999016707,
                0.00698677612039707,
                0.006723157766560227,
                0.006468013162444918,
                0.006211597495871378,
                0.005948487567017827,
                0.005682835513247817,
                0.005424894571724402,
                0.005173308942492135,
                0.004925282288142911,
                0.004680729871179515,
                0.0044406685415685305,
                0.004205860936784895,
                0.003975883369342533,
                0.0037559048265715777,
                0.003548128483399628,
                0.0033506053773907306,
                0.0031589291586896907,
                0.0029745403647491674,
                0.0027933715957028263,
                0.002613389151617499,
                0.0024367962074207847,
                0.002266389100520788,
                0.002098863068526112,
                0.0019470134735162699,
                0.0018166024653019015,
                0.0017002578816252755,
                0.0015875570103289077,
                0.0014835841012457174,
                0.0013661379301052924,
                0.001224372097264072,
                0.0010696414273489085,
                0.0009242318821274298,
                0.0007830592117667166,
                0.0006584103533629897,
                0.000558335369151704,
                0.00047681789683057187,
                0.00039902887438691357,
                0.000327086739251112,
                0.00026497415379228686,
                0.00021260638051322282,
                0.00016905130694455143,
                0.00012871625827006196,
                9.905813424470206e-05,
                7.92295598963186e-05,
                5.965519803958105e-05,
                4.025031117727415e-05,
                2.694652411446985e-05,
                2.101489930939787e-05,
                1.669328695141686e-05,
                1.186324961014396e-05,
                6.5247872855791775e-06,
                2.8810749053206763e-06,
                3.7284498774738156e-06
            ],