{
    "avail_var": [
        "Home location",
        "Age",
        "Sex",
        "Marital status",
        "Religion",
        "Education",
        "Employment"
    ],
    "marginals": {
        "Employment": {
            "probs": [
                0.021940308826579623,
                0.9780596911734204
            ],
            "uniqVals": [
                "Unemployed",
                "Employed"
            ]
        },
        "Home location": {
            "probs": [
                0.10548265001860845,
                0.09660355487430844,
                0.09591511608578418,
                0.05501626215984431,
                0.09048704102241986,
                0.04111803636074781,
                0.083923336162601,
                0.08361442132159654,
                0.05072381689293453,
                0.10248764708391746,
                0.09946175266512601,
                0.0379803441899738,
                0.05718602116213763
            ],
            "uniqVals": [
                "Boucle du Mouhoun",
                "Est",
                "Centre",
                "Sahel",
                "Centre-Ouest",
                "Sud-Ouest",
                "Nord",
                "Centre-Est",
                "Centre-Sud",
                "Centre-Nord",
                "Hauts-Bassins",
                "Cascades",
                "Plateau Central"
            ]
        },
        "Education": {
            "probs": [
                0.00818330124051374,
                0.06769648087155174,
                0.013961479790349795,
                0.9101587380975847
            ],
            "uniqVals": [
                "University completed",
                "Primary completed",
                "Secondary completed",
                "Less than primary completed"
            ]
        },
        "Religion": {
            "probs": [
                0.18177284756229414,
                0.5929487981006151,
                0.2216655217203909,
                0.003612832616699936
            ],
            "uniqVals": [
                "Other",
                "Muslim",
                "Christian",
                "No religion"
            ]
        },
        "Age": {
            "probs": [
                0.03526251141470046,
                0.03436380289668276,
                0.03350775879771568,
                0.032688867681889555,
                0.031895024073902836,
                0.031169630531544028,
                0.03045511223325695,
                0.02974649904487307,
                0.029038722413725473,
                0.028338228751458493,
                0.02765136605121806,
                0.02691583540352543,
                0.026103784373337182,
                0.025244443254674145,
                0.024396666309571543,
                0.023550660897439898,
                0.022725618625464607,
                0.02193743408113512,
                0.021178233784580502,
                0.020424397296187956,
                0.01968153447036552,
                0.01896047134193573,
                0.018264800186089693,
                0.017593143143849996,
                0.016940726918044897,
                0.016307797554920348,
                0.015702031697350516,
                0.01512657873728377,
                0.014578436910519325,
                0.014047124646978994,
                0.013529344926966828,
                0.013045618007396443,
                0.01260322685714845,
                0.012189869163924519,
                0.01178718987777554,
                0.011400552806863586,
                0.011000137146177499,
                0.01056994988972945,
                0.010122883860808094,
                0.009691663210126985,
                0.009273827475226462,
                0.008854859927594494,
                0.00843215247702383,
                0.008013086510893474,
                0.007603911603850976,
                0.007198968692239105,
                0.006835361549949625,
                0.006530953134439715,
                0.00626758523275704,
                0.006010319277974337,
                0.005767225586959311,
                0.005518128367542699,
                0.005249937959439078,
                0.004972889886480658,
                0.004709718821794755,
                0.004454962538720912,
                0.004213640380676845,
                0.00399023038933915,
                0.0037804021507788113,
                0.0035758885111313527,
                0.0033791991421056326,
                0.003183690795060552,
                0.002985426730060645,
                0.0027881960592937983,
                0.002598838868397883,
                0.0024150915319100076,
                0.002243203624477723,
                0.0020867182120429496,
                0.0019419938101653805,
                0.0018018458684627907,
                0.0016674554089158198,
                0.0015368540615567352,
                0.0014081718749161902,
                0.0012822454062304711,
                0.0011628145584382714,
                0.0010505190517791035,
                0.0009384695913659025,
                0.0008243041332373882,
                0.0007112704878403205,
                0.000605076928081125,
                0.0005041487579856153,
                0.0004148831799489236,
                0.0003407740506637761,
                0.0002789672336769598,
                0.000222228969357056,
                0.00017110055944519125,
                0.0001289282328865117,
                9.664696541569043e-05,
                7.233759631418784e-05,
                5.132524690863804e-05,
                3.7349820137733724e-05,
                2.7950853541808635e-05,
                1.9536071929750053e-05,
                1.1908638304784666e-05,
                6.643248641098884e-06,
                4.724087922559206e-06,
                3.5922751911127297e-06,
                2.4112532104729286e-06,
                1.0826034822531514e-06,
                2.952554951599504e-07,
                4.920924919332507e-08
            ],