{
    "avail_var": [
        "Home location",
        "Age",
        "Sex",
        "Marital status",
        "Religion",
        "Education",
        "Employment"
    ],
    "marginals": {
        "Employment": {
            "probs": [
                0.021940308826579623,
                0.9780596911734204
            ],
            "uniqVals": [
                "Unemployed",
                "Employed"
            ]
        },
        "Home location": {
            "probs": [
                0.10548265001860845,
                0.09660355487430844,
                0.09591511608578418,
                0.05501626215984431,
                0.09048704102241986,
                0.04111803636074781,
                0.083923336162601,
                0.08361442132159654,
                0.05072381689293453,
                0.10248764708391746,
                0.09946175266512601,
                0.0379803441899738,
                0.05718602116213763
            ],
            "uniqVals": [
                "Boucle du Mouhoun",
                "Est",
                "Centre",
                "Sahel",
                "Centre-Ouest",
                "Sud-Ouest",
                "Nord",
                "Centre-Est",
                "Centre-Sud",
                "Centre-Nord",
                "Hauts-Bassins",
                "Cascades",
                "Plateau Central"
            ]
        },
        "Education": {
            "probs": [
                0.00818330124051374,
                0.06769648087155174,
                0.013961479790349795,
                0.9101587380975847
            ],
            "uniqVals": [
                "University completed",
                "Primary completed",
                "Secondary completed",
                "Less than primary completed"
            ]
        },
        "Religion": {
            "probs": [
                0.18177284756229414,
                0.5929487981006151,
                0.2216655217203909,
                0.003612832616699936
            ],
            "uniqVals": [
                "Other",
                "Muslim",
                "Christian",
                "No religion"
            ]
        },
        "Age": {
            "probs": [
                0.002506623281293441,
                5.442785293888341e-5,
                0.01764492151356504,
                0.011547530961357695,
                0.011328348526549759,
                0.00037511087836257485,
                0.029627875298433803,
                0.007303629455177192,
                0.004408656088049556,
                0.011709343497121943,
                0.00537070516432063,
                0.01616360129979597,
                0.004429250410783187,
                0.017511058415796435,
                0.0012077099260222506,
                6.178296820089467e-5,
                0.00548838700851281,
                0.03423806154466247,
                0.0003103858640568756,
                0.0159885495565601,
                0.02308035169219137,
                0.0008340700707120781,
                0.005107392037940627,
                0.007228607279504677,
                0.026799097968664268,
                0.01477348451527584,
                0.0018240685849787953,
                4.265966851966537e-5,
                0.02310683010713461,
                0.02223892650621728,
                0.000248602895855981,
                0.0032627291302282,
                0.028512839824712893,
                0.00403942930189659,
                0.007168295334356185,
                0.00023830573448916517,
                0.009264503184029396,
                0.013986487182240633,
                0.014351300899236391,
                0.022458108941025214,
                0.0003339222328953117,
                0.002541927834551095,
                3.971762241486086e-5,
                2.5007391890838323e-5,
                0.030667888596482194,
                0.008943820158605705,
                0.006035607584006449,
                0.01570611313049887,
                0.01769052322818951,
                0.0007369825492535293,
                0.023100946014925,
                0.0014107111072537617,
                0.00036187167089095454,
                7.06091065153082e-5,
                0.02148870474949213,
                0.019691114579456576,
                0.010992955270602046,
                0.010113283485265497,
                0.013743768378594262,
                0.0016637270722669494,
                0.00013974718997821414,
                0.004093857154835474,
                0.0005648728521224656,
                0.014139473579690467,
                0.0018961487145465056,
                0.008870269005985592,
                0.016213616083577645,
                0.001632835588166502,
                0.024873528793069716,
                0.0005354523910744205,
                0.00026478414943240574,
                0.02557373576601319,
                0.003704036045948876,
                0.020831157445068322,
                0.024018864399624005,
                0.024749962856667928,
                0.006385711070478185,
                0.02452489632965038,
                0.021504886003068553,
                0.02001621067403747,
                0.0012371303870702959,
                9.414547535374427e-5,
                5.589887599128566e-5,
                0.006365116747744554,
                0.001534277043655551,
                0.021038571695457038,
                0.020064754434766748,
                0.021187145023749666,
                0.003147989332140824,
                0.02291265506421751,
                0.00743307948378859,
                1.4710230524022542e-5,
                0.028526079032184515,
                0.010653148945497124
            ],
            "uniqVals": [
                68,
                89,
                11,
                39,
                46,
                85,
                25,
                55,
                66,
                42,
                58,
                29,
                59,
                8,
                74,
                95,
                57,
                20,
                90,
                31,
                14,
                78,
                70,
                52,
                18,
                33,
                69,
                96,
                26,
                35,
                83,
                64,
                17,
                65,
                49,
                84,
                44,
                37,
                45,
                13,
                86,
                67,
                93,
                94,
                30,
                47,
                54,
                50,
                32,
                77,
                40,
                80,
                82,
                91,
                7,
                9,
                43,
                60,
                34,
                75,
                87,
                61,
                79,
                38,
                71,
                48,
                36,
                76,
                12,
                81,
                98,
                16,
                62,
                21,
                10,
                19,
                51,
                22,
                6,
                24,
                73,
                88,
                92,
                53,
                72,
                28,
                5,
                23,
                63,
                27,
                56,
                97,
                15,
                41
            ]
        },
        "Marital status": {
            "probs": [
                0.035194226528723935,
                0.5416218617561955,
                0.0071256356658365196,
                0.41605827604924395
            ],