{
    "avail_var": [
        "Home location",
        "Age",
        "Sex",
        "Marital status",
        "Religion",
        "Education",
        "Employment"
    ],
    "marginals": {
        "Employment": {
            "probs": [
                0.026035743465832588,
                0.9739642565341674
            ],
            "uniqVals": [
                "Unemployed",
                "Employed"
            ]
        },
        "Home location": {
            "probs": [
                0.1723998089742643,
                0.06159066084169683,
                0.10976502091236351,
                0.051409961689339125,
                0.368444787185678,
                0.23638976039665824
            ],
            "uniqVals": [
                "Chittagong",
                "Sylhet",
                "Khulna",
                "Barisal",
                "Dhaka",
                "Rajshahi, Rangpur"
            ]
        },
        "Education": {
            "probs": [
                0.055647026278883814,
                0.3351061169982168,
                0.12093433788525702,
                0.4883125188376424
            ],
            "uniqVals": [
                "University completed",
                "Primary completed",
                "Secondary completed",
                "Less than primary completed"
            ]
        },
        "Religion": {
            "probs": [
                0.001701523664207585,
                0.007177227750479285,
                0.09360123423544518,
                0.8939366761613736,
                0.0035833381884943236
            ],
            "uniqVals": [
                "Other",
                "Buddhist",
                "Hindu",
                "Muslim",
                "Christian"
            ]
        },
        "Age": {
            "probs": [
                0.017631760053638302,
                0.017624755902734372,
                0.0176453942282963,
                0.01769065748019734,
                0.01784094619626552,
                0.01788754035950295,
                0.017956158958726372,
                0.018043821243200843,
                0.018147564861887313,
                0.018258036636039286,
                0.018365840454286526,
                0.018500029436446814,
                0.0186704351533599,
                0.018854879838240666,
                0.01902583141279863,
                0.019194151830843647,
                0.019287720417700327,
                0.019269498585532577,
                0.01917161833660456,
                0.019067150996546236,
                0.018946185262502295,
                0.018802091110718677,
                0.01864042524935559,
                0.01846400283188493,
                0.018267837540719218,
                0.01805019980444435,
                0.017846466105033938,
                0.017672914040122854,
                0.01751492198470675,
                0.01733886756115398,
                0.017148216045524724,
                0.016949131335943713,
                0.016740257988146705,
                0.016517977395274407,
                0.01628262075185291,
                0.016037217874472893,
                0.01575304070461071,
                0.015416780128902503,
                0.015041616462840865,
                0.014663128585054246,
                0.01428514363228875,
                0.01387224832317898,
                0.01341394256460101,
                0.012932428656267817,
                0.012449080911577115,
                0.01194603322581512,
                0.011528102533262157,
                0.011245317607056009,
                0.01104544784378349,
                0.010825215750387468,
                0.010604045272500815,
                0.010339555777245995,
                0.009999829925477613,
                0.009604432727163733,
                0.009215377290701572,
                0.008832890545673832,
                0.008387887767227754,
                0.007856222421117482,
                0.007271541417902522,
                0.006699378341127945,
                0.0061359796528312254,
                0.005593961411164186,
                0.005089300685395419,
                0.004624334236903555,
                0.004171051595304846,
                0.003717811886329892,
                0.0033859427047085613,
                0.003227558122446701,
                0.003183969242872079,
                0.0031451029519104384,
                0.0031338607377187563,
                0.003082494920012627,
                0.0029464291688710777,
                0.002756599506325119,
                0.0025913027716388043,
                0.002438168235938908,
                0.0022728101689329437,
                0.0020919595579836146,
                0.0019023629582523227,
                0.001714459130543346,
                0.0015266289016179484,
                0.001351304332669004,
                0.001195869834982266,
                0.0010560934785019457,
                0.0009201197258398698,
                0.0007901442740394772,
                0.0006717422309568714,
                0.0005664653042791749,
                0.0004730071155978619,
                0.00038057930988665397,
                0.00030669839763733674,
                0.00025425313110538324,
                0.00019961216752999161,
                0.0001422664486580743,
                0.00010227777624685492,
                8.291516293363107e-05,
                6.699329275272225e-05,
                4.899839016767354e-05,
                2.893658841044984e-05,
                1.7804772394136475e-05,
                3.001603723627417e-05
            ],
            "uniqVals": [
                0,
                1,
                2,
                3,
                4,
                5,
                6,
                7,
                8,
                9,
                10,
                11,
                12,
                13,
                14,
                15,
                16,
                17,
                18,
                19,
                20,
                21,
                22,
                23,
                24,
                25,
                26,
                27,
                28,
                29,
                30,
                31,
                32,
                33,
                34,
                35,
                36,
                37,
                38,
                39,
                40,
                41,
                42,
                43,
                44,
                45,
                46,
                47,
                48,
                49,
                50,
                51,
                52,
                53,
                54,
                55,
                56,
                57,
                58,
                59,
                60,
                61,
                62,
                63,
                64,
                65,
                66,
                67,
                68,
                69,
                70,
                71,
                72,
                73,
                74,
                75,
                76,
                77,
                78,
                79,
                80,
                81,
                82,
                83,
                84,
                85,
                86,
                87,
                88,
                89,
                90,
                91,
                92,
                93,
                94,
                95,
                96,
                97,
                98,
                99,
                100
            ]
        },
        "Marital status": {
            "probs": [
                0.012675410849839733,
                0.7696859957124723,
                0.003918688363348933,
                0.21371990507433902
            ],