{
    "avail_var": [
        "Home location",
        "Age",
        "Sex",
        "Marital status",
        "Religion",
        "Education",
        "Employment"
    ],
    "marginals": {
        "Employment": {
            "probs": [
                0.026035743465832588,
                0.9739642565341674
            ],
            "uniqVals": [
                "Unemployed",
                "Employed"
            ]
        },
        "Home location": {
            "probs": [
                0.1723998089742643,
                0.06159066084169683,
                0.10976502091236351,
                0.051409961689339125,
                0.368444787185678,
                0.23638976039665824
            ],
            "uniqVals": [
                "Chittagong",
                "Sylhet",
                "Khulna",
                "Barisal",
                "Dhaka",
                "Rajshahi, Rangpur"
            ]
        },
        "Education": {
            "probs": [
                0.055647026278883814,
                0.3351061169982168,
                0.12093433788525702,
                0.4883125188376424
            ],
            "uniqVals": [
                "University completed",
                "Primary completed",
                "Secondary completed",
                "Less than primary completed"
            ]
        },
        "Religion": {
            "probs": [
                0.001701523664207585,
                0.007177227750479285,
                0.09360123423544518,
                0.8939366761613736,
                0.0035833381884943236
            ],
            "uniqVals": [
                "Other",
                "Buddhist",
                "Hindu",
                "Muslim",
                "Christian"
            ]
        },
        "Age": {
            "probs": [
                0.002109357187389182,
                8.028218960267656e-5,
                0.0020928419940994883,
                0.0086975430438694,
                0.007227690841086681,
                0.001075781340675866,
                0.05173934804439467,
                0.02660827016654196,
                0.017334989134379083,
                0.01271119376863407,
                0.005420194686603564,
                0.0016015149937311079,
                0.0027052804119256212,
                0.0009721026272461236,
                0.0007106120668259772,
                0.00023167146142486666,
                0.0036030646693681243,
                0.03171238240379556,
                0.0009230158027462013,
                0.010435767137609638,
                0.008142449047188036,
                0.0006968494057512326,
                0.016312882171894718,
                0.01246805342298025,
                0.026280260077593882,
                0.009166849786518189,
                0.001226711857128898,
                2.6607811411172804e-5,
                0.024386517913709032,
                0.06024283756711018,
                0.00023901154733139708,
                0.011445946460495886,
                0.015650898174199505,
                0.0019731068427492108,
                0.005422029708080196,
                0.006708838518568812,
                0.00016698695437356725,
                0.010227033444642679,
                0.047189412293084126,
                0.004941254081202453,
                0.00011468884228953795,
                0.0015528869246003438,
                0.00032112875841070626,
                2.6607811411172804e-5,
                2.4314034565382045e-5,
                0.06465422919693496,
                0.0040457636006057405,
                0.006353761862840402,
                0.04571864257956309,
                0.026587167419560687,
                0.004525162961376009,
                0.06284306299949859,
                0.0003995759265367502,
                0.00037434438123305183,
                5.688566577561082e-5,
                0.007976838358921942,
                0.0010601836581244888,
                0.005183476916117957,
                0.032249126185710596,
                0.009794427131526541,
                0.0010207306963768877,
                9.954991510731893e-5,
                0.0025502210971501656,
                0.0003670042953265214,
                0.02194731561589514,
                0.0010675237440310192,
                0.013493371673048718,
                0.012905706045157126,
                0.0005431663570832517,
                0.006148698212826709,
                0.00030507232049017095,
                4.4958026177498875e-5,
                0.012107471702821941,
                0.00417238008249339,
                0.012984611968652329,
                0.0030218216166447457,
                0.01273596655856861,
                0.0049518054546930906,
                0.03319095095859228,
                0.00012111141745775207,
                0.01998154885905246,
                0.0009271446010686247,
                7.018957148119722e-5,
                0.004716463950314958,
                0.0015556394568152928,
                0.036357280516521845,
                0.01785338270152779,
                0.002516731955201621,
                0.021858775829647615,
                0.004625171631852486,
                2.4772789934540196e-5,
                0.012948829049857993,
                0.00801491505456207
            ],
            "uniqVals": [
                68,
                89,
                11,
                39,
                46,
                85,
                25,
                55,
                42,
                29,
                58,
                66,
                59,
                8,
                74,
                95,
                57,
                20,
                90,
                31,
                14,
                78,
                70,
                33,
                18,
                52,
                69,
                96,
                26,
                35,
                83,
                17,
                65,
                64,
                49,
                44,
                84,
                37,
                45,
                13,
                86,
                67,
                99,
                93,
                94,
                30,
                54,
                47,
                50,
                32,
                80,
                40,
                77,
                82,
                91,
                43,
                7,
                75,
                60,
                34,
                9,
                87,
                61,
                79,
                38,
                71,
                48,
                36,
                76,
                12,
                81,
                98,
                16,
                62,
                21,
                10,
                19,
                51,
                22,
                88,
                24,
                73,
                92,
                53,
                72,
                28,
                23,
                63,
                27,
                56,
                97,
                15,
                41
            ]
        },
        "Marital status": {
            "probs": [
                0.012675410849839733,
                0.7696859957124723,
                0.003918688363348933,
                0.21371990507433902
            ],
            "uniqVals": [
                "Widowed",
                "Married/in union",
                "Separated/divorced/spouse absent",
                "Single/never married"
            ]
        },
        "Sex": {
            "probs": [
                0.10077295692149457,
                0.8992270430785054
            ],
            "uniqVals": [
                "Female",
                "Male"
            ]
        }
    },
    "pop_num": 164689000,