{
    "avail_var": [
        "Home location",
        "Age",
        "Sex",
        "Marital status",
        "Education",
        "Employment"
    ],
    "marginals": {
        "Employment": {
            "probs": [
                0.0594052958290882,
                0.9405947041709118
            ],
            "uniqVals": [
                "Unemployed",
                "Employed"
            ]
        },
        "Home location": {
            "probs": [
                0.14982301721512073,
                0.11114098753242933,
                0.3578938523427899,
                0.14073755081033956,
                0.112909765038285,
                0.12749482706103543
            ],
            "uniqVals": [
                "Gomel",
                "Grodno",
                "Minsk, Minsk City",
                "Brest",
                "Mogilev",
                "Vitebsk"
            ]
        },
        "Education": {
            "probs": [
                0.251200016805487,
                0.032869431869505396,
                0.7157225834234878,
                0.00020796790151984622
            ],
            "uniqVals": [
                "University completed",
                "Primary completed",
                "Secondary completed",
                "Less than primary completed"
            ]
        },
        "Age": {
            "probs": [
                0.009877482026010513,
                0.01119048064890125,
                0.012126855704191386,
                0.012727866515297847,
                0.012940722306874364,
                0.012885815668788773,
                0.012669574496829327,
                0.012325958387962266,
                0.011889350111701684,
                0.011357316425897357,
                0.010727212502125119,
                0.010217818547631614,
                0.00993736094153353,
                0.009809351245804112,
                0.009680706791252897,
                0.009619346771812351,
                0.009490596524124168,
                0.009223892025831723,
                0.008918361446272585,
                0.008697782755697516,
                0.00848217634255987,
                0.00865409019013037,
                0.009398344908689415,
                0.010515520435055234,
                0.011587416498799406,
                0.012657302492941218,
                0.013696191097951855,
                0.014634153050296491,
                0.015461878553922073,
                0.016284631780110234,
                0.017135102808183606,
                0.01757530805110105,
                0.017414608276048998,
                0.016855068374633388,
                0.016293201024204517,
                0.015654527856338,
                0.015109164235275897,
                0.014783109787145267,
                0.014599452901371492,
                0.014344491441282324,
                0.014049117002871966,
                0.013829173071118696,
                0.013717349725345149,
                0.01367513826369553,
                0.013665299501957648,
                0.013735546144903379,
                0.013671541297038672,
                0.013375849479217414,
                0.012969603833266207,
                0.01260313640681439,
                0.012164518060951446,
                0.012153621367843901,
                0.012807846126844491,
                0.01385540976908638,
                0.014818973660576896,
                0.015833424050948283,
                0.016426923549330123,
                0.016329276483910082,
                0.0157753436187537,
                0.015244579450592967,
                0.014610138008205105,
                0.014097252880191705,
                0.01385593873477121,
                0.013743269043901931,
                0.013535385529762837,
                0.013360932646905145,
                0.01277378073674129,
                0.0115562075233943,
                0.009969733641445266,
                0.008457738127920618,
                0.006887873768475317,
                0.005764773826439377,
                0.005370165425554481,
                0.005456069452771246,
                0.0054718326301792485,
                0.005503147398721321,
                0.0055413387211662125,
                0.005518910576129323,
                0.005446653863581232,
                0.005430044341077497,
                0.005479767115451733,
                0.005325203342343735,
                0.004852308020103658,
                0.004181262152325402,
                0.0035397325697607883,
                0.0028740821519678216,
                0.0023303054279602163,
                0.002001182978857559,
                0.0018136117470160253,
                0.0015917635387973585,
                0.0014439705264552136,
                0.0012528023279568205,
                0.0009819718973226826,
                0.000642693307071245,
                0.00038445225973611594,
                0.0002781301570848236,
                0.0002195207592054047,
                0.0001521305309577696,
                7.617105861585127e-05,
                3.681601166432811e-05,
                3.9672426362422536e-05
            ],
            "uniqVals": [
                0,
                1,
                2,
                3,
                4,
                5,
                6,
                7,
                8,
                9,
                10,
                11,
                12,
                13,
                14,
                15,
                16,
                17,
                18,
                19,
                20,
                21,
                22,
                23,
                24,
                25,
                26,
                27,
                28,
                29,
                30,
                31,
                32,
                33,
                34,
                35,
                36,
                37,
                38,
                39,
                40,
                41,
                42,
                43,
                44,
                45,
                46,
                47,
                48,
                49,
                50,
                51,
                52,
                53,
                54,
                55,
                56,
                57,
                58,
                59,
                60,
                61,
                62,
                63,
                64,
                65,
                66,
                67,
                68,
                69,
                70,
                71,
                72,
                73,
                74,
                75,
                76,
                77,
                78,
                79,
                80,
                81,
                82,
                83,
                84,
                85,
                86,
                87,
                88,
                89,
                90,
                91,
                92,
                93,
                94,
                95,
                96,
                97,
                98,
                99,
                100
            ]
        },
        "Marital status": {
            "probs": [
                0.034543678511033855,
                0.6789500772002058,
                0.10426124129528291,
                0.18224500299347737
            ],
            "uniqVals": [
                "Widowed",
                "Married/in union",
                "Separated/divorced/spouse absent",
                "Single/never married"
            ]
        },
        "Sex": {
            "probs": [
                0.4935645488251914,
                0.5064354511748086
            ],
            "uniqVals": [
                "Female",
                "Male"
            ]
        }
    },
    "pop_num": 9449000,