{
    "avail_var": [
        "Home location",
        "Age",
        "Sex",
        "Marital status",
        "Education",
        "Employment"
    ],
    "marginals": {
        "Employment": {
            "probs": [
                0.0594052958290882,
                0.9405947041709118
            ],
            "uniqVals": [
                "Unemployed",
                "Employed"
            ]
        },
        "Home location": {
            "probs": [
                0.14982301721512073,
                0.11114098753242933,
                0.3578938523427899,
                0.14073755081033956,
                0.112909765038285,
                0.12749482706103543
            ],
            "uniqVals": [
                "Gomel",
                "Grodno",
                "Minsk, Minsk City",
                "Brest",
                "Mogilev",
                "Vitebsk"
            ]
        },
        "Education": {
            "probs": [
                0.251200016805487,
                0.032869431869505396,
                0.7157225834234878,
                0.00020796790151984622
            ],
            "uniqVals": [
                "University completed",
                "Primary completed",
                "Secondary completed",
                "Less than primary completed"
            ]
        },
        "Age": {
            "probs": [
                0.0011910888905227557,
                0.02421460606888149,
                0.02730891636119193,
                2.520823048725409e-5,
                0.027659730902139548,
                0.017889440902454652,
                0.0242041026395118,
                0.02477969056897077,
                0.012255401388553362,
                0.000962114130263531,
                0.011139937189492369,
                0.00026048504836829225,
                0.013919144600712132,
                0.016280315523018264,
                0.02447719180312372,
                6.091989034419738e-5,
                0.0008129654332139443,
                0.023762958605984853,
                0.02547711827911813,
                0.005552112764817713,
                0.0010125305912380392,
                0.028151291396641003,
                0.024057054628336152,
                1.0503429369689203e-5,
                0.001464178054134675,
                0.0015650109760836912,
                0.0017561733906120349,
                0.029285661768567436,
                0.025529635425966576,
                1.4704801117564885e-5,
                0.024813301542953775,
                0.026338399487432648,
                0.0012478074091190775,
                0.024764985767853204,
                0.02817439894125432,
                0.02373564968962366,
                0.02368943460039703,
                0.028970558887476763,
                9.243017845326499e-5,
                0.02385328809856418,
                3.361097398300545e-5,
                1.4704801117564885e-5,
                0.02508008864894388,
                0.00012814183831020827,
                0.007570871889671978,
                0.0245759240391988,
                0.004860987112292163,
                5.881920447025954e-5,
                0.024483493860745532,
                0.0006091989034419738,
                0.029159620616131168,
                0.023958322392261075,
                0.00010503429369689204,
                2.940960223512977e-5,
                0.00027518984948585716,
                0.0043211108426901386,
                0.02051739893075089,
                0.011053809068660918,
                0.027672335017383174,
                0.02293108699990547,
                0.027079941600932706,
                0.00031930425283855176,
                0.024596930897938178,
                0.0005419769554759629,
                0.02568298549476404,
                0.026953900448496434,
                0.0028695369037990905,
                0.0255863539445629,
                0.014257355026416126,
                0.023792368208219984,
                0.00011973909481445692
            ],
            "uniqVals": [
                68,
                39,
                46,
                85,
                25,
                55,
                42,
                29,
                58,
                66,
                59,
                74,
                57,
                20,
                31,
                78,
                70,
                33,
                52,
                18,
                69,
                26,
                35,
                83,
                65,
                17,
                64,
                49,
                44,
                84,
                37,
                45,
                67,
                30,
                47,
                54,
                32,
                50,
                77,
                40,
                80,
                82,
                43,
                75,
                60,
                34,
                61,
                79,
                38,
                71,
                48,
                36,
                76,
                81,
                16,
                62,
                21,
                19,
                51,
                22,
                24,
                73,
                53,
                72,
                28,
                23,
                63,
                27,
                56,
                41,
                15
            ]
        },
        "Marital status": {
            "probs": [
                0.034543678511033855,
                0.6789500772002058,
                0.10426124129528291,
                0.18224500299347737
            ],
            "uniqVals": [
                "Widowed",
                "Married/in union",
                "Separated/divorced/spouse absent",
                "Single/never married"
            ]
        },
        "Sex": {
            "probs": [
                0.4935645488251914,
                0.5064354511748086
            ],
            "uniqVals": [
                "Female",
                "Male"
            ]
        }
    },
    "pop_num": 9449000,
    "corr": [
        [
            0.9999999999999998,
            0.08804553801597831,
            -5.273559366969494e-16,
            0.05334757084298421,
            0.1468027781277727,
            9.853229343548264e-16
        ],
        [
            0.08804553801597831,
            0.9999999999999998,
            0.11079479011015536,
            0.6372177026363935,
            0.31052684559440213,
            0.2617112808161026
        ],
        [
            -5.273559366969494e-16,
            0.11079479011015536,
            1.0000000000000009,
            0.282713860281798,
            0.1537433053879388,
            0.1478627977498589
        ],
        [
            0.05334757084298421,
            0.6372177026363935,
            0.282713860281798,
            0.9999999999999998,
            0.11391107260910707,
            0.3276154654446001
        ],
        [
            0.1468027781277727,
            0.31052684559440213,
            0.1537433053879388,
            0.11391107260910707,
            1.0000000000000009,
            0.2168280581489082
        ],
        [
            9.853229343548264e-16,
            0.2617112808161026,
            0.1478627977498589,
            0.3276154654446001,
            0.2168280581489082,
            0.9999999999999978
        ]
    ]
}
