{
    "avail_var": [
        "Home location",
        "Age",
        "Sex",
        "Marital status",
        "Education",
        "Employment"
    ],
    "marginals": {
        "Employment": {
            "probs": [
                0.013898196870685883,
                0.9861018031293142
            ],
            "uniqVals": [
                "Unemployed",
                "Employed"
            ]
        },
        "Home location": {
            "probs": [
                0.2906105777666904,
                0.05237933155888552,
                0.04749995243239587,
                0.26042311912407956,
                0.04991004437528937,
                0.03903080478043851,
                0.0776789546120492,
                0.1720488529865056,
                0.01041836236366596
            ],
            "uniqVals": [
                "La Paz",
                "Chuquisaca",
                "Oruro",
                "Santa Cruz",
                "Tarija",
                "Beni",
                "Potosí",
                "Cochabamba",
                "Pando"
            ]
        },
        "Education": {
            "probs": [
                0.10445211633556091,
                0.3749109428744786,
                0.2769533900902939,
                0.2436835506996666
            ],
            "uniqVals": [
                "University completed",
                "Primary completed",
                "Secondary completed",
                "Less than primary completed"
            ]
        },
        "Age": {
            "probs": [
                0.020602180020640834,
                0.020611647495175498,
                0.020612602928385418,
                0.020604959462706057,
                0.020676356380756464,
                0.020609041768239352,
                0.020543290591883926,
                0.02047849484873842,
                0.020413699105592917,
                0.02034317076318789,
                0.020260916649570204,
                0.020192038600891405,
                0.020145917234121614,
                0.020106570757385804,
                0.020051763634162195,
                0.019990094763340065,
                0.019873618769294322,
                0.01967714695830889,
                0.01942334915472824,
                0.01916077873712923,
                0.018881010521751652,
                0.01859107997132311,
                0.018299672842297412,
                0.01800270682914127,
                0.017689064163593792,
                0.017363608869269118,
                0.017024864367570097,
                0.01667196208285135,
                0.016308984320646164,
                0.01594088196213323,
                0.015567047004360771,
                0.01519677320673438,
                0.014835445738255425,
                0.014480024584165068,
                0.014122084560703102,
                0.013763362819160295,
                0.013407073089424555,
                0.01305399708957673,
                0.012703787389358663,
                0.01235557541312498,
                0.012010403451650128,
                0.01166531834773982,
                0.011319364668184126,
                0.01097410584914474,
                0.01063345048102588,
                0.010297398563827543,
                0.009965950097549732,
                0.009639713085144214,
                0.009319382387127293,
                0.009004784288369894,
                0.008695745073742942,
                0.008397041909296035,
                0.00811093309170717,
                0.007835594612121044,
                0.007566944165004358,
                0.007305416038179807,
                0.007051791949728232,
                0.006805724469391482,
                0.006567213597169556,
                0.006335303899852533,
                0.006109213659359572,
                0.005892590893401275,
                0.005687085895703869,
                0.005490092939331208,
                0.00529631371284646,
                0.0051055745011205494,
                0.004918657022234321,
                0.004735300703494158,
                0.004553855251173837,
                0.0043735389471925125,
                0.004195133509631028,
                0.004009345179083796,
                0.0038115705046302905,
                0.0036055443615456554,
                0.0034019502302680897,
                0.003200961825926671,
                0.002994067107196653,
                0.0027789209198355058,
                0.002560213572328292,
                0.0023454148152252975,
                0.00213270063967122,
                0.0019335362441851034,
                0.0017540016582846222,
                0.0015897540037428663,
                0.00143037037281525,
                0.0012783696348733819,
                0.001133230644530032,
                0.0009934768231880514,
                0.0008605847494445894,
                0.000728821824040124,
                0.0006226818801744309,
                0.0005361717458943733,
                0.00043837012822434823,
                0.0003293638847288941,
                0.0002520606522898868,
                0.00021306160581223028,
                0.0001765814287061819,
                0.00013384750695338233,
                8.503355568290805e-05,
                5.8628856063292074e-05,
                0.00011578113352943456
            ],
            "uniqVals": [
                0,
                1,
                2,
                3,
                4,
                5,
                6,
                7,
                8,
                9,
                10,
                11,
                12,
                13,
                14,
                15,
                16,
                17,
                18,
                19,
                20,
                21,
                22,
                23,
                24,
                25,
                26,
                27,
                28,
                29,
                30,
                31,
                32,
                33,
                34,
                35,
                36,
                37,
                38,
                39,
                40,
                41,
                42,
                43,
                44,
                45,
                46,
                47,
                48,
                49,
                50,
                51,
                52,
                53,
                54,
                55,
                56,
                57,
                58,
                59,
                60,
                61,
                62,
                63,
                64,
                65,
                66,
                67,
                68,
                69,
                70,
                71,
                72,
                73,
                74,
                75,
                76,
                77,
                78,
                79,
                80,
                81,
                82,
                83,
                84,
                85,
                86,
                87,
                88,
                89,
                90,
                91,
                92,
                93,
                94,
                95,
                96,
                97,
                98,
                99,
                100
            ]
        },
        "Marital status": {
            "probs": [
                0.03378779774677545,
                0.5595979797509995,
                0.03506472365336113,
                0.37154949884886396
            ],
            "uniqVals": [
                "Widowed",
                "Married/in union",
                "Separated/divorced/spouse absent",
                "Single/never married"
            ]
        },