{
    "avail_var": [
        "Home location",
        "Age",
        "Sex",
        "Marital status",
        "Education",
        "Employment"
    ],
    "marginals": {
        "Employment": {
            "probs": [
                0.013898196870685883,
                0.9861018031293142
            ],
            "uniqVals": [
                "Unemployed",
                "Employed"
            ]
        },
        "Home location": {
            "probs": [
                0.2906105777666904,
                0.05237933155888552,
                0.04749995243239587,
                0.26042311912407956,
                0.04991004437528937,
                0.03903080478043851,
                0.0776789546120492,
                0.1720488529865056,
                0.01041836236366596
            ],
            "uniqVals": [
                "La Paz",
                "Chuquisaca",
                "Oruro",
                "Santa Cruz",
                "Tarija",
                "Beni",
                "Potosí",
                "Cochabamba",
                "Pando"
            ]
        },
        "Education": {
            "probs": [
                0.10445211633556091,
                0.3749109428744786,
                0.2769533900902939,
                0.2436835506996666
            ],
            "uniqVals": [
                "University completed",
                "Primary completed",
                "Secondary completed",
                "Less than primary completed"
            ]
        },
        "Age": {
            "probs": [
                0.004818069770047631,
                0.0003107750136888994,
                0.0041267539232702835,
                0.018244818830851713,
                0.015120155768047677,
                0.0008456462957521073,
                0.02799089238939475,
                0.010900380752244662,
                0.021887440249803915,
                0.005249349380881205,
                0.022893759341748924,
                0.010540981076550016,
                0.008792607360082536,
                0.0027081822621461233,
                0.0024544883734204915,
                0.00013741752305971742,
                0.010625545706125228,
                0.023532222295041764,
                0.00041859491639729306,
                0.009834866419597008,
                0.02160626285646634,
                0.0019196170913572835,
                0.005052736617118841,
                0.015308312068852522,
                0.01980080801503559,
                0.0236569551236652,
                0.003262080585863754,
                9.090697679335153e-5,
                0.025525833437277358,
                0.023859910234645707,
                0.0009746073558543037,
                0.01672688372997668,
                0.006697518662356689,
                0.007133026504669024,
                0.013293559769223126,
                0.014832636027491962,
                0.0006849734995592069,
                0.0208282682643744,
                0.01767400758121904,
                0.00693641374090666,
                0.0005010454302331235,
                0.0056869713389329215,
                0.00014164575453847795,
                0.00010147755549025287,
                0.03003312819363609,
                0.015792444573170604,
                0.012337979455023245,
                0.016441478105160345,
                0.001513706869396272,
                0.027405282329586417,
                0.023473027054339117,
                0.00212891454955593,
                0.00012473282862343583,
                0.001481995133305568,
                0.01662117794300767,
                0.0027779480815456723,
                0.0027018399149279825,
                0.011331660363078236,
                0.021591464046290677,
                0.002090860466247085,
                0.0004608772311848984,
                0.006050599246106327,
                0.001230415360319316,
                0.021972004879379125,
                0.0025348247715169417,
                0.02090226231525271,
                0.016259664151573643,
                0.0019386441330117058,
                0.006171103843251003,
                0.0010908837215202183,
                0.00027483504611943484,
                0.015115927536568917,
                0.008877171989657746,
                0.022441338573521544,
                0.0038984294234172146,
                0.020350478107274462,
                0.01080947377545131,
                0.026836585195693125,
                0.0004164808006579128,
                0.0026067047066558706,
                0.026942290982662136,
                0.00017969983784732279,
                0.012566303954876314,
                0.0038371200669751865,
                0.02506495620609246,
                0.026897894552135152,
                0.007344438078607051,
                0.025891575460190143,
                0.010830614932845114,
                7.610816661768965e-5,
                0.013847458092940756,
                0.014705789083129145
            ],
            "uniqVals": [
                68,
                89,
                11,
                39,
                46,
                85,
                25,
                55,
                42,
                66,
                29,
                58,
                59,
                8,
                74,
                95,
                57,
                20,
                90,
                14,
                31,
                78,
                70,
                52,
                18,
                33,
                69,
                96,
                26,
                35,
                83,
                17,
                64,
                65,
                49,
                44,
                84,
                37,
                45,
                13,
                86,
                67,
                93,
                94,
                30,
                47,
                54,
                50,
                77,
                32,
                40,
                80,
                91,
                82,
                43,
                9,
                75,
                60,
                34,
                7,
                87,
                61,
                79,
                38,
                71,
                36,
                48,
                76,
                12,
                81,
                98,
                16,
                62,
                21,
                10,
                19,
                51,
                22,
                88,
                73,
                24,
                92,
                53,
                72,
                28,
                23,
                63,
                27,
                56,
                97,
                15,
                41
            ]
        },
        "Marital status": {
            "probs": [
                0.03378779774677545,
                0.5595979797509995,
                0.03506472365336113,
                0.37154949884886396
            ],
            "uniqVals": [
                "Widowed",
                "Married/in union",
                "Separated/divorced/spouse absent",
                "Single/never married"
            ]
        },
        "Sex": {
            "probs": [
                0.4179797087171334,
                0.5820202912828666
            ],
            "uniqVals": [
                "Female",
                "Male"
            ]
        }
    },
    "pop_num": 11673000,