{
    "avail_var": [
        "Home location",
        "Age",
        "Sex",
        "Marital status",
        "Religion",
        "Race",
        "Education",
        "Employment"
    ],
    "marginals": {
        "Employment": {
            "probs": [
                0.13136330240223418,
                0.8686366975977658
            ],
            "uniqVals": [
                "Unemployed",
                "Employed"
            ]
        },
        "Home location": {
            "probs": [
                0.0351972162010765,
                0.011848904422091787,
                0.1913678081135277,
                0.00341825178401812,
                0.050358934703719035,
                0.038087061707948726,
                0.013561886553496189,
                0.003809558602661211,
                0.0782964758031126,
                0.04819578736290054,
                0.05615942911420151,
                0.030063851205988132,
                0.009744615472044294,
                0.021007574466012324,
                0.023763161953936206,
                0.033333637773285595,
                0.010718214439383976,
                0.019845121248284987,
                0.017489364897667583,
                0.07073824658824293,
                0.030194557425493394,
                0.124581090625685,
                0.002664965862133353,
                0.006404198835821623,
                0.0691500848372667
            ],
            "uniqVals": [
                "Ceará",
                "Amazonas",
                "São Paulo",
                "Amapá",
                "Santa Catarina",
                "Fernando de Noronha, Pernambuco",
                "Alagoas",
                "Acre",
                "Rio Grande do Sul",
                "Goiás, Tocantins",
                "Rio de Janeiro, Guanabara",
                "Maranhão",
                "Rondônia",
                "Espírito Santo",
                "Paraíba",
                "Mato Grosso do Sul, Mato Grosso",
                "Sergipe",
                "Piauí",
                "Rio Grande do Norte",
                "Bahia",
                "Pará",
                "Minas Gerais",
                "Roraima",
                "Distrito Federal",
                "Paraná"
            ]
        },
        "Education": {
            "probs": [
                0.09680591750083213,
                0.29434685452641324,
                0.2766346395836885,
                0.33221258838906614
            ],
            "uniqVals": [
                "University completed",
                "Primary completed",
                "Secondary completed",
                "Less than primary completed"
            ]
        },
        "Religion": {
            "probs": [
                0.021709308555980418,
                0.00035000446511929985,
                0.0009542162903788857,
                2.7196635735567517e-5,
                0.00014927705659335754,
                0.9036380574295526,
                0.07317193956663988
            ],
            "uniqVals": [
                "Other",
                "Jewish",
                "Buddhist",
                "Hindu",
                "Muslim",
                "Christian",
                "No religion"
            ]
        },
        "Age": {
            "probs": [
                0.0027612703670328066,
                6.596198965716002e-5,
                0.0023256167953432864,
                0.022251516110962273,
                0.01987647856336816,
                0.00018449061107187218,
                0.02733424259399076,
                0.012394359336564456,
                0.021645782085941367,
                0.027232559649934648,
                0.00954642506312055,
                0.003603148315026344,
                0.008652792323242163,
                0.001342783149451602,
                1.1568718186024989e-5,
                0.010004708671261681,
                0.024204904324671,
                7.245670863878808e-5,
                0.025763332440309473,
                0.0058719363192803855,
                0.0007237552465151774,
                0.0024827078107114153,
                0.015036492202278023,
                0.0204003182412301,
                0.024723670003328542,
                0.0023964498242366673,
                9.43763852017828e-6,
                0.026435535854907977,
                0.024743255640257516,
                0.0002816069558440293,
                0.015819308799532382,
                0.004711715661202985,
                0.004273728049879442,
                0.01696938145920099,
                0.020610584768260307,
                0.00022396632488208025,
                0.022908599007931674,
                0.02102594234313224,
                0.003963503738522614,
                0.0001460296971025435,
                0.00316475478376645,
                3.6532794271657858e-6,
                2.16152366107309e-5,
                1.704863732677367e-5,
                0.028661803745829172,
                0.012993497162619645,
                0.019033179895597392,
                0.025950157091015367,
                0.017271284411862604,
                0.000554385153072408,
                0.023695170364597288,
                0.0008188419916055757,
                0.00033965350674233015,
                5.256663175755214e-5,
                0.020382356284046534,
                0.0011139457853333009,
                0.008194407235116946,
                0.024311559787947426,
                0.00011568718186024989,
                0.006386845758542585,
                0.000612127264018445,
                0.02264688212896888,
                0.0018172020750627147,
                0.023060413064127233,
                0.01778294649163399,
                0.000910782857189248,
                0.0029851352119307987,
                1.2583518026904374e-5,
                0.0003866387393750457,
                5.276959172572802e-6,
                0.012127466978413179,
                0.006148570755904106,
                0.02550811028032831,
                0.0018385128717211816,
                0.022217012916372375,
                0.014803392678828029,
                0.02676960796252547,
                8.85920261087703e-5,
                0.02765481786372456,
                0.0014235612167856012,
                2.82114355764469e-5,
                0.01372719744757544,
                0.0016438742622405156,
                0.02838090714987376,
                0.02662012794596394,
                0.005387064955308215,
                0.027957228216306616,
                0.011317758185375516,
                7.4080388384195106e-6,
                0.02125234418763243,
                0.008763506985882104
            ],