{
    "avail_var": [
        "Home location",
        "Age",
        "Sex",
        "Marital status",
        "Religion",
        "Race",
        "Education",
        "Employment"
    ],
    "marginals": {
        "Employment": {
            "probs": [
                0.13136330240223418,
                0.8686366975977658
            ],
            "uniqVals": [
                "Unemployed",
                "Employed"
            ]
        },
        "Home location": {
            "probs": [
                0.0351972162010765,
                0.011848904422091787,
                0.1913678081135277,
                0.00341825178401812,
                0.050358934703719035,
                0.038087061707948726,
                0.013561886553496189,
                0.003809558602661211,
                0.0782964758031126,
                0.04819578736290054,
                0.05615942911420151,
                0.030063851205988132,
                0.009744615472044294,
                0.021007574466012324,
                0.023763161953936206,
                0.033333637773285595,
                0.010718214439383976,
                0.019845121248284987,
                0.017489364897667583,
                0.07073824658824293,
                0.030194557425493394,
                0.124581090625685,
                0.002664965862133353,
                0.006404198835821623,
                0.0691500848372667
            ],
            "uniqVals": [
                "Ceará",
                "Amazonas",
                "São Paulo",
                "Amapá",
                "Santa Catarina",
                "Fernando de Noronha, Pernambuco",
                "Alagoas",
                "Acre",
                "Rio Grande do Sul",
                "Goiás, Tocantins",
                "Rio de Janeiro, Guanabara",
                "Maranhão",
                "Rondônia",
                "Espírito Santo",
                "Paraíba",
                "Mato Grosso do Sul, Mato Grosso",
                "Sergipe",
                "Piauí",
                "Rio Grande do Norte",
                "Bahia",
                "Pará",
                "Minas Gerais",
                "Roraima",
                "Distrito Federal",
                "Paraná"
            ]
        },
        "Education": {
            "probs": [
                0.09680591750083213,
                0.29434685452641324,
                0.2766346395836885,
                0.33221258838906614
            ],
            "uniqVals": [
                "University completed",
                "Primary completed",
                "Secondary completed",
                "Less than primary completed"
            ]
        },
        "Religion": {
            "probs": [
                0.021709308555980418,
                0.00035000446511929985,
                0.0009542162903788857,
                2.7196635735567517e-05,
                0.00014927705659335754,
                0.9036380574295526,
                0.07317193956663988
            ],
            "uniqVals": [
                "Other",
                "Jewish",
                "Buddhist",
                "Hindu",
                "Muslim",
                "Christian",
                "No religion"
            ]
        },
        "Age": {
            "probs": [
                0.01380076587618283,
                0.013794340843771362,
                0.013787484632931099,
                0.013783068607704336,
                0.013879510429019267,
                0.013840472197427752,
                0.013822348488744956,
                0.013827593703257859,
                0.013858662241253438,
                0.01390590233944101,
                0.013959652758080912,
                0.014082965050491301,
                0.014302534373461425,
                0.014584458730749346,
                0.01486201918327992,
                0.015141185893913361,
                0.01540683445007046,
                0.015642253133967103,
                0.015848346946481313,
                0.016054360209179153,
                0.01626841897706481,
                0.016391939751352856,
                0.016383221418287144,
                0.016289466170259313,
                0.016196559064415587,
                0.016083666127663623,
                0.01601812226826255,
                0.016040960510315116,
                0.016119747707171984,
                0.016167044664053463,
                0.016183581067531358,
                0.016235578343109135,
                0.016341814074449512,
                0.016466486237289173,
                0.016567633115524893,
                0.016668742087964674,
                0.016634025117110075,
                0.016396412635273524,
                0.01602158591036637,
                0.015650511859257067,
                0.015264829862038209,
                0.014872519088754711,
                0.01449493945541757,
                0.014131522375087717,
                0.013751711038014732,
                0.013351274209727055,
                0.01302688114631524,
                0.012820346678923253,
                0.01268943427442732,
                0.012545051097699966,
                0.012398981113053377,
                0.012241487269156012,
                0.01205676758732627,
                0.011846987436157103,
                0.011637666892763682,
                0.011432823971515424,
                0.01116075512117135,
                0.010791202040124053,
                0.010356995885880222,
                0.009919795173757302,
                0.009465588973931753,
                0.009034348948220063,
                0.008651670985329277,
                0.008298142579514715,
                0.007931697773734325,
                0.007564286370157517,
                0.007181741077552515,
                0.006773955263077383,
                0.006352570744309539,
                0.005942027283179925,
                0.005540657024667278,
                0.005148317822036827,
                0.004768449626269937,
                0.004403232020633034,
                0.0040464579310412925,
                0.0036934175623494314,
                0.003385295561843948,
                0.003140068753248379,
                0.0029374812268584227,
                0.0027428728705133887,
                0.0025674590615863946,
                0.0023712965676079083,
                0.0021323621211380255,
                0.001871276475166949,
                0.0016292527063281295,
                0.0013963026373919384,
                0.0011925589842258773,
                0.0010316204511226581,
                0.0009020157965865821,
                0.0007712550152744011,
                0.000672794710325779,
                0.0005800487041147912,
                0.0004690036749147957,
                0.00034082996417537443,
                0.0002492448229649839,
                0.00020642075000417318,
                0.00016913566147478402,
                0.0001261647035547141,
                7.751735269294786e-05,
                5.014936802580441e-05,
                8.876115941301908e-05
            ],