{
    "avail_var": [
        "Home location",
        "Age",
        "Sex",
        "Marital status",
        "Religion",
        "Education",
        "Employment"
    ],
    "marginals": {
        "Employment": {
            "probs": [
                0.19345287640609765,
                0.8065471235939023
            ],
            "uniqVals": [
                "Unemployed",
                "Employed"
            ]
        },
        "Home location": {
            "probs": [
                0.02185545435087636,
                0.14918309591191228,
                0.013115650788365954,
                0.043984399153368686,
                0.02737282693999857,
                0.019263240505124974,
                0.030226640348165235,
                0.009215439130538182,
                0.07039406406811101,
                0.1519893457632762,
                0.04418654426978049,
                0.04600585031748674,
                0.02948940521772218,
                0.028692715641275655,
                0.05928797355466242,
                0.06278389497966658,
                0.014792266165663868,
                0.050346024875740206,
                0.03102332992461176,
                0.0800375752098742,
                0.01675426288377845
            ],
            "uniqVals": [
                "Borolong",
                "Gaborone",
                "Tshabong (Kgalagadi South)",
                "Ngamiland East",
                "North East",
                "Ghanzi, Central Kgalagadi Game Reserve (CKGR)",
                "Central Bobonong",
                "Hukunsti (Kgalagadi North)",
                "Ngwaketse, Ngwaketse West, Ngwaketse Southern, Southern, Jwaneng",
                "Kweneng, Kweneng South, Kweneng North",
                "South East",
                "Kgatleng",
                "Selebi Phikwe",
                "Ngamiland West, Delta",
                "Francistown",
                "Central Tutume, Sowa",
                "Chobe",
                "Central Mahalapye",
                "Central Boteti, Orapa",
                "Central Serowe/ Palapye",
                "Lobaste"
            ]
        },
        "Education": {
            "probs": [
                0.07997812076387072,
                0.5189302956075055,
                0.2193631239744108,
                0.18172845965421294
            ],
            "uniqVals": [
                "University completed",
                "Primary completed",
                "Secondary completed",
                "Less than primary completed"
            ]
        },
        "Religion": {
            "probs": [
                0.04866940949844229,
                0.0026873409593569405,
                0.007943113986063878,
                0.7869628290803586,
                0.15373730647577827
            ],
            "uniqVals": [
                "Other",
                "Hindu",
                "Muslim",
                "Christian",
                "No religion"
            ]
        },
        "Age": {
            "probs": [
                0.002116578277723608,
                0.00020214511641180528,
                0.023270470165758995,
                0.013781540583604842,
                0.000416181122024305,
                0.03742062831458536,
                0.008585222002901377,
                0.019370258507931223,
                0.03869295345905967,
                0.007443696639634712,
                0.003091631192180551,
                0.007229660634022212,
                0.0014269067040833313,
                0.007550714642440962,
                0.024388213750624273,
                0.00019025422721111085,
                0.034923541582439536,
                0.0009750529144569431,
                0.0011534162524673595,
                0.0030440676353777735,
                0.028716497419677044,
                0.010892054507836096,
                0.0110941996242479,
                0.002306832504934719,
                0.037682227877000644,
                0.03129682037622773,
                0.000582653570834027,
                0.005969226378748603,
                0.0041261385526409665,
                0.003365121643796523,
                0.014102594592023591,
                0.015339247068895811,
                0.0005945444600347214,
                0.024055268853004828,
                0.017015862446193727,
                0.0007847986872458323,
                0.000749126019643749,
                0.0024257413969416635,
                9.512711360555542e-5,
                0.0005231991248305549,
                0.038621608123855504,
                0.01530357440129373,
                0.009417584246949986,
                0.035137577588052034,
                0.011664962305881234,
                0.0009631620252562486,
                0.019917239411163166,
                0.0009274893576541654,
                0.0002734904516159718,
                0.000499417346429166,
                0.019108658945515947,
                0.0013198887012770815,
                0.004470974339461105,
                0.03090442103260482,
                0.000416181122024305,
                0.0046017741206687435,
                0.0013436704796784703,
                0.023460724392970107,
                0.0023543960617374965,
                0.02851435230326524,
                0.013995576589217342,
                0.001331779590477776,
                0.0006896715736402769,
                0.001058289138861804,
                0.0026516682917548575,
                0.004090465885038883,
                0.026920973150372184,
                0.019619967181145805,
                0.011284453851459013,
                0.028014934956836074,
                0.00032105400841874956,
                0.03412685200599301,
                0.0012961069228756927,
                5.945444600347214e-5,
                0.010119146709790958,
                0.0014387975932840258,
                0.03948964303550619,
                0.033556089324359675,
                0.004256938333848605,
                0.03783680943660967,
                0.008073913767271517,
                0.022093272134890245,
                0.0014625793716854147
            ],
            "uniqVals": [
                68,
                89,
                39,
                46,
                85,
                25,
                55,
                42,
                29,
                58,
                66,
                59,
                74,
                57,
                20,
                90,
                31,
                14,
                78,
                70,
                33,
                18,
                52,
                69,
                26,
                35,
                83,
                17,
                64,
                65,
                49,
                44,
                84,
                37,
                45,
                13,
                86,
                67,
                93,
                94,
                30,
                47,
                54,
                32,
                50,
                80,
                40,
                77,
                91,
                82,
                43,
                75,
                60,
                34,
                87,
                61,
                79,
                38,
                71,
                36,
                48,
                76,
                12,
                81,
                16,
                62,
                21,
                19,
                51,
                22,
                88,
                24,
                73,
                92,
                53,
                72,
                28,
                23,
                63,
                27,
                56,
                41,
                15
            ]
        },