{
    "avail_var": [
        "Home location",
        "Age",
        "Sex",
        "Marital status",
        "Religion",
        "Education",
        "Employment"
    ],
    "marginals": {
        "Employment": {
            "probs": [
                0.07703143607722959,
                0.9229685639227704
            ],
            "uniqVals": [
                "Unemployed",
                "Employed"
            ]
        },
        "Home location": {
            "probs": [
                0.23770798958605144,
                0.3832737232220459,
                0.029576163280040653,
                0.1157090137158844,
                0.007233652670879594,
                0.026023099817343895,
                0.034739975004953884,
                0.013584434796086333,
                0.02170880575082254,
                0.1304431421558914
            ],
            "uniqVals": [
                "Quebec",
                "Ontario",
                "Saskatchewan",
                "Alberta",
                "Prince Edward Island, Yukon Territory, Northwest Territories, Nunavut",
                "Nova Scotia",
                "Manitoba",
                "Newfoundland and Labrador",
                "New Brunswick",
                "British Columbia"
            ]
        },
        "Education": {
            "probs": [
                0.3072311021559699,
                0.5776229593428304,
                0.11514593850119972
            ],
            "uniqVals": [
                "University completed",
                "Secondary completed",
                "Less than primary completed"
            ]
        },
        "Religion": {
            "probs": [
                0.01866976913916198,
                0.010172630620697232,
                0.011547946737400948,
                0.015754334403895617,
                0.02689419875574111,
                0.6677718897942126,
                0.24918923054889042
            ],
            "uniqVals": [
                "Other",
                "Jewish",
                "Buddhist",
                "Hindu",
                "Muslim",
                "Christian",
                "No religion"
            ]
        },
        "Age": {
            "probs": [
                0.003617807302712767,
                0.02147729747440166,
                0.025383509155367558,
                0.0005179507201280751,
                0.019566373226656414,
                0.021186931161602588,
                0.02288596647838635,
                0.005106915623080983,
                0.020080400077692608,
                0.017304262695187964,
                0.01537175716743738,
                0.0011379220366450134,
                0.018289153837249682,
                0.01805372169173692,
                0.020578731452361287,
                0.000561113280138748,
                0.002525009760624366,
                0.020351147045032283,
                0.02446139991877591,
                0.013551081908805359,
                0.0028251857461531367,
                0.019954836266752467,
                0.02111041571431094,
                0.0002001173236858472,
                0.00871687518760999,
                0.010129468060686559,
                0.006678425194378665,
                0.026562631817477304,
                0.023088045736618136,
                0.00017068830549675203,
                0.02092206999790073,
                0.02432995030419795,
                0.004139681891932721,
                0.020843592616063143,
                0.026633261461131135,
                0.022242451947318134,
                0.02013141037588704,
                0.025701342551809787,
                0.0006395906619763352,
                0.022528894391025327,
                0.00040415851646357373,
                0.00022954634187494238,
                0.02257990468921976,
                0.0009574240584185631,
                0.013857143697971948,
                0.02044139603414551,
                0.012613277195846193,
                0.0004924455710308593,
                0.02129091369253739,
                0.001989401629582834,
                0.025793553475468953,
                0.02103978607065711,
                0.0007631925383705349,
                0.00029429018189095174,
                0.00743965579820326,
                0.011300742984612547,
                0.018526547917308383,
                0.016023119436689354,
                0.024998969984363382,
                0.01831269705180096,
                0.0012831051930445496,
                0.019003298011971724,
                0.023292086929395862,
                0.001610748262216476,
                0.020282479335924395,
                0.01834997380817381,
                0.010047066809757093,
                0.019793957633985414,
                0.019854777604909547,
                0.022554399540122543,
                0.005022552437605576
            ],
            "uniqVals": [
                68,
                39,
                46,
                85,
                25,
                55,
                42,
                66,
                29,
                58,
                59,
                74,
                57,
                20,
                31,
                78,
                70,
                33,
                52,
                18,
                69,
                26,
                35,
                83,
                64,
                17,
                65,
                49,
                44,
                84,
                37,
                45,
                67,
                30,
                47,
                54,
                32,
                50,
                77,
                40,
                80,
                82,
                43,
                75,
                60,
                34,
                61,
                79,
                38,
                71,
                48,
                36,
                76,
                81,
                16,
                62,
                21,
                19,
                51,
                22,
                73,
                24,
                53,
                72,
                28,
                23,
                63,
                27,
                56,
                41,
                15
            ]
        },
        "Marital status": {
            "probs": [
                0.01232094894850118,
                0.6259905317038813,
                0.08198335887118134,
                0.2797051604764362
            ],
            "uniqVals": [
                "Widowed",
                "Married/in union",
                "Separated/divorced/spouse absent",
                "Single/never married"
            ]
        },
        "Sex": {
            "probs": [
                0.4793378863294363,
                0.5206621136705637
            ],
            "uniqVals": [
                "Female",
                "Male"
            ]
        }
    },
    "pop_num": 37742000,