{
    "avail_var": [
        "Home location",
        "Age",
        "Sex",
        "Marital status",
        "Religion",
        "Education",
        "Employment"
    ],
    "marginals": {
        "Employment": {
            "probs": [
                0.036170201103906424,
                0.9638297988960935
            ],
            "uniqVals": [
                "Unemployed",
                "Employed"
            ]
        },
        "Home location": {
            "probs": [
                0.01760549870370472,
                0.023826619820985183,
                0.015122531420772516,
                0.03818726944854009,
                0.026896071649775546,
                0.031056275110582482,
                0.03220183838239889,
                0.08313281408439896,
                0.06274836524284297,
                0.034947901536370264,
                0.005393465356303064,
                0.009877057491928985,
                0.005568862603662514,
                0.034268237202852395,
                0.009197393158411121,
                0.13278667857906304,
                0.049396249787604894,
                0.009049401730951584,
                0.07909867739513163,
                0.004357525364086318,
                0.0043520442001063345,
                0.021842438460231414,
                0.0364661839588255,
                0.04776834408555001,
                0.18485225522491958
            ],
            "uniqVals": [
                "Schwyz",
                "Basel-Stadt (Basel-City)",
                "Zug",
                "Ticino",
                "Graubundun (Grisons)",
                "Fribourg",
                "Thurgau (Thurgovia)",
                "Vaud",
                "St. Gallen (St. Gall)",
                "Solothurn",
                "Nidwalden (Nidwald)",
                "Schaffhausen",
                "Glarus",
                "Valais",
                "Outer and Inner Rhodes",
                "Bern",
                "Geneva",
                "Jura",
                "Aargau (Argovia)",
                "Obwalden (Obwald)",
                "Uri",
                "Neuchatel",
                "Basel-Landschaft (Basel-Country)",
                "Luzern (Lucerne)",
                "Zurich"
            ]
        },
        "Education": {
            "probs": [
                0.10297462769193666,
                0.8712090899623444,
                0.025816282345718936
            ],
            "uniqVals": [
                "University completed",
                "Secondary completed",
                "Less than primary completed"
            ]
        },
        "Religion": {
            "probs": [
                0.007794215179535526,
                0.0020992858043334083,
                0.03663610004220496,
                0.8194997889751867,
                0.13397060999873933
            ],
            "uniqVals": [
                "Other",
                "Jewish",
                "Muslim",
                "Christian",
                "No religion"
            ]
        },
        "Age": {
            "probs": [
                0.010480760848019306,
                0.010515912438087515,
                0.010501246542893495,
                0.01044502727798308,
                0.01031024071739041,
                0.010197569395582376,
                0.010070581366561129,
                0.0099371915578917,
                0.009805082105151908,
                0.009675882552252197,
                0.00955157163108383,
                0.009468814079631852,
                0.009447164424821632,
                0.00947672900719688,
                0.009523171008644613,
                0.009587654389100864,
                0.009711034142320406,
                0.009908790935452483,
                0.01016253420150777,
                0.01043036138278906,
                0.010710526539392303,
                0.011022235010262052,
                0.011367232735302357,
                0.011730388235344783,
                0.012096220843240087,
                0.01246973558671321,
                0.012795993556783377,
                0.013046012151043354,
                0.013242023004271382,
                0.013423600754292596,
                0.013569910518251996,
                0.013735076433175139,
                0.013945520389609981,
                0.014165625213513899,
                0.01436140327475472,
                0.014573360379106405,
                0.014609326741129837,
                0.014380725009692875,
                0.013993591934968162,
                0.01363823496649716,
                0.013272285962608252,
                0.013043451439184083,
                0.013043335043190479,
                0.013204892682311916,
                0.013338166094987744,
                0.013442689697243543,
                0.013687586867784974,
                0.014125352199727142,
                0.014668106717899526,
                0.015182227821645487,
                0.015703332685007648,
                0.016033082534885917,
                0.016061832345305938,
                0.01587478398358537,
                0.015683079782120666,
                0.015464371710139988,
                0.015140092471961079,
                0.014698253280242792,
                0.01417435491303415,
                0.01362717734710484,
                0.013058582918352516,
                0.012501977276941337,
                0.011984364293387275,
                0.011506907927626367,
                0.011016066022601075,
                0.010489723339526762,
                0.010137741854870257,
                0.010048698919763701,
                0.010118420119932102,
                0.01016462932939263,
                0.010237842409369131,
                0.010156016025865983,
                0.009814859368614587,
                0.009302833392753488,
                0.008818626059363585,
                0.008328831718280723,
                0.007836709457325794,
                0.00736530568323226,
                0.006908102220358334,
                0.006432275398507873,
                0.005941084305501771,
                0.005486557950480721,
                0.005090578780242152,
                0.004733941455841513,
                0.004378933675351321,
                0.004036380266176686,
                0.0036834676135713536,
                0.003305646218334906,
                0.0029175819756613645,
                0.0025185765095891094,
                0.002216412510194834,
                0.0019467229930158912,
                0.0015938103404105587,
                0.001161981204142161,
                0.0008557433449717687,
                0.0007247978521680092,
                0.0005987409910955901,
                0.00044172279572468197,
                0.0002536268700616817,
                0.00013944240033680343,
                0.00019321734938154732
            ],