{
    "avail_var": [
        "Home location",
        "Age",
        "Sex",
        "Marital status",
        "Religion",
        "Education",
        "Employment"
    ],
    "marginals": {
        "Employment": {
            "probs": [
                0.036170201103906424,
                0.9638297988960935
            ],
            "uniqVals": [
                "Unemployed",
                "Employed"
            ]
        },
        "Home location": {
            "probs": [
                0.01760549870370472,
                0.023826619820985183,
                0.015122531420772516,
                0.03818726944854009,
                0.026896071649775546,
                0.031056275110582482,
                0.03220183838239889,
                0.08313281408439896,
                0.06274836524284297,
                0.034947901536370264,
                0.005393465356303064,
                0.009877057491928985,
                0.005568862603662514,
                0.034268237202852395,
                0.009197393158411121,
                0.13278667857906304,
                0.049396249787604894,
                0.009049401730951584,
                0.07909867739513163,
                0.004357525364086318,
                0.0043520442001063345,
                0.021842438460231414,
                0.0364661839588255,
                0.04776834408555001,
                0.18485225522491958
            ],
            "uniqVals": [
                "Schwyz",
                "Basel-Stadt (Basel-City)",
                "Zug",
                "Ticino",
                "Graubundun (Grisons)",
                "Fribourg",
                "Thurgau (Thurgovia)",
                "Vaud",
                "St. Gallen (St. Gall)",
                "Solothurn",
                "Nidwalden (Nidwald)",
                "Schaffhausen",
                "Glarus",
                "Valais",
                "Outer and Inner Rhodes",
                "Bern",
                "Geneva",
                "Jura",
                "Aargau (Argovia)",
                "Obwalden (Obwald)",
                "Uri",
                "Neuchatel",
                "Basel-Landschaft (Basel-Country)",
                "Luzern (Lucerne)",
                "Zurich"
            ]
        },
        "Education": {
            "probs": [
                0.10297462769193666,
                0.8712090899623444,
                0.025816282345718936
            ],
            "uniqVals": [
                "University completed",
                "Secondary completed",
                "Less than primary completed"
            ]
        },
        "Religion": {
            "probs": [
                0.007794215179535526,
                0.0020992858043334083,
                0.03663610004220496,
                0.8194997889751867,
                0.13397060999873933
            ],
            "uniqVals": [
                "Other",
                "Jewish",
                "Muslim",
                "Christian",
                "No religion"
            ]
        },
        "Age": {
            "probs": [
                0.0014853954385753358,
                2.1924655919931158e-5,
                0.02661105112281644,
                0.022763274008868524,
                4.9330475819845104e-5,
                0.01991306873927747,
                0.019896625247337523,
                0.02513661801220107,
                0.02423222595550391,
                0.01629001934850885,
                0.0019348508849339246,
                0.014256507511935235,
                0.0005261917420783477,
                1.0962327959965579e-5,
                0.017813782934944063,
                0.01607077278930954,
                3.836814785987952e-5,
                0.025257203619760693,
                0.0003453133307389157,
                0.001063345812116661,
                0.026413729219537063,
                0.021502606293472483,
                0.01379608973761668,
                0.0011620067637563513,
                0.02057080841687541,
                0.027279753128374343,
                0.00010962327959965578,
                0.005475682816002806,
                0.01161458647358353,
                0.002340457019452651,
                0.022039760363510796,
                0.02425415061142384,
                0.00011510444357963857,
                0.027762095558612827,
                0.02340457019452651,
                6.577396775979347e-5,
                0.0015018389305152843,
                5.4811639799827895e-6,
                1.6443491939948367e-5,
                0.02430896225122367,
                0.02273586818896861,
                0.0207955361400547,
                0.02649046551525682,
                0.021705409360731846,
                0.00017539724735944926,
                0.02631506826789737,
                0.0003672379866588469,
                0.00010962327959965578,
                3.2886983879896733e-5,
                0.02505988171648131,
                0.00047686126625850263,
                0.011992786788202342,
                0.027164648684794703,
                5.481163979982789e-5,
                0.010584127645346766,
                0.0003179075108390018,
                0.026753561386295994,
                0.00080573110505747,
                0.022823566812648334,
                0.027559292491353464,
                0.00040012497053874363,
                0.0001589537554195009,
                0.007898357295155199,
                0.007936725443015078,
                0.016673700827107646,
                0.014409980103374753,
                0.021530012113372396,
                0.01664081384322775,
                4.9330475819845104e-5,
                0.01766579150748453,
                0.000674183169537883,
                5.4811639799827895e-6,
                0.021458756981632618,
                0.0006961078254578143,
                0.022280931578630037,
                0.018087841133943204,
                0.006237564609220414,
                0.02169992819675186,
                0.018657882187861415,
                0.025098249864341192,
                0.0019622567048338383
            ],
            "uniqVals": [
                68,
                89,
                39,
                46,
                85,
                25,
                55,
                42,
                29,
                58,
                66,
                59,
                74,
                95,
                57,
                20,
                90,
                31,
                78,
                70,
                33,
                52,
                18,
                69,
                26,
                35,
                83,
                64,
                17,
                65,
                49,
                44,
                84,
                37,
                45,
                86,
                67,
                93,
                94,
                30,
                47,
                54,
                32,
                50,
                80,
                40,
                77,
                82,
                91,
                43,
                75,
                60,
                34,
                87,
                61,
                79,
                38,
                71,
                48,
                36,
                76,
                81,
                16,
                62,
                21,
                19,
                51,
                22,
                88,
                24,
                73,
                92,
                53,
                72,
                28,
                23,
                63,
                27,
                56,
                41,
                15
            ]
        },