{
    "avail_var": [
        "Home location",
        "Age",
        "Sex",
        "Marital status",
        "Religion",
        "Education",
        "Employment"
    ],
    "marginals": {
        "Employment": {
            "probs": [
                0.13485805085824779,
                0.8651419491417522
            ],
            "uniqVals": [
                "Unemployed",
                "Employed"
            ]
        },
        "Home location": {
            "probs": [
                0.012168766944685416,
                0.004481800325609585,
                0.010924388293673362,
                0.008568047819451353,
                0.013406354989143518,
                0.03777953956292261,
                0.019886291293254043,
                0.009053576188059059,
                0.004108316965142119,
                0.0037704842890829114,
                0.008747998893131131,
                0.024755156192439,
                0.05584425064807851,
                0.021757103398868344,
                0.009601917667290837,
                0.008457700462949603,
                0.009897309052387832,
                0.002094902121894783,
                0.015025914652261527,
                0.0016569079991647555,
                0.014355342255058577,
                0.035068389896256505,
                0.008428840385095298,
                0.016603033024417322,
                0.0036822064038815106,
                0.0019268346096844235,
                0.0030812377238565894,
                0.01222139414547856,
                0.01638233831141382,
                0.021899706136501378,
                0.010192700437484827,
                0.0047211692066364596,
                0.014428341275513581,
                0.008829486171778578,
                0.022279980103522796,
                0.34357413390057534,
                0.022639882250882353,
                0.00626093924274551,
                0.025979163023789192,
                0.0022409001628047923,
                0.020241100485698132,
                0.03606151610477227,
                0.009569662286159556,
                0.05734497469650233
            ],
            "uniqVals": [
                "Arica, Parinacota",
                "Petorca",
                "Malleco",
                "San Antonio",
                "Osorno",
                "Cautín",
                "Bío Bío",
                "Limarí",
                "Huasco",
                "Coihaique",
                "Chacabuco",
                "Ñuble",
                "Concepción",
                "Llanquihue",
                "Magallanes, Tierra del Fuego, Antártica Chilena",
                "Arauco",
                "Chiloé",
                "Chañaral",
                "Linares",
                "Ma. Esperanza, Capitán Prat",
                "Quillota",
                "Cachapoal",
                "San Felipe de Aconcagüa",
                "Curicó",
                "Aisén, General Carrera, Palena",
                "Tocopilla",
                "Cauquenes",
                "Colchagua",
                "Iquique",
                "Antofagasta",
                "Copiapó",
                "Choapa",
                "Talagante",
                "Melipilla",
                "Talca",
                "Santiago",
                "Elqui",
                "Los Andes",
                "Maipo",
                "Cardenal Caro",
                "Valdivia",
                "Cordillera",
                "El Loa",
                "Valparaíso, Isla de Pascua"
            ]
        },
        "Education": {
            "probs": [
                0.07068851657502177,
                0.4024164373422245,
                0.4138670976438293,
                0.11302794843892444
            ],
            "uniqVals": [
                "University completed",
                "Primary completed",
                "Secondary completed",
                "Less than primary completed"
            ]
        },
        "Religion": {
            "probs": [
                0.0618437515384968,
                0.0014209344214148568,
                0.0002987866883739723,
                0.8429502469234308,
                0.09348628042828355
            ],
            "uniqVals": [
                "Other",
                "Jewish",
                "Muslim",
                "Christian",
                "No religion"
            ]
        },