{
    "avail_var": [
        "Home location",
        "Age",
        "Sex",
        "Marital status",
        "Education"
    ],
    "marginals": {
        "Home location": {
            "probs": [
                0.021405245742322086,
                0.038316800989399,
                0.001960888094188948,
                0.08536536150623171,
                0.013920346858101574,
                0.035256449089924737,
                0.0044493256867959305,
                0.011503785721072527,
                0.05692651721040279,
                0.07313561447400509,
                0.020452723284118155,
                0.04435077933117364,
                0.027153084734324488,
                0.028742201199598912,
                0.02655821368879353,
                0.04772778846713574,
                0.015934436283161896,
                0.07599072219804578,
                0.03334739585406766,
                0.06050248474811675,
                0.03485397737795601,
                0.019288761974968226,
                0.029129368419125185,
                0.008349876001726857,
                0.02739413049029308,
                0.04903614037462665,
                0.07617446720552448,
                0.028873929152407145,
                0.003899183842391422
            ],
            "uniqVals": [
                "Jilin",
                "Zhejiang",
                "Tibet",
                "Sichuan, Chongqing",
                "Shanghai",
                "Liaoning",
                "Ningxia",
                "Beijing",
                "Hebei",
                "Guangdong, Hainan",
                "Gansu",
                "Hubei",
                "Fujian",
                "Heilongjiang",
                "Shanxi",
                "Anhui",
                "Xinjiang",
                "Henan",
                "Yunnan",
                "Jiangsu",
                "Guangxi",
                "Inner Mongolia",
                "Jiangxi",
                "Tianjin",
                "Guizhou",
                "Hunan",
                "Shangdong",
                "Shaanxi",
                "Qinghai"
            ]
        },
        "Education": {
            "probs": [
                0.01017858065226107,
                0.5985035850318056,
                0.12503187297198395,
                0.26628596134394944
            ],
            "uniqVals": [
                "University completed",
                "Primary completed",
                "Secondary completed",
                "Less than primary completed"
            ]
        },
        "Age": {
            "probs": [
                0.005905894315738421,
                0.0003028103147541957,
                0.022507897983532914,
                0.009996384313660471,
                0.016535228709697373,
                0.0007860861028922849,
                0.016962023632869278,
                0.008941558611332303,
                0.015119927551447919,
                0.0065286414010752684,
                0.021066451650694273,
                0.007975280329564025,
                0.008033856452424118,
                0.016880126378668307,
                0.003644200066519883,
                4.882861874496056e-5,
                0.007904588150186992,
                0.014363812746255433,
                0.0002625449239234633,
                0.02103821121821118,
                0.002525970038358706,
                0.020717363465935525,
                0.005839483750318502,
                0.018591952077990234,
                0.018719398416841355,
                0.010790760349959082,
                0.005234136415318011,
                3.625707138151922e-5,
                0.018501764890382938,
                0.021328358887432633,
                0.0011503876819241828,
                0.016590160905785453,
                0.00708889514227211,
                0.0073257503824528895,
                0.01290305360152513,
                0.015486962075558827,
                0.0009749326078518059,
                0.024304080587626918,
                0.0165433364467651,
                0.023542864284953616,
                0.0006738531583143158,
                0.006718672182235693,
                1.257154736344134e-5,
                8.936730408359386e-5,
                6.695715443572017e-5,
                0.023153237414856236,
                0.009684646378314846,
                0.014999222477125021,
                0.012980031554583882,
                0.023461604717937748,
                0.0020452449989610253,
                0.012732153435917767,
                0.002730212133929978,
                0.0013860586459040578,
                0.00015996838529132602,
                0.01687292962329358,
                0.016064068978076225,
                0.0036470241097681924,
                0.008184259529938911,
                0.01814985266237588,
                0.021363796075290452,
                0.000531284523359347,
                0.006768047389996455,
                0.002168683018362931,
                0.018196221630549736,
                0.004514460877845645,
                0.020863302733154603,
                0.015377006585213364,
                0.0031950860918694064,
                0.021925780681703998,
                1.4757903426648528e-5,
                0.0015526771975543057,
                2.03148917539668e-5,
                0.017216278623386413,
                0.0076955178516428056,
                0.015052788200673599,
                0.02339145912757652,
                0.015252384289610555,
                0.012558247030723495,
                0.0150229080011431,
                0.014611053177736446,
                0.00416309523885439,
                0.016459343934670224,
                0.00038142803486035425,
                0.00011706114755088493,
                0.01052803322969702,
                0.004816086916398937,
                0.020451994498763754,
                0.014404442529763367,
                0.007256333577446061,
                0.019391156317261765,
                0.008669903870478808,
                2.3776622187378185e-5,
                0.011529475404815212,
                0.017703653829143014
            ],