{
    "avail_var": [
        "Home location",
        "Age",
        "Sex",
        "Marital status",
        "Education"
    ],
    "marginals": {
        "Home location": {
            "probs": [
                0.021405245742322086,
                0.038316800989399,
                0.001960888094188948,
                0.08536536150623171,
                0.013920346858101574,
                0.035256449089924737,
                0.0044493256867959305,
                0.011503785721072527,
                0.05692651721040279,
                0.07313561447400509,
                0.020452723284118155,
                0.04435077933117364,
                0.027153084734324488,
                0.028742201199598912,
                0.02655821368879353,
                0.04772778846713574,
                0.015934436283161896,
                0.07599072219804578,
                0.03334739585406766,
                0.06050248474811675,
                0.03485397737795601,
                0.019288761974968226,
                0.029129368419125185,
                0.008349876001726857,
                0.02739413049029308,
                0.04903614037462665,
                0.07617446720552448,
                0.028873929152407145,
                0.003899183842391422
            ],
            "uniqVals": [
                "Jilin",
                "Zhejiang",
                "Tibet",
                "Sichuan, Chongqing",
                "Shanghai",
                "Liaoning",
                "Ningxia",
                "Beijing",
                "Hebei",
                "Guangdong, Hainan",
                "Gansu",
                "Hubei",
                "Fujian",
                "Heilongjiang",
                "Shanxi",
                "Anhui",
                "Xinjiang",
                "Henan",
                "Yunnan",
                "Jiangsu",
                "Guangxi",
                "Inner Mongolia",
                "Jiangxi",
                "Tianjin",
                "Guizhou",
                "Hunan",
                "Shangdong",
                "Shaanxi",
                "Qinghai"
            ]
        },
        "Education": {
            "probs": [
                0.01017858065226107,
                0.5985035850318056,
                0.12503187297198395,
                0.26628596134394944
            ],
            "uniqVals": [
                "University completed",
                "Primary completed",
                "Secondary completed",
                "Less than primary completed"
            ]
        },
        "Age": {
            "probs": [
                0.011470949970883056,
                0.011732294134644126,
                0.011924567210100476,
                0.012055108519116843,
                0.012129397967793318,
                0.012151819062536807,
                0.012138197761005082,
                0.012095090142788426,
                0.012029053682387679,
                0.011946965986275147,
                0.011855705358378424,
                0.011760225823519828,
                0.011666443197346674,
                0.011581877442640071,
                0.011507276231455421,
                0.011441466444019227,
                0.011429660618569792,
                0.011494196155217531,
                0.01161875957506706,
                0.011780253949212862,
                0.012001964519484855,
                0.012208722346104074,
                0.012366853590911117,
                0.012524733751818957,
                0.012675818605977003,
                0.012715104169283576,
                0.01316249173797968,
                0.014241840742041304,
                0.015656254235035614,
                0.016979087665616996,
                0.018408603855148323,
                0.019046834715985877,
                0.01843977592123429,
                0.017046948669018618,
                0.01578476385683427,
                0.014473402868080605,
                0.013480391852580787,
                0.013082289263476989,
                0.013099535937531085,
                0.013023132501914381,
                0.012891427140043103,
                0.013077347095394359,
                0.01369530502373715,
                0.014580898162426581,
                0.015445923345039693,
                0.01633675786012497,
                0.017038840053984934,
                0.017412314799853366,
                0.017534773299681245,
                0.01765925511726353,
                0.017777859479238656,
                0.017612826914479927,
                0.017064817473178513,
                0.01625937310493555,
                0.015437716388812157,
                0.014571206323917372,
                0.01374672212410685,
                0.01303835934549045,
                0.012423949372134441,
                0.011757679414308752,
                0.01100925759448518,
                0.010543686669299904,
                0.010509069871607941,
                0.01072409393815312,
                0.010900592667642086,
                0.011145693795490595,
                0.01102177761413679,
                0.010297715117267493,
                0.009196335593416696,
                0.008168501333463345,
                0.007120328580219337,
                0.006223963244798853,
                0.0056093307832099405,
                0.005184657937928338,
                0.004720894816817319,
                0.004255020498587175,
                0.0038496092756507647,
                0.003510097811881096,
                0.003220597378645593,
                0.0029616106137159218,
                0.0027392325787452183,
                0.0025044237983981757,
                0.00223144817300656,
                0.0019405144691797761,
                0.0016781903807565415,
                0.0014359111569529554,
                0.0012123558174771038,
                0.0010117683776807804,
                0.0008323584698716186,
                0.0006483014175613876,
                0.0004977849894529278,
                0.0004041425517901622,
                0.00031168509064057623,
                0.00021842137119244064,
                0.00015458677709663892,
                0.0001238506205579021,
                9.960986500047316e-05,
                7.31825871541577e-05,
                4.4568787018955713e-05,
                2.6301038441438768e-05,
                4.7314668438842866e-05
            ],