{
    "avail_var": [
        "Home location",
        "Age",
        "Sex",
        "Marital status",
        "Religion",
        "Education",
        "Employment"
    ],
    "marginals": {
        "Employment": {
            "probs": [
                0.21251797796531433,
                0.7874820220346856
            ],
            "uniqVals": [
                "Unemployed",
                "Employed"
            ]
        },
        "Home location": {
            "probs": [
                0.07554773867623892,
                0.04582474076588275,
                0.22656950422814318,
                0.09870524365178546,
                0.08412916364533995,
                0.15516162597946698,
                0.31406198305314276
            ],
            "uniqVals": [
                "Sud Ouest",
                "Est",
                "Centre, Sud",
                "Nord Ouest",
                "Ouest",
                "Littoral",
                "Nord, Adamoua, Extrême Nord"
            ]
        },
        "Education": {
            "probs": [
                0.0367444754719698,
                0.4589605264736789,
                0.10527416504243571,
                0.3990208330119156
            ],
            "uniqVals": [
                "University completed",
                "Primary completed",
                "Secondary completed",
                "Less than primary completed"
            ]
        },
        "Religion": {
            "probs": [
                0.07941332263655111,
                0.18382523103506795,
                0.6985718767195849,
                0.03818956960879605
            ],
            "uniqVals": [
                "Other",
                "Muslim",
                "Christian",
                "No religion"
            ]
        },
        "Age": {
            "probs": [
                0.03254217831878925,
                0.031957668587967863,
                0.031367555292784885,
                0.030771220108896966,
                0.03020475771984706,
                0.029595399079477364,
                0.028977422543572256,
                0.028349977916159626,
                0.027712253646538832,
                0.027068925812556446,
                0.02642455455624466,
                0.02575092882943821,
                0.025036377760156395,
                0.024296359456982924,
                0.023565538728416765,
                0.02284557732113065,
                0.022122872099570937,
                0.021397036611023015,
                0.020680282761268026,
                0.019977325273423992,
                0.019277382116753783,
                0.01866164700659331,
                0.018167876373158278,
                0.017757386299717966,
                0.017349524104736877,
                0.016955419626395293,
                0.016562513151468942,
                0.016154766892302237,
                0.01573596808549818,
                0.015328105890517097,
                0.014929595851229155,
                0.014500053658959422,
                0.014022475394265823,
                0.013512048648831848,
                0.013006220690701526,
                0.01250387080700254,
                0.01198579229781963,
                0.01144835250763563,
                0.010902797210445184,
                0.010363193285059464,
                0.009825521623246708,
                0.009323249030090639,
                0.008874190975733979,
                0.0084648989057089,
                0.008063181308889838,
                0.007674332587466713,
                0.007303763079443819,
                0.006950468007763218,
                0.0066134425953669656,
                0.0062921458084546356,
                0.005985959322682878,
                0.00569183016160641,
                0.00540782606165227,
                0.005134256184992132,
                0.00487351653845647,
                0.004625143378787773,
                0.0043850403072113586,
                0.004151545577054478,
                0.003925895837003829,
                0.003709443671560485,
                0.0034997930738939714,
                0.0033056005848111645,
                0.003130576150372152,
                0.00296923214202972,
                0.0028132598264201257,
                0.0026650165651023847,
                0.0025125996144670427,
                0.002349361987823107,
                0.0021808299589892517,
                0.0020193700148324416,
                0.00186274072960804,
                0.001711328556030639,
                0.0015665247238727726,
                0.00142782684460547,
                0.0012934572357416049,
                0.0011639569310816073,
                0.0010403307076834183,
                0.000922849082447252,
                0.0008116666364589462,
                0.0007068220149899598,
                0.0006084697991261299,
                0.0005170350868535085,
                0.0004327883950723105,
                0.0003558070143254544,
                0.00028531803918375466,
                0.00022062585476094479,
                0.00016671570107526992,
                0.00012551984169969325,
                9.45263339893626e-05,
                6.496270132302474e-05,
                4.428748109231787e-05,
                3.230744693994567e-05,
                2.2143740546158935e-05,
                1.333261865344648e-05,
                6.8788583197491985e-06,
                4.405560946356228e-06,
                3.323493345496804e-06,
                2.202780473178114e-06,
                9.661317864816291e-07,
                2.3187162875559098e-07,
                1.5458108583706066e-07
            ],
            "uniqVals": [
                0,
                1,
                2,
                3,
                4,
                5,
                6,
                7,
                8,
                9,
                10,
                11,
                12,
                13,
                14,
                15,
                16,
                17,
                18,
                19,
                20,
                21,
                22,
                23,
                24,
                25,
                26,
                27,
                28,
                29,
                30,
                31,
                32,
                33,
                34,
                35,
                36,
                37,
                38,
                39,
                40,
                41,
                42,
                43,
                44,
                45,
                46,
                47,
                48,
                49,
                50,
                51,
                52,
                53,
                54,
                55,
                56,
                57,
                58,
                59,
                60,
                61,
                62,
                63,
                64,
                65,
                66,
                67,
                68,
                69,
                70,
                71,
                72,
                73,
                74,
                75,
                76,
                77,
                78,
                79,
                80,
                81,
                82,
                83,
                84,
                85,
                86,
                87,
                88,
                89,
                90,
                91,
                92,
                93,
                94,
                95,
                96,
                97,
                98,
                99,
                100
            ]
        },
        "Marital status": {
            "probs": [
                0.049596042190577574,
                0.5583188909631047,
                0.021547844958369974,
                0.3705372218879478
            ],