{
    "avail_var": [
        "Home location",
        "Age",
        "Sex",
        "Marital status",
        "Religion",
        "Education",
        "Employment"
    ],
    "marginals": {
        "Employment": {
            "probs": [
                0.21251797796531433,
                0.7874820220346856
            ],
            "uniqVals": [
                "Unemployed",
                "Employed"
            ]
        },
        "Home location": {
            "probs": [
                0.07554773867623892,
                0.04582474076588275,
                0.22656950422814318,
                0.09870524365178546,
                0.08412916364533995,
                0.15516162597946698,
                0.31406198305314276
            ],
            "uniqVals": [
                "Sud Ouest",
                "Est",
                "Centre, Sud",
                "Nord Ouest",
                "Ouest",
                "Littoral",
                "Nord, Adamoua, Extrême Nord"
            ]
        },
        "Education": {
            "probs": [
                0.0367444754719698,
                0.4589605264736789,
                0.10527416504243571,
                0.3990208330119156
            ],
            "uniqVals": [
                "University completed",
                "Primary completed",
                "Secondary completed",
                "Less than primary completed"
            ]
        },
        "Religion": {
            "probs": [
                0.07941332263655111,
                0.18382523103506795,
                0.6985718767195849,
                0.03818956960879605
            ],
            "uniqVals": [
                "Other",
                "Muslim",
                "Christian",
                "No religion"
            ]
        },
        "Age": {
            "probs": [
                0.0030067557722339646,
                0.0001234244102627397,
                0.0037644445130135614,
                0.013360692410941575,
                0.011939597464999752,
                0.0008022586667078081,
                0.04543732525589137,
                0.014294946627513702,
                0.014606936109011181,
                0.021931832012520722,
                0.005768376951862766,
                0.0030976098520107036,
                0.004510133658350947,
                0.007326610131429855,
                0.0009325399886518112,
                8.913985185642313e-5,
                0.006712916535956788,
                0.03835927817290731,
                0.0004988403248119064,
                0.006903195835111845,
                0.018781081094980227,
                0.0008314005413531773,
                0.008891700222678206,
                0.009657960103059382,
                0.02578370214947039,
                0.020531307801622687,
                0.0023862052650796346,
                2.7427646725053268e-5,
                0.0257631314144266,
                0.03380628881654847,
                0.0002759906951708485,
                0.017186849129086506,
                0.008985982758295577,
                0.0025850557038362707,
                0.010659069208523827,
                0.0093134002910759,
                0.00019713621083632037,
                0.016542299431047753,
                0.028809314428827826,
                0.0061609351456150905,
                0.0001337097777846347,
                0.0033718863192612365,
                4.6284153848527396e-5,
                3.599878632663242e-5,
                0.045260759780098844,
                0.006383784775256148,
                0.013190983846830307,
                0.02286951468493348,
                0.025694562297613965,
                0.0027701923192303803,
                0.0312966591412061,
                0.0008279720855125456,
                0.0003788443703897983,
                5.656952137042237e-5,
                0.006988907231127636,
                0.01322698263315694,
                0.004688413362063794,
                0.016036602194554585,
                0.015038921544930771,
                0.0036427343306711375,
                0.00014913782906747717,
                0.0039427242167264075,
                0.0005399817948994862,
                0.016487444137597645,
                0.0015530904958061414,
                0.015978318445263845,
                0.012388725180122498,
                0.000863970871839178,
                0.007084903994665322,
                0.0004971260968915905,
                0.0003274175327803234,
                0.012880708593253142,
                0.0039050112024794593,
                0.024256325072468984,
                0.007912876080177869,
                0.022192394656408727,
                0.009191690108733478,
                0.02773963620655075,
                0.007218613772449958,
                0.02503972723205332,
                0.0016542299431047754,
                9.256830769705479e-5,
                5.4855293450106536e-5,
                0.00921054661585695,
                0.001779368581287831,
                0.029023592918867306,
                0.03140465550018599,
                0.004288998256630205,
                0.02832418792737845,
                0.006496923817996993,
                1.8856507123474124e-5,
                0.012962991533428302,
                0.011955025516282594
            ],
            "uniqVals": [
                68,
                89,
                11,
                39,
                46,
                85,
                25,
                55,
                42,
                29,
                58,
                66,
                59,
                8,
                74,
                95,
                57,
                20,
                90,
                14,
                31,
                78,
                70,
                52,
                18,
                33,
                69,
                96,
                26,
                35,
                83,
                17,
                65,
                64,
                49,
                44,
                84,
                37,
                45,
                13,
                86,
                67,
                93,
                94,
                30,
                54,
                47,
                32,
                50,
                80,
                40,
                77,
                82,
                91,
                7,
                43,
                9,
                60,
                34,
                75,
                87,
                61,
                79,
                38,
                71,
                36,
                48,
                76,
                12,
                98,
                81,
                16,
                62,
                21,
                10,
                19,
                51,
                22,
                6,
                24,
                73,
                88,
                92,
                53,
                72,
                28,
                23,
                63,
                27,
                56,
                97,
                15,
                41
            ]
        },
        "Marital status": {
            "probs": [
                0.049596042190577574,
                0.5583188909631047,
                0.021547844958369974,
                0.3705372218879478
            ],
            "uniqVals": [
                "Widowed",
                "Married/in union",
                "Separated/divorced/spouse absent",
                "Single/never married"
            ]
        },
        "Sex": {
            "probs": [
                0.442107951789054,
                0.5578920482109461
            ],
            "uniqVals": [
                "Female",
                "Male"
            ]
        }
    },
    "pop_num": 26546000,