{
    "avail_var": [
        "Home location",
        "Age",
        "Sex",
        "Marital status",
        "Race",
        "Education",
        "Employment"
    ],
    "marginals": {
        "Employment": {
            "probs": [
                0.054218904070995916,
                0.9457810959290041
            ],
            "uniqVals": [
                "Unemployed",
                "Employed"
            ]
        },
        "Home location": {
            "probs": [
                0.05734776231946505,
                0.010990777491444528,
                0.01922971752442349,
                0.027011260906672854,
                0.08105449814804074,
                0.06771541973600259,
                0.029729125063182055,
                0.011255934970128353,
                0.010014666523039699,
                0.0385596977204743,
                0.04723697621040246,
                0.05522153078726913,
                0.002081486207668023,
                0.04754273592800974,
                0.1283304193631249,
                0.05637745167090642,
                0.08034603050968239,
                0.006047247748232974,
                0.005130797212532005,
                0.01537747652942005,
                0.17010183704415702,
                0.03329715038572127
            ],
            "uniqVals": [
                "Santander",
                "Putumayo",
                "La Guajira",
                "Córdoba",
                "Caldas, Quindío, Risaralda",
                "Valle Del Cauca",
                "Huila",
                "Chocó",
                "Caquetá",
                "Tolima",
                "Nariño",
                "Boyacá, Casanare",
                "San Andrés",
                "Cauca",
                "Antioquia",
                "Bolívar, Sucre",
                "Cesar, Norte De Santander, Magdalena",
                "Amazonas, Guaviare, Vaupés, Vichada, Guainía",
                "Arauca",
                "Meta",
                "Bogotá, Cundinamarca",
                "Atlántico"
            ]
        },
        "Education": {
            "probs": [
                0.09162930984480001,
                0.34642990313465855,
                0.23746840897226618,
                0.3244723780482752
            ],
            "uniqVals": [
                "University completed",
                "Primary completed",
                "Secondary completed",
                "Less than primary completed"
            ]
        },
        "Age": {
            "probs": [
                0.015098240161298567,
                0.014896688467530322,
                0.014750798891437874,
                0.014657313550330703,
                0.014698315195899168,
                0.014665895290100846,
                0.014678867225447848,
                0.014735125297274347,
                0.014832424744946025,
                0.014957753902839172,
                0.015098021644776641,
                0.01530535409380672,
                0.015599318411210867,
                0.015945110874587946,
                0.016290088867292392,
                0.016646787291627364,
                0.016939361049346534,
                0.01712523914895125,
                0.017235589992523358,
                0.017337279635771894,
                0.017408694808164645,
                0.017479414700714905,
                0.017568152273754797,
                0.017651009765841073,
                0.017699301917186487,
                0.017735476334134248,
                0.01765744607066868,
                0.017416859380029296,
                0.01706912013309325,
                0.01671490485105288,
                0.016330236311911515,
                0.015993641407593642,
                0.01575311431236933,
                0.015571407891819542,
                0.015362247850060637,
                0.015141804409715062,
                0.01491291828556784,
                0.014668040725043381,
                0.014410667992492486,
                0.014162373628170659,
                0.013931500990187754,
                0.013657381946002065,
                0.013316019408478557,
                0.01294102519171696,
                0.012576480037731048,
                0.012197433332744662,
                0.011923056041760336,
                0.011811970188069025,
                0.011802673303318037,
                0.011771008272777274,
                0.011736979290772049,
                0.01166399477244911,
                0.011519694407425207,
                0.01131897704946795,
                0.011122570426534119,
                0.010934626352540293,
                0.010653633970483146,
                0.010240339766969612,
                0.009743572252080739,
                0.00924348725908628,
                0.008714657410889509,
                0.008260321831530793,
                0.007937036569911987,
                0.007693986602116356,
                0.007430177564737854,
                0.007173400786337664,
                0.006866285747341304,
                0.0064725189748325185,
                0.006026864460935732,
                0.0056009161642889055,
                0.005181145925671048,
                0.004788094298143108,
                0.004439441254842649,
                0.004124459621056991,
                0.003812060455257719,
                0.003505283123613426,
                0.0032270122655111617,
                0.002984538386727879,
                0.0027685844676509433,
                0.002563337858148331,
                0.002373049697828401,
                0.0021806756979810046,
                0.0019765018059496606,
                0.0017684343468003809,
                0.0015745903267145804,
                0.00139191051438531,
                0.0012196201694166541,
                0.001059348233153871,
                0.0009107967285216088,
                0.0007615102137701445,
                0.000640670577145639,
                0.0005454371038630682,
                0.00044072795958429654,
                0.0003256094828065539,
                0.0002461489293792941,
                0.00020854422246984337,
                0.0001717539862330221,
                0.00012799108643295873,
                7.729525334636698e-05,
                4.771606233306952e-05,
                7.471278535998104e-05
            ],