{
    "avail_var": [
        "Home location",
        "Age",
        "Sex",
        "Marital status",
        "Race",
        "Education",
        "Employment"
    ],
    "marginals": {
        "Employment": {
            "probs": [
                0.1164841003589544,
                0.8835158996410456
            ],
            "uniqVals": [
                "Unemployed",
                "Employed"
            ]
        },
        "Home location": {
            "probs": [
                0.3548582408145361,
                0.08105820498087841,
                0.07656046311913456,
                0.19625105801963438,
                0.11666326864740299,
                0.06282010886018077,
                0.11178865555823278
            ],
            "uniqVals": [
                "San José",
                "Puntarenas",
                "Limón",
                "Alajuela",
                "Cartago",
                "Guanacaste",
                "Heredia"
            ]
        },
        "Education": {
            "probs": [
                0.23249247802099357,
                0.45653315540068823,
                0.1936253158613361,
                0.11734905071698207
            ],
            "uniqVals": [
                "University completed",
                "Primary completed",
                "Secondary completed",
                "Less than primary completed"
            ]
        },
        "Age": {
            "probs": [
                0.01355644835198624,
                0.01379280012663542,
                0.01396694363871977,
                0.014087001623160178,
                0.014168625203340782,
                0.014192200946159937,
                0.014191804715188187,
                0.014173776205973541,
                0.014145049460521626,
                0.014111369827922831,
                0.014079077003725167,
                0.014058869224165889,
                0.014059463570623515,
                0.014085020468301424,
                0.014117709523470842,
                0.014145247576007502,
                0.014270456563080666,
                0.014536723776097011,
                0.014893133535186601,
                0.015242213021298804,
                0.015601792628162395,
                0.015919173636534556,
                0.016158100912500115,
                0.01633977281304773,
                0.01651589747999083,
                0.016666267133770153,
                0.016808514052628586,
                0.016953930819261026,
                0.017082111538622317,
                0.01717225408469556,
                0.017239811465379024,
                0.017196820404944094,
                0.017000487958441713,
                0.01669558822567969,
                0.01637265998370302,
                0.01601803326398631,
                0.01565330265448996,
                0.015299666512202627,
                0.014949398333175172,
                0.014588630033396329,
                0.014238163738882996,
                0.013851838541426248,
                0.013410635354382049,
                0.012952790466524327,
                0.012515153358225884,
                0.012068204822091304,
                0.011784701561803812,
                0.011747257734973387,
                0.011869693105244295,
                0.011971920695955929,
                0.012076129441526313,
                0.01216151721593855,
                0.012194602502079717,
                0.012178357032237946,
                0.012160130407537422,
                0.012143290591238027,
                0.011999458748492588,
                0.011673955005199542,
                0.011220864889002827,
                0.010761831308229856,
                0.010286948488586864,
                0.009776404881486327,
                0.009237926990877377,
                0.008686571593686535,
                0.008120555650540925,
                0.007528190347773906,
                0.00703131670919876,
                0.006687388225719314,
                0.006441526907748119,
                0.006187542854856038,
                0.0059553515054102365,
                0.0056722444760944945,
                0.005294042013558628,
                0.0048617540233788165,
                0.0044566078547639155,
                0.004058395728154648,
                0.0037043633548955626,
                0.003419869517178693,
                0.003182923396071885,
                0.0029475621988520793,
                0.0027236916998130386,
                0.002500811778203374,
                0.002269809121672824,
                0.002037617772227022,
                0.0018214737771371167,
                0.0016182072886291022,
                0.0014274220757312295,
                0.0012507030623304998,
                0.0010872577864834126,
                0.0009236143951504499,
                0.0007946412138456574,
                0.0006860739275860164,
                0.0005598743630834774,
                0.000416438751309791,
                0.0003157960844851603,
                0.000267852136903348,
                0.000221691228694413,
                0.0001668132391069667,
                0.00010361439911275962,
                6.656680325408648e-05,
                0.00011589755923702556
            ],
            "uniqVals": [
                0,
                1,
                2,
                3,
                4,
                5,
                6,
                7,
                8,
                9,
                10,
                11,
                12,
                13,
                14,
                15,
                16,
                17,
                18,
                19,
                20,
                21,
                22,
                23,
                24,
                25,
                26,
                27,
                28,
                29,
                30,
                31,
                32,
                33,
                34,
                35,
                36,
                37,
                38,
                39,
                40,
                41,
                42,
                43,
                44,
                45,
                46,
                47,
                48,
                49,
                50,
                51,
                52,
                53,
                54,
                55,
                56,
                57,
                58,
                59,
                60,
                61,
                62,
                63,
                64,
                65,
                66,
                67,
                68,
                69,
                70,
                71,
                72,
                73,
                74,
                75,
                76,
                77,
                78,
                79,
                80,
                81,
                82,
                83,
                84,
                85,
                86,
                87,
                88,
                89,
                90,
                91,
                92,
                93,
                94,
                95,
                96,
                97,
                98,
                99,
                100
            ]
        },
        "Marital status": {
            "probs": [
                0.010428830031076431,
                0.5827294126369247,
                0.08491959050778765,
                0.3219221668242112
            ],
            "uniqVals": [
                "Widowed",
                "Married/in union",
                "Separated/divorced/spouse absent",
                "Single/never married"
            ]
        },