{
    "avail_var": [
        "Home location",
        "Age",
        "Sex",
        "Marital status",
        "Race",
        "Education",
        "Employment"
    ],
    "marginals": {
        "Employment": {
            "probs": [
                0.1164841003589544,
                0.8835158996410456
            ],
            "uniqVals": [
                "Unemployed",
                "Employed"
            ]
        },
        "Home location": {
            "probs": [
                0.3548582408145361,
                0.08105820498087841,
                0.07656046311913456,
                0.19625105801963438,
                0.11666326864740299,
                0.06282010886018077,
                0.11178865555823278
            ],
            "uniqVals": [
                "San José",
                "Puntarenas",
                "Limón",
                "Alajuela",
                "Cartago",
                "Guanacaste",
                "Heredia"
            ]
        },
        "Education": {
            "probs": [
                0.23249247802099357,
                0.45653315540068823,
                0.1936253158613361,
                0.11734905071698207
            ],
            "uniqVals": [
                "University completed",
                "Primary completed",
                "Secondary completed",
                "Less than primary completed"
            ]
        },
        "Age": {
            "probs": [
                0.0020697026424233438,
                3.706930105832854e-5,
                0.022624630079266524,
                0.02093179866426952,
                0.00013592077054720467,
                0.0329113611229527,
                0.013073106839903866,
                0.023990016001581623,
                0.028327124225406064,
                0.010342334995273664,
                0.002767841145688531,
                0.00915611736140715,
                0.000840237490655447,
                0.011256711088045768,
                0.022303362803427675,
                4.942573474443806e-5,
                0.0267516789304271,
                0.0005683959495610377,
                0.0010070493454179255,
                0.0016248710297234012,
                0.02764752037267004,
                0.017212512124750553,
                0.011911602073409572,
                0.002044989775051125,
                6.178216843054758e-6,
                0.031885777127005605,
                0.024731402022748195,
                0.0001915247221346975,
                0.004009662731142538,
                0.003923167695339771,
                0.005832236699843691,
                0.02029544232943488,
                0.02062288782211678,
                0.0001729900716055332,
                0.02318066959514145,
                0.021870887624413842,
                0.0006487127685207495,
                0.0001297425537041499,
                0.0025330689056524505,
                6.178216843054758e-6,
                1.853465052916427e-5,
                0.03107643072056543,
                0.021494016396987503,
                0.014246968040084271,
                0.027079124423109002,
                0.02115421447061949,
                0.0003212672758388474,
                0.02418154072371632,
                0.0006425345516776948,
                0.00022859402319302602,
                1.2356433686109516e-5,
                0.024261857542676034,
                0.0008525939243415565,
                0.008260275919164211,
                0.025089738599645372,
                6.796038527360233e-5,
                0.006709543491557467,
                0.00037069301058328545,
                0.023520471521509462,
                0.0011862176338665134,
                0.02031397697996404,
                0.023915877399464967,
                0.000661069202206859,
                0.0004510098295429973,
                0.0002471286737221903,
                6.178216843054758e-6,
                0.0035339400342273212,
                0.006252355445171415,
                0.02500942178068566,
                0.01637227463409511,
                0.016020116274040985,
                0.027159441242068715,
                4.942573474443806e-5,
                0.030588351589964105,
                0.0011800394170234586,
                1.853465052916427e-5,
                0.015729740082417412,
                0.0013406730549428824,
                0.03066249019208076,
                0.02880284692232128,
                0.005325622918713201,
                0.030118807109891944,
                0.012683879178791418,
                0.020993580832700066,
                0.0021623758950691653
            ],
            "uniqVals": [
                68,
                89,
                39,
                46,
                85,
                25,
                55,
                42,
                29,
                58,
                66,
                59,
                74,
                57,
                20,
                90,
                31,
                78,
                14,
                70,
                33,
                52,
                18,
                69,
                96,
                26,
                35,
                83,
                64,
                65,
                17,
                49,
                44,
                84,
                37,
                45,
                13,
                86,
                67,
                99,
                94,
                30,
                47,
                54,
                32,
                50,
                80,
                40,
                77,
                82,
                91,
                43,
                75,
                60,
                34,
                87,
                61,
                79,
                38,
                71,
                48,
                36,
                76,
                12,
                81,
                98,
                16,
                62,
                21,
                19,
                51,
                22,
                88,
                24,
                73,
                92,
                53,
                72,
                28,
                23,
                63,
                27,
                56,
                41,
                15
            ]
        },
        "Marital status": {
            "probs": [
                0.010428830031076431,
                0.5827294126369247,
                0.08491959050778765,
                0.3219221668242112
            ],
            "uniqVals": [
                "Widowed",
                "Married/in union",
                "Separated/divorced/spouse absent",
                "Single/never married"
            ]
        },
        "Race": {
            "probs": [
                0.8988193427612923,
                0.009767760828869572,
                0.07576965136322354,
                0.0028172668804329693,
                0.012825978166181676
            ],
            "uniqVals": [
                "White",
                "Other",
                "Mulatto (Black and White)",
                "Chinese",
                "Black"
            ]
        },
        "Sex": {
            "probs": [
                0.35141079581611157,
                0.6485892041838884
            ],
            "uniqVals": [
                "Female",
                "Male"
            ]
        }
    },
    "pop_num": 5094000,