{
    "avail_var": [
        "Home location",
        "Age",
        "Sex",
        "Marital status",
        "Race",
        "Education",
        "Employment"
    ],
    "marginals": {
        "Employment": {
            "probs": [
                0.03498363379546528,
                0.9650163662045347
            ],
            "uniqVals": [
                "Unemployed",
                "Employed"
            ]
        },
        "Home location": {
            "probs": [
                0.039757027108331726,
                0.09133398014539326,
                0.04642702744701155,
                0.07134589370633272,
                0.04530141508400256,
                0.035929945074101154,
                0.1295310878196789,
                0.007978898254603555,
                0.07125425092987535,
                0.06373755102610026,
                0.06941940316645714,
                0.08725986106158196,
                0.04188473330955934,
                0.19883892586697055
            ],
            "uniqVals": [
                "Ciegode Ávila",
                "Santiago de Cuba",
                "Guantánamo",
                "Villa Clara",
                "Las Tunas",
                "Cienfuegos",
                "Pinar del Río, Artemisa, Mayabeque",
                "Isla de la Juventud",
                "Granma",
                "Matanzas",
                "Camagüey",
                "Holguín",
                "Sancti Spíritus",
                "La Habana"
            ]
        },
        "Education": {
            "probs": [
                0.1907624081330972,
                0.2905275237125684,
                0.4887747560011077,
                0.02993531215322672
            ],
            "uniqVals": [
                "University completed",
                "Primary completed",
                "Secondary completed",
                "Less than primary completed"
            ]
        },
        "Age": {
            "probs": [
                0.002657640517263706,
                0.00033867982603810347,
                0.028417229638867694,
                0.030299891024785388,
                0.0005219653789528419,
                0.021972351772789667,
                0.016445893905556144,
                0.02938744772875332,
                0.020753104399052494,
                0.013156715124444914,
                0.0032612875013198553,
                0.013128823844653541,
                0.0014344086749849088,
                9.164277645736917e-5,
                0.013475472607774893,
                0.016657070738262253,
                0.0002789127979137323,
                0.016497691996597265,
                0.0009403345758234403,
                0.0022253256804974212,
                0.017609358719710567,
                0.021482262142169823,
                0.009044743589488174,
                0.002464393792994906,
                0.00012949522760280426,
                0.02234689181570239,
                0.020972250168841855,
                0.0006056392183269615,
                0.005135979950154299,
                0.0039067714050630645,
                0.004779370015678883,
                0.029301781655108387,
                0.029108534930839588,
                0.0006215770924934605,
                0.023239412769026337,
                0.029666360526667053,
                0.0005996625155145243,
                0.0030102659831974963,
                5.379032531193408e-5,
                0.00017133214728986412,
                0.0001573865073941775,
                0.019695228001251123,
                0.01714915260315291,
                0.030240123996661015,
                0.027150168642631024,
                0.017442011040962328,
                0.0010060783067602486,
                0.030919475883008033,
                0.0008367383937411968,
                0.0002769205636429199,
                0.0007889247712416998,
                0.028534771460845623,
                0.001253115356340983,
                0.011465308228525208,
                0.017981906528352482,
                0.00044227600812034686,
                0.008935170704593494,
                0.0009682258556148134,
                0.02547669185514863,
                0.001802972015085198,
                0.03031981336749351,
                0.022912686348613105,
                0.001103697786030055,
                0.00017133214728986412,
                0.0006554450750972708,
                3.984468541624747e-5,
                0.0022691548344552933,
                0.006532536173993772,
                0.017647211170856002,
                0.014049236077768857,
                0.02238872873538945,
                0.019998047610414602,
                0.00038848568280841283,
                0.023072065090278097,
                0.001446362080609783,
                0.00026098268947642093,
                0.018396291256681456,
                0.001904575962896629,
                0.020276960408328337,
                0.02237876756403539,
                0.005175824635570546,
                0.022641742487782623,
                0.015818340110250243,
                7.769713656168256e-5,
                0.029381471025940884,
                0.001978288630916687
            ],
            "uniqVals": [
                68,
                89,
                39,
                46,
                85,
                25,
                55,
                42,
                29,
                58,
                66,
                59,
                74,
                95,
                57,
                20,
                90,
                31,
                78,
                70,
                33,
                52,
                18,
                69,
                96,
                26,
                35,
                83,
                17,
                65,
                64,
                49,
                44,
                84,
                37,
                45,
                86,
                67,
                99,
                93,
                94,
                30,
                54,
                47,
                50,
                32,
                77,
                40,
                80,
                91,
                82,
                43,
                75,
                60,
                34,
                87,
                61,
                79,
                38,
                71,
                48,
                36,
                76,
                100,
                81,
                98,
                16,
                62,
                21,
                19,
                51,
                22,
                88,
                24,
                73,
                92,
                53,
                72,
                28,
                23,
                63,
                27,
                56,
                97,
                41,
                15
            ]
        },
        "Marital status": {
            "probs": [
                0.013855989353500056,
                0.6308549274926337,
                0.08408623186817785,
                0.2712028512856884
            ],
            "uniqVals": [
                "Widowed",
                "Married/in union",
                "Separated/divorced/spouse absent",
                "Single/never married"
            ]
        },
        "Race": {
            "probs": [
                0.2688420536747757,
                0.6227724330559479,
                0.10838551326927635
            ],
            "uniqVals": [
                "Mixed race",
                "White",
                "Black"
            ]
        },
        "Sex": {
            "probs": [
                0.3784189230379979,
                0.6215810769620022
            ],
            "uniqVals": [
                "Female",
                "Male"
            ]
        }
    },