{
    "avail_var": [
        "Home location",
        "Age",
        "Sex",
        "Marital status",
        "Race",
        "Education",
        "Employment"
    ],
    "marginals": {
        "Employment": {
            "probs": [
                0.03498363379546528,
                0.9650163662045347
            ],
            "uniqVals": [
                "Unemployed",
                "Employed"
            ]
        },
        "Home location": {
            "probs": [
                0.039757027108331726,
                0.09133398014539326,
                0.04642702744701155,
                0.07134589370633272,
                0.04530141508400256,
                0.035929945074101154,
                0.1295310878196789,
                0.007978898254603555,
                0.07125425092987535,
                0.06373755102610026,
                0.06941940316645714,
                0.08725986106158196,
                0.04188473330955934,
                0.19883892586697055
            ],
            "uniqVals": [
                "Ciegode Ávila",
                "Santiago de Cuba",
                "Guantánamo",
                "Villa Clara",
                "Las Tunas",
                "Cienfuegos",
                "Pinar del Río, Artemisa, Mayabeque",
                "Isla de la Juventud",
                "Granma",
                "Matanzas",
                "Camagüey",
                "Holguín",
                "Sancti Spíritus",
                "La Habana"
            ]
        },
        "Education": {
            "probs": [
                0.1907624081330972,
                0.2905275237125684,
                0.4887747560011077,
                0.02993531215322672
            ],
            "uniqVals": [
                "University completed",
                "Primary completed",
                "Secondary completed",
                "Less than primary completed"
            ]
        },
        "Age": {
            "probs": [
                0.009349022771814914,
                0.009985984892200843,
                0.010463331487475518,
                0.010800121127801475,
                0.011232027150697876,
                0.011201409910668243,
                0.011127293248925042,
                0.011024588731938033,
                0.010908031457934734,
                0.010771445038436547,
                0.010608211914359254,
                0.010539389299883422,
                0.010622329373738913,
                0.010808062198702532,
                0.010982059885556814,
                0.011156763445380077,
                0.011358466646266935,
                0.011585228337552685,
                0.011823813401068901,
                0.012082074673595513,
                0.012381011875959764,
                0.012576891624852513,
                0.012605832416580812,
                0.012541950912887862,
                0.012474363576107749,
                0.012327012593832573,
                0.012427952428397126,
                0.012930798684676306,
                0.013652200858976813,
                0.01430045694686647,
                0.014987271345686814,
                0.015266797041404035,
                0.014904684208315816,
                0.014131312136673947,
                0.013459144601959993,
                0.012843093968280183,
                0.012219102263699317,
                0.011625639565026956,
                0.011116528686148054,
                0.010611829513325292,
                0.01001333746974893,
                0.010079954231196689,
                0.01114511654139186,
                0.012827829465325928,
                0.014440219794725078,
                0.016151873510387445,
                0.017400827494881536,
                0.01784790978661107,
                0.01776364620093874,
                0.01772235263225324,
                0.017566531174350267,
                0.017511473082769603,
                0.01770814693875246,
                0.017996848983066457,
                0.018160170341264874,
                0.01835322659828169,
                0.01796023182280047,
                0.016688954605662297,
                0.014889155002998193,
                0.013146531110821702,
                0.011275438338290325,
                0.009990749534741477,
                0.009685547709777503,
                0.010002925843456432,
                0.010207011365613607,
                0.010462625614506536,
                0.01050471329028214,
                0.010133247640354897,
                0.00950590303917136,
                0.008972616011104792,
                0.008453799378902373,
                0.008005481809477119,
                0.007687486036950331,
                0.007446430418042676,
                0.007176257539164477,
                0.0069060846602862795,
                0.006577147856740256,
                0.006151947627049192,
                0.00566665996087346,
                0.005198313245953317,
                0.004735613514785038,
                0.004286325370027433,
                0.0038631545251221946,
                0.0034634539564356373,
                0.003069753307985434,
                0.0026830231551039376,
                0.0023382924438769223,
                0.002050296272531906,
                0.001805623054658214,
                0.0015636850945393312,
                0.0013746876070941643,
                0.0012013957932088665,
                0.0010015455088655879,
                0.0007764602658811711,
                0.0006170212090121624,
                0.0005345223057622879,
                0.0004497293153632192,
                0.00034676009601284117,
                0.0002256146477111539,
                0.00014673334342731677,
                0.0002680552599712497
            ],
            "uniqVals": [
                0,
                1,
                2,
                3,
                4,
                5,
                6,
                7,
                8,
                9,
                10,
                11,
                12,
                13,
                14,
                15,
                16,
                17,
                18,
                19,
                20,
                21,
                22,
                23,
                24,
                25,
                26,
                27,
                28,
                29,
                30,
                31,
                32,
                33,
                34,
                35,
                36,
                37,
                38,
                39,
                40,
                41,
                42,
                43,
                44,
                45,
                46,
                47,
                48,
                49,
                50,
                51,
                52,
                53,
                54,
                55,
                56,
                57,
                58,
                59,
                60,
                61,
                62,
                63,
                64,
                65,
                66,
                67,
                68,
                69,
                70,
                71,
                72,
                73,
                74,
                75,
                76,
                77,
                78,
                79,
                80,
                81,
                82,
                83,
                84,
                85,
                86,
                87,
                88,
                89,
                90,
                91,
                92,
                93,
                94,
                95,
                96,
                97,
                98,
                99,
                100
            ]
        },