{
    "avail_var": [
        "Home location",
        "Age",
        "Sex",
        "Marital status",
        "Education",
        "Employment"
    ],
    "marginals": {
        "Employment": {
            "probs": [
                0.15616679723547272,
                0.8438332027645273
            ],
            "uniqVals": [
                "Unemployed",
                "Employed"
            ]
        },
        "Home location": {
            "probs": [
                0.029975995784625592,
                0.019917086484874,
                0.07637020577829695,
                0.029200946786474002,
                0.0034291736249153163,
                0.02944907398372397,
                0.059567255016211906,
                0.36905714452991045,
                0.017750852414500664,
                0.015247276873708833,
                0.01669979675873394,
                0.058371226166546324,
                0.014773326047501024,
                0.004747872100187628,
                0.00913331121562811,
                0.006783072706844686,
                0.011288393501855377,
                0.02262975797840457,
                0.0054950416379740555,
                0.010663893589675679,
                0.02457295636585658,
                0.13910735543802813,
                0.025768985215522167
            ],
            "uniqVals": [
                "Duarte",
                "Azua",
                "San Cristóbal, Monte Plata",
                "Baoruco, Barahona, Independencia",
                "Pedernales",
                "San Pedro De Macorís",
                "La Altagracia, La Romana",
                "Distrito Nacional, Santo Domingo",
                "Valverde",
                "Sánchez Ramírez",
                "El Seibo, Hato Mayor",
                "Monseñor Nouel, La Vega",
                "María Trinidad Sánchez",
                "Elías Piña",
                "Hermanas Mirabal",
                "Dajabón",
                "Monte Cristi",
                "San Juan",
                "Santiago Rodríguez",
                "Samaná",
                "San José de Ocoa, Peravia",
                "Puerto Plata, Santiago",
                "Espaillat"
            ]
        },
        "Education": {
            "probs": [
                0.11178827222620279,
                0.3550895348869627,
                0.2504969513810091,
                0.2826252415058254
            ],
            "uniqVals": [
                "University completed",
                "Primary completed",
                "Secondary completed",
                "Less than primary completed"
            ]
        },
        "Age": {
            "probs": [
                0.0034319615709518326,
                0.00010315400335111113,
                0.001709010920384625,
                0.02109359971228397,
                0.017212778829452977,
                0.00028158254968816825,
                0.02972786858737562,
                0.011851558601231715,
                0.021857496926289494,
                0.025883291003019344,
                0.009099855863189912,
                0.0036103901172888898,
                0.0070228360659851065,
                0.0014330042627694899,
                2.787946036516517e-5,
                0.008952094723254537,
                0.028055100965465714,
                0.00018121649237357363,
                0.00446628955049946,
                0.02768988003468205,
                0.0008335958649184386,
                0.003423597732842283,
                0.024754172858230155,
                0.020962566248567693,
                0.013100558425591114,
                0.002300055480126127,
                2.5091514328648655e-5,
                0.0273776300785922,
                0.027082107798721448,
                0.0002927343338342343,
                0.013761301636245529,
                0.005065697948350512,
                0.004488593118791593,
                0.014982422000239764,
                0.018695966120879766,
                0.00035128120060108116,
                0.024154764460379105,
                0.022194838396707994,
                0.0030109817194378385,
                0.0002397633591404205,
                0.0033622629200389196,
                8.363838109549552e-5,
                4.181919054774776e-5,
                4.739508262078079e-5,
                0.031199904094656342,
                0.011648038540566008,
                0.018656934876368533,
                0.01700089493067772,
                0.026346090045081087,
                0.0009367498682695497,
                0.026965014065187753,
                0.0011765132274099703,
                0.0004070401213314115,
                4.739508262078079e-5,
                0.020591769425710997,
                0.0015277944280110514,
                0.009105431755262945,
                0.024868478645727332,
                0.00018121649237357363,
                0.006370456693440242,
                0.0006440155344353155,
                0.024124097053977424,
                0.0018539841142834839,
                0.023385291354300546,
                0.015623649588638563,
                0.001137481982898739,
                0.0023530264548199406,
                0.00013660935578930933,
                0.0005241338548651052,
                1.951562225561562e-5,
                0.009554291067142104,
                0.005824019270283004,
                0.026309846746606372,
                0.0010120244112554958,
                0.022978251232969135,
                0.013493658816739943,
                0.028172194698999405,
                0.0001449731938988589,
                0.0019543501715980787,
                0.028682388823681928,
                8.363838109549552e-5,
                0.01131069707014751,
                0.0019264707112329133,
                0.02877717898892349,
                0.027946371070041567,
                0.00553964877455832,
                0.02768988003468205,
                0.010379523093950993,
                1.1151784146066068e-5,
                0.020025816380298142,
                0.00702841195805814
            ],