{
    "avail_var": [
        "Home location",
        "Age",
        "Sex",
        "Marital status",
        "Education",
        "Employment"
    ],
    "marginals": {
        "Employment": {
            "probs": [
                0.15616679723547272,
                0.8438332027645273
            ],
            "uniqVals": [
                "Unemployed",
                "Employed"
            ]
        },
        "Home location": {
            "probs": [
                0.029975995784625592,
                0.019917086484874,
                0.07637020577829695,
                0.029200946786474002,
                0.0034291736249153163,
                0.02944907398372397,
                0.059567255016211906,
                0.36905714452991045,
                0.017750852414500664,
                0.015247276873708833,
                0.01669979675873394,
                0.058371226166546324,
                0.014773326047501024,
                0.004747872100187628,
                0.00913331121562811,
                0.006783072706844686,
                0.011288393501855377,
                0.02262975797840457,
                0.0054950416379740555,
                0.010663893589675679,
                0.02457295636585658,
                0.13910735543802813,
                0.025768985215522167
            ],
            "uniqVals": [
                "Duarte",
                "Azua",
                "San Cristóbal, Monte Plata",
                "Baoruco, Barahona, Independencia",
                "Pedernales",
                "San Pedro De Macorís",
                "La Altagracia, La Romana",
                "Distrito Nacional, Santo Domingo",
                "Valverde",
                "Sánchez Ramírez",
                "El Seibo, Hato Mayor",
                "Monseñor Nouel, La Vega",
                "María Trinidad Sánchez",
                "Elías Piña",
                "Hermanas Mirabal",
                "Dajabón",
                "Monte Cristi",
                "San Juan",
                "Santiago Rodríguez",
                "Samaná",
                "San José de Ocoa, Peravia",
                "Puerto Plata, Santiago",
                "Espaillat"
            ]
        },
        "Education": {
            "probs": [
                0.11178827222620279,
                0.3550895348869627,
                0.2504969513810091,
                0.2826252415058254
            ],
            "uniqVals": [
                "University completed",
                "Primary completed",
                "Secondary completed",
                "Less than primary completed"
            ]
        },
        "Age": {
            "probs": [
                0.01876811686647037,
                0.01876439210996003,
                0.018747630705663505,
                0.018719322556184928,
                0.01872891380419905,
                0.01866196130592571,
                0.01859109781331651,
                0.01851744075332456,
                0.018442200671815713,
                0.01836481885531342,
                0.018284457233602856,
                0.018211265768174695,
                0.0181498072857541,
                0.018095984554179705,
                0.018039647611960828,
                0.017981355172574025,
                0.017925670062744457,
                0.017873337233774194,
                0.01782156311828048,
                0.017758614733255757,
                0.0176766700900283,
                0.017611021256533573,
                0.017574891118383285,
                0.01754537242303885,
                0.017496578112753413,
                0.017445828305300042,
                0.017298607304228896,
                0.01700900748555004,
                0.016624612613683063,
                0.016240776455292635,
                0.015841016962820507,
                0.01545708768551732,
                0.015114968800042686,
                0.014801064945133873,
                0.014473658847875078,
                0.014140106902374227,
                0.01382638928529093,
                0.013541259174424483,
                0.013277173937841452,
                0.01301616162537945,
                0.012759712139642615,
                0.012513040139745418,
                0.0122760525067751,
                0.012046048792261671,
                0.011819583596433064,
                0.011597494989504104,
                0.011370471080198945,
                0.011133669685054146,
                0.010890163728190736,
                0.010646192176763535,
                0.010398030274262204,
                0.010152475701318109,
                0.009912787619877798,
                0.009673844489739554,
                0.009427917441144424,
                0.009177334446911373,
                0.008909431334905243,
                0.008617410424494671,
                0.008306951969357919,
                0.007992954995536346,
                0.00767551262194271,
                0.00734419553034806,
                0.0069966757479334365,
                0.00663835417163883,
                0.0062802188331697395,
                0.005923387159479269,
                0.005567486674916382,
                0.005214565995561768,
                0.0048674186887981774,
                0.0045273484194042314,
                0.004194727663030963,
                0.0038831517809411104,
                0.0035997909294170753,
                0.003340640995210243,
                0.0030900580009771902,
                0.002846831400852057,
                0.0026336822095479107,
                0.002459177367038531,
                0.0023112114146653165,
                0.0021714399266148476,
                0.0020458225133036666,
                0.0019065166198169899,
                0.001738436982287945,
                0.0015547133674154766,
                0.001384026400329194,
                0.0012208820651763484,
                0.0010688188806417607,
                0.0009325859112761139,
                0.0008096689464349286,
                0.0006844240087747815,
                0.0005784546860556385,
                0.0004975343508685248,
                0.00041205118895624597,
                0.00032135336792949267,
                0.000256356366824078,
                0.00021920192063344703,
                0.0001846548040000533,
                0.00014703476324562993,
                0.0001064349172829354,
                7.952355149573652e-05,
                0.00020420977567933276
            ],