{
    "avail_var": [
        "Home location",
        "Age",
        "Sex",
        "Marital status",
        "Race",
        "Education",
        "Employment"
    ],
    "marginals": {
        "Employment": {
            "probs": [
                0.05300939358007249,
                0.9469906064199275
            ],
            "uniqVals": [
                "Unemployed",
                "Employed"
            ]
        },
        "Home location": {
            "probs": [
                0.028365752537612164,
                0.009395262002674269,
                0.005900211082237977,
                0.052126380233956486,
                0.005553733464523888,
                0.02915625972365887,
                0.041690003447956876,
                0.03308693056151239,
                0.6746608808268368,
                0.02743900900673613,
                0.01137657575834027,
                0.011718007585505126,
                0.04073130324360236,
                0.028799690524846315
            ],
            "uniqVals": [
                "Imbabura, Las Golondrinas",
                "Morona Santiago",
                "Zamora Chinchipe",
                "Azuay",
                "Pastaza",
                "Loja",
                "El Oro",
                "Chimborazo",
                "Cañar, Esmeraldas, Guayas, Manabí, Manga del Cura, Pichincha, El Piedrero, Los Ríos, Santa Elena, Santo Domingo de las Tsáchilas, Galápagos",
                "Napo, Orellana, Sucumbíos",
                "Carchi",
                "Bolívar",
                "Tungurahua",
                "Cotopaxi"
            ]
        },
        "Education": {
            "probs": [
                0.11130509372555945,
                0.39845094230138506,
                0.3152694031670745,
                0.17497456080598095
            ],
            "uniqVals": [
                "University completed",
                "Primary completed",
                "Secondary completed",
                "Less than primary completed"
            ]
        },
        "Age": {
            "probs": [
                0.004367972685453827,
                9.250616006929552e-5,
                0.0011336209433946396,
                0.02213588313949088,
                0.0184860946422114,
                0.0003363860366156201,
                0.029088982516335748,
                0.012967681711532154,
                0.020300897309752673,
                0.027913313318364153,
                0.010143720934144024,
                0.0053334006105406565,
                0.009427218676152753,
                0.0005415815189511483,
                0.0022689238169723573,
                2.3547022563093406e-5,
                0.010843403890304514,
                0.022699329750822044,
                0.00010932546190007652,
                0.02618260715997679,
                0.004637081514746323,
                0.0012950862409701373,
                0.004396565498566154,
                0.013699321341171128,
                0.018277535299509717,
                0.025087670610792947,
                0.003944126279318146,
                5.0457905492343015e-6,
                0.028098325638502744,
                0.023824541043301294,
                0.0004272102665018375,
                0.01223604208189318,
                0.006357696092035219,
                0.006026355845968834,
                0.016331542077688357,
                0.01891498683889632,
                0.00046925852107879,
                0.022828838374919058,
                0.019547392587733685,
                0.0030274743295405806,
                0.00026910882929249606,
                0.00452439219248009,
                1.0091581098468603e-5,
                3.195667347848391e-5,
                3.0274743295405808e-5,
                0.029221855000798918,
                0.012737257276450455,
                0.018329675135185138,
                0.025883223587388888,
                0.016481233863982307,
                0.0011521221754084987,
                0.022398264248051063,
                0.0013623634482932614,
                0.0007047287467097241,
                4.204825457695251e-5,
                0.019158866715442643,
                0.0005987671451758037,
                0.002164644145621515,
                0.009364987259378864,
                0.023900227901539808,
                0.000452439219248009,
                0.00016651108812473195,
                0.007220526275954285,
                0.0009772014363683764,
                0.02345619833320719,
                0.002526259134983307,
                0.01782509608026171,
                0.023760627696344325,
                0.0015103733044041342,
                0.0017979833657104894,
                3.0274743295405808e-5,
                0.0007450950711035985,
                3.363860366156201e-6,
                0.009042056664227869,
                0.0069295523542817735,
                0.023050853159085366,
                0.0009099242290452524,
                0.020225210451514156,
                0.014079437562546778,
                0.026399576153593864,
                0.0003145209442356048,
                0.027645886419254737,
                0.002391704720337059,
                0.00015473757684318523,
                3.532053384464011e-5,
                0.01355635727560949,
                0.00268267864200957,
                0.028771097711733987,
                0.0002741546198417304,
                0.026947885393277325,
                0.00689759568080329,
                0.02820260530985359,
                0.012363868775807117,
                1.5137371647702904e-5,
                0.01948852503132595,
                0.006954781307027945
            ],
            "uniqVals": [
                68,
                89,
                11,
                39,
                46,
                85,
                25,
                55,
                42,
                29,
                58,
                66,
                59,
                8,
                74,
                95,
                57,
                20,
                90,
                31,
                14,
                78,
                70,
                52,
                18,
                33,
                69,
                96,
                26,
                35,
                83,
                17,
                65,
                64,
                49,
                44,
                84,
                37,
                45,
                13,
                86,
                67,
                99,
                93,
                94,
                30,
                54,
                47,
                32,
                50,
                80,
                40,
                77,
                82,
                91,
                43,
                9,
                75,
                60,
                34,
                7,
                87,
                61,
                79,
                38,
                71,
                48,
                36,
                76,
                12,
                100,
                81,
                98,
                16,
                62,
                21,
                10,
                19,
                51,
                22,
                6,
                24,
                73,
                88,
                92,
                53,
                72,
                28,
                5,
                23,
                63,
                27,
                56,
                97,
                41,
                15
            ]
        },
        "Marital status": {
            "probs": [
                0.024132334266804584,
                0.6196583999798169,
                0.08309071490442432,
                0.27311855084895426
            ],