{
    "avail_var": [
        "Home location",
        "Age",
        "Sex",
        "Marital status",
        "Education",
        "Employment"
    ],
    "marginals": {
        "Employment": {
            "probs": [
                0.28473356565541635,
                0.7152664343445837
            ],
            "uniqVals": [
                "Unemployed",
                "Employed"
            ]
        },
        "Home location": {
            "probs": [
                0.06031342267512386,
                0.15644954130209648,
                0.0314174796975313,
                0.0938787888138267,
                0.01754468857334056,
                0.12557734994686934,
                0.02087138137784866,
                0.04823608140658357,
                0.092929476041062,
                0.025342167229472377,
                0.040576009627159695,
                0.0012029128329344517,
                0.009687908001997944,
                0.017805520574389673,
                0.0013383911920745641,
                0.1581543508320589,
                0.013398375802504373,
                0.051391618276946695,
                0.03388453579617884
            ],
            "uniqVals": [
                "Castilla-La Mancha",
                "Cataluña",
                "Canarias",
                "Comunidad Valenciana",
                "Illes Balears",
                "Comunidad de Madrid",
                "Comunidad Foral de Navarra",
                "País Vasco",
                "Castilla y León",
                "Región de Murcia",
                "Aragón",
                "Ciudad Autónoma de Melilla",
                "La Rioja",
                "Principado de Asturias",
                "Ciudad Autónoma de Ceuta",
                "Andalucía",
                "Cantabria",
                "Galicia",
                "Extremadura"
            ]
        },
        "Education": {
            "probs": [
                0.1462163449577944,
                0.432462832645174,
                0.38961358293493376,
                0.03170723946209788
            ],
            "uniqVals": [
                "University completed",
                "Primary completed",
                "Secondary completed",
                "Less than primary completed"
            ]
        },
        "Age": {
            "probs": [
                0.008324728048242604,
                0.00846784872779645,
                0.00865603027611101,
                0.008878510291958056,
                0.008811946017164812,
                0.009245095222858948,
                0.00964159235439017,
                0.009992814652921548,
                0.01029013935961616,
                0.010560697139995648,
                0.01083157586673383,
                0.010915663812711798,
                0.01073298114534287,
                0.010382058396746273,
                0.010034987004454009,
                0.009649701599053184,
                0.00938494224955411,
                0.009334724842630373,
                0.009425766626380054,
                0.00949290860461895,
                0.009571882805281717,
                0.009646898667520585,
                0.00969450571072694,
                0.009733982112846368,
                0.009816893255509121,
                0.00994330332798694,
                0.010074463406573437,
                0.01019961109004039,
                0.01034037816296381,
                0.010517091228061019,
                0.01071113539652773,
                0.011028658327396183,
                0.011519898824014031,
                0.01213117325878363,
                0.01272999497483588,
                0.013308597070290378,
                0.0139580213288968,
                0.014699193453242035,
                0.01547051313888064,
                0.01620800507831284,
                0.016946673821060253,
                0.01743919810311288,
                0.01756295501902549,
                0.01743046836215639,
                0.017288160746711235,
                0.017100278748331456,
                0.016874075754723553,
                0.016642288294474363,
                0.0164019636610839,
                0.016105366432802328,
                0.015747896378488363,
                0.015463495111837186,
                0.015309633427479027,
                0.01522828422376192,
                0.015110603892240594,
                0.014986312065730159,
                0.014774466072567856,
                0.014426346255503857,
                0.013985451544353227,
                0.013558036580267767,
                0.013139693699921405,
                0.0126816818496404,
                0.01217593457760956,
                0.01165114448829618,
                0.011125819488384975,
                0.010574134094212992,
                0.010164820504757904,
                0.00997674593856291,
                0.00992665691018265,
                0.00985465794371551,
                0.00979547543517224,
                0.009659672332596627,
                0.009387595406119319,
                0.009022743585555378,
                0.008682968373817438,
                0.00836204341154682,
                0.007980587966026418,
                0.0075164353420823895,
                0.007008505634812428,
                0.0064953979929555285,
                0.0059427925525552885,
                0.005536281894632798,
                0.005363719735774706,
                0.0053294854575139565,
                0.005268077720883737,
                0.005234121596133855,
                0.005041254230982357,
                0.004586879772766556,
                0.00396929339294263,
                0.003332813970803553,
                0.0028037873895554043,
                0.0024261833003393347,
                0.0019653043292539914,
                0.0014198452944406829,
                0.0010339607891702942,
                0.0008576542561274332,
                0.000703129282627974,
                0.000518413954987316,
                0.0003034868767815465,
                0.00017654189370590385,
                0.0002633899783686434
            ],