{
    "avail_var": [
        "Home location",
        "Age",
        "Sex",
        "Marital status",
        "Education",
        "Employment"
    ],
    "marginals": {
        "Employment": {
            "probs": [
                0.28473356565541635,
                0.7152664343445837
            ],
            "uniqVals": [
                "Unemployed",
                "Employed"
            ]
        },
        "Home location": {
            "probs": [
                0.06031342267512386,
                0.15644954130209648,
                0.0314174796975313,
                0.0938787888138267,
                0.01754468857334056,
                0.12557734994686934,
                0.02087138137784866,
                0.04823608140658357,
                0.092929476041062,
                0.025342167229472377,
                0.040576009627159695,
                0.0012029128329344517,
                0.009687908001997944,
                0.017805520574389673,
                0.0013383911920745641,
                0.1581543508320589,
                0.013398375802504373,
                0.051391618276946695,
                0.03388453579617884
            ],
            "uniqVals": [
                "Castilla-La Mancha",
                "Cataluña",
                "Canarias",
                "Comunidad Valenciana",
                "Illes Balears",
                "Comunidad de Madrid",
                "Comunidad Foral de Navarra",
                "País Vasco",
                "Castilla y León",
                "Región de Murcia",
                "Aragón",
                "Ciudad Autónoma de Melilla",
                "La Rioja",
                "Principado de Asturias",
                "Ciudad Autónoma de Ceuta",
                "Andalucía",
                "Cantabria",
                "Galicia",
                "Extremadura"
            ]
        },
        "Education": {
            "probs": [
                0.1462163449577944,
                0.432462832645174,
                0.38961358293493376,
                0.03170723946209788
            ],
            "uniqVals": [
                "University completed",
                "Primary completed",
                "Secondary completed",
                "Less than primary completed"
            ]
        },
        "Age": {
            "probs": [
                0.001335498415722818,
                0.00018561981590371299,
                0.028119232527148708,
                0.028496257711659624,
                0.00030133086997356003,
                0.01657126933097797,
                0.02080629390993437,
                0.027759564000748266,
                0.02018290060613307,
                0.017592901512536327,
                0.0019285175678307842,
                0.016651784939434904,
                0.0005906085051481777,
                6.894450304995053e-5,
                0.018474234041034997,
                0.009187939822537813,
                0.00017597722806455906,
                0.023091105098421893,
                0.000525038907841931,
                0.0008654222585640644,
                0.025243330704121048,
                0.02519077860039766,
                0.0053887602139111685,
                0.0010823804849450277,
                5.737339764296583e-5,
                0.017549991996652095,
                0.027406163156443272,
                0.0003399012213301757,
                0.0029082044922888223,
                0.007240137079028722,
                0.002404861407084988,
                0.026968389668545686,
                0.028486132994428513,
                0.00029699170544594073,
                0.02784490090312478,
                0.028119714656540663,
                0.00026468903618477515,
                0.001521118231626531,
                6.749811487407745e-6,
                9.835439595936999e-5,
                9.449736082370842e-5,
                0.021378581498188158,
                0.02885303346170832,
                0.022845701237915426,
                0.02614105563194628,
                0.02378006799952944,
                0.0004286130294503918,
                0.027926380770365626,
                0.0005038252145957924,
                0.0003659362084958913,
                0.00014126391184360494,
                0.02797845074469706,
                0.0006084472926506124,
                0.013685242790719202,
                0.026583650413763444,
                0.00022467229665228635,
                0.011588462065095182,
                0.00046573699263113437,
                0.02761010388924138,
                0.0008818146578906261,
                0.027667959416276304,
                0.02798664694436034,
                0.0005462526010880696,
                2.2660081422011714e-5,
                0.00043536284093779955,
                4.86950685877273e-5,
                0.0017935213380826293,
                0.010616489210908468,
                0.01132521941708628,
                0.007531825361163128,
                0.026209035876212313,
                0.012812588591275773,
                0.00020008369766244386,
                0.015539994561580459,
                0.0005607164828468005,
                0.00012390725373312788,
                0.023917957005629344,
                0.0005660199061583352,
                0.019039289688409417,
                0.014294172212761773,
                0.009691765037133605,
                0.018129511525785243,
                0.01968775372059252,
                5.2069974331431175e-5,
                0.02778559898791398
            ],
            "uniqVals": [
                68,
                89,
                39,
                46,
                85,
                25,
                55,
                42,
                29,
                58,
                66,
                59,
                74,
                95,
                57,
                20,
                90,
                31,
                78,
                70,
                33,
                52,
                18,
                69,
                96,
                26,
                35,
                83,
                17,
                64,
                65,
                49,
                44,
                84,
                37,
                45,
                86,
                67,
                99,
                93,
                94,
                30,
                47,
                54,
                50,
                32,
                80,
                40,
                77,
                82,
                91,
                43,
                75,
                60,
                34,
                87,
                61,
                79,
                38,
                71,
                48,
                36,
                76,
                100,
                81,
                98,
                16,
                62,
                21,
                19,
                51,
                22,
                88,
                24,
                73,
                92,
                53,
                72,
                28,
                23,
                63,
                27,
                56,
                97,
                41
            ]
        },
        "Marital status": {
            "probs": [
                0.015028455276713343,
                0.5733873253968407,
                0.0630229898579261,
                0.34856122946851986
            ],
            "uniqVals": [
                "Widowed",
                "Married/in union",
                "Separated/divorced/spouse absent",
                "Single/never married"
            ]
        },
        "Sex": {
            "probs": [
                0.48163231655458766,
                0.5183676834454124
            ],