{
    "avail_var": [
        "Home location",
        "Age",
        "Sex",
        "Marital status",
        "Religion",
        "Education",
        "Employment"
    ],
    "marginals": {
        "Employment": {
            "probs": [
                0.024827106300432295,
                0.9751728936995677
            ],
            "uniqVals": [
                "Unemployed",
                "Employed"
            ]
        },
        "Home location": {
            "probs": [
                0.0025387928500730022,
                0.005112537791949263,
                0.004256211542769445,
                0.0009691261818176041,
                0.03811684484289829,
                0.042390532431569365,
                0.011367373493286816,
                0.05659855774959368,
                0.366239139034655,
                0.25353135282071326,
                0.20128591923207076,
                0.01759361202860352
            ],
            "uniqVals": [
                "Harari",
                "Gambela",
                "Dire Dawa",
                "Special region",
                "Addis Ababa",
                "Somali",
                "Benishangul-Gumz",
                "Tigray",
                "Oromiya",
                "Amhara",
                "Southern Nations, Nationalities, and People (SNPP)",
                "Affar"
            ]
        },
        "Education": {
            "probs": [
                0.0038796821901616214,
                0.10724572750395991,
                0.035428711236938644,
                0.8534458790689399
            ],
            "uniqVals": [
                "University completed",
                "Primary completed",
                "Secondary completed",
                "Less than primary completed"
            ]
        },
        "Religion": {
            "probs": [
                0.0349219059057914,
                0.31758582724452006,
                0.6474922668496885
            ],
            "uniqVals": [
                "Other",
                "Muslim",
                "Christian"
            ]
        },
        "Age": {
            "probs": [
                0.0022242240238436817,
                0.00013504217287622352,
                0.016224125522494054,
                0.0067902381985056395,
                0.005628875511770117,
                0.0009039881925478962,
                0.053166897827092004,
                0.013952239555282294,
                0.010703283749024916,
                0.0025324379242905918,
                0.010328343127862695,
                0.004165653850370095,
                0.0013520104602078378,
                0.0005290475713856757,
                0.00016522807034267348,
                0.0027469166694469465,
                0.054201161998179315,
                0.0007133404190755807,
                0.025170272292682462,
                0.006783883272723229,
                0.0009389402843511541,
                0.00877297504261772,
                0.005722610667060672,
                0.04442410868194073,
                0.010347407905209927,
                0.0008515600548430095,
                5.560560059609204e-5,
                0.019361870127559248,
                0.04284173216212051,
                0.00022083367093876552,
                0.018254524309974214,
                0.009017639685240527,
                0.001463221661400022,
                0.003504741568999401,
                0.003393530367807217,
                0.00021765620804756026,
                0.009997886987177348,
                0.029377233160638224,
                0.022895208862579498,
                0.00024943083695961286,
                0.003315682526972688,
                5.560560059609204e-5,
                4.607321192247626e-5,
                0.0572149855504875,
                0.004901236509684112,
                0.002985226386287341,
                0.02888472641250141,
                0.019662140370778146,
                0.0036969780739173194,
                0.04313247001666579,
                0.000716517881966786,
                0.0004003603242918627,
                4.925067481368152e-5,
                0.005500188264676304,
                0.0035984767242899563,
                0.01968279387957098,
                0.008038981114749306,
                0.0001874703105811103,
                0.0013535991916534405,
                0.0002986815117732944,
                0.0187279662807638,
                0.0009516501359159752,
                0.008822225717431402,
                0.01170259582830897,
                0.000913520581221512,
                0.03630251353202009,
                0.00028597166020847333,
                0.027230856977629073,
                0.002759626521011768,
                0.012523969985685529,
                0.04069853344200256,
                0.01636552262115269,
                0.0024974858324873337,
                0.030610088762425866,
                0.00016681680178827612,
                0.01772071054425173,
                0.0007784784083452886,
                8.261403517133674e-5,
                0.0031885840113244778,
                0.0014171484494775457,
                0.032440307387760096,
                0.018067053999393106,
                0.001788911607748561,
                0.01833713834514555,
                0.004249856616987034,
                0.0004527884619967495,
                0.03271992412218616,
                0.004149766535914068
            ],
            "uniqVals": [
                68,
                89,
                11,
                39,
                46,
                85,
                25,
                55,
                42,
                66,
                29,
                58,
                59,
                74,
                95,
                57,
                20,
                90,
                14,
                31,
                78,
                70,
                52,
                18,
                33,
                69,
                96,
                26,
                35,
                83,
                17,
                65,
                64,
                49,
                44,
                84,
                37,
                45,
                13,
                86,
                67,
                93,
                94,
                30,
                47,
                54,
                50,
                32,
                80,
                40,
                77,
                82,
                91,
                43,
                75,
                60,
                34,
                87,
                61,
                79,
                38,
                71,
                48,
                36,
                76,
                12,
                81,
                16,
                62,
                21,
                10,
                19,
                51,
                22,
                88,
                24,
                73,
                92,
                53,
                72,
                28,
                23,
                63,
                27,
                56,
                97,
                15,
                41
            ]
        },
        "Marital status": {
            "probs": [
                0.040023322577621444,
                0.5854777236020355,
                0.04420009754811076,
                0.3302988562722323
            ],
            "uniqVals": [
                "Widowed",
                "Married/in union",
                "Separated/divorced/spouse absent",
                "Single/never married"
            ]
        },
        "Sex": {
            "probs": [
                0.46289438272222777,
                0.5371056172777722
            ],
            "uniqVals": [
                "Female",
                "Male"
            ]
        }
    },