{
    "avail_var": [
        "Home location",
        "Age",
        "Sex",
        "Marital status",
        "Religion",
        "Education",
        "Employment"
    ],
    "marginals": {
        "Employment": {
            "probs": [
                0.024827106300432295,
                0.9751728936995677
            ],
            "uniqVals": [
                "Unemployed",
                "Employed"
            ]
        },
        "Home location": {
            "probs": [
                0.0025387928500730022,
                0.005112537791949263,
                0.004256211542769445,
                0.0009691261818176041,
                0.03811684484289829,
                0.042390532431569365,
                0.011367373493286816,
                0.05659855774959368,
                0.366239139034655,
                0.25353135282071326,
                0.20128591923207076,
                0.01759361202860352
            ],
            "uniqVals": [
                "Harari",
                "Gambela",
                "Dire Dawa",
                "Special region",
                "Addis Ababa",
                "Somali",
                "Benishangul-Gumz",
                "Tigray",
                "Oromiya",
                "Amhara",
                "Southern Nations, Nationalities, and People (SNPP)",
                "Affar"
            ]
        },
        "Education": {
            "probs": [
                0.0038796821901616214,
                0.10724572750395991,
                0.035428711236938644,
                0.8534458790689399
            ],
            "uniqVals": [
                "University completed",
                "Primary completed",
                "Secondary completed",
                "Less than primary completed"
            ]
        },
        "Religion": {
            "probs": [
                0.0349219059057914,
                0.31758582724452006,
                0.6474922668496885
            ],
            "uniqVals": [
                "Other",
                "Muslim",
                "Christian"
            ]
        },
        "Age": {
            "probs": [
                0.030711697858595413,
                0.030109772749292555,
                0.02951345976654428,
                0.028925051941391156,
                0.028500743053585895,
                0.02786698317870794,
                0.027262310001076293,
                0.02668821354475234,
                0.026146192756097232,
                0.02562372072623558,
                0.0251082080901936,
                0.024671416905011775,
                0.024342933516723467,
                0.02408209900528224,
                0.02381185146758492,
                0.023539337665746327,
                0.023237630099064203,
                0.02288279915955862,
                0.022479368453212353,
                0.02206587339272688,
                0.021646739438787522,
                0.021124570767118007,
                0.020458583545475136,
                0.01969282716781749,
                0.018927115401658694,
                0.018159512107948906,
                0.017358637558401245,
                0.016524777266608316,
                0.015682753070526932,
                0.014842379499902776,
                0.01398403641754425,
                0.013266406924839536,
                0.01276395653565908,
                0.012402514172024811,
                0.012042187095861643,
                0.011721332273875664,
                0.011338101654205974,
                0.010831038436045048,
                0.01025555010095716,
                0.009720560084519875,
                0.00919474219224492,
                0.008746476929560414,
                0.008417645571581124,
                0.008167089549473558,
                0.00791414235102795,
                0.007677862008550471,
                0.007414984290462185,
                0.007096788313807311,
                0.006746480980284509,
                0.00641907719026823,
                0.006107278502547588,
                0.005799878508612967,
                0.005497983573635699,
                0.0052060013137015726,
                0.004921397795676247,
                0.004637713274527109,
                0.004401816590939688,
                0.0042345680817734484,
                0.0041123771864396705,
                0.003993380474423125,
                0.003888989567128113,
                0.0037605976734550167,
                0.0035857473648857555,
                0.0033836305082230273,
                0.0031933267764541967,
                0.003003852818563865,
                0.002835248119832767,
                0.002700396481127056,
                0.0025863159562831218,
                0.0024692375387168697,
                0.0023563526020419553,
                0.002226818653998452,
                0.002068661968296624,
                0.0018932941663407721,
                0.0017251177379985763,
                0.0015605459187629778,
                0.001401880661974328,
                0.0012531548471281261,
                0.001113440555048417,
                0.0009771524260799285,
                0.0008446384299136444,
                0.0007264358025765228,
                0.0006269610824541218,
                0.000542208156950248,
                0.0004634956283898549,
                0.0003923313654338704,
                0.00032754654681258107,
                0.000267633303865059,
                0.00021329649827303977,
                0.00016086014253177588,
                0.00012076332737076858,
                9.582549951696006e-05,
                7.13873204502046e-05,
                4.6940219083680343e-05,
                2.9800481227806945e-05,
                2.228790482247358e-05,
                1.7478785247087966e-05,
                1.2214628383493326e-05,
                6.4954342316896575e-06,
                3.0157373218559128e-06,
                3.6938321042850525e-06
            ],