{
    "avail_var": [
        "Home location",
        "Age",
        "Sex",
        "Marital status",
        "Religion",
        "Education",
        "Employment"
    ],
    "marginals": {
        "Employment": {
            "probs": [
                0.0606035529074258,
                0.9393964470925742
            ],
            "uniqVals": [
                "Unemployed",
                "Employed"
            ]
        },
        "Home location": {
            "probs": [
                0.04968001765419839,
                0.41170142336974513,
                0.3801445437493104,
                0.15847401522674612
            ],
            "uniqVals": [
                "Eastern",
                "Central",
                "Western",
                "Northern"
            ]
        },
        "Education": {
            "probs": [
                0.20729890764647468,
                0.21328478428776343,
                0.5696237448968333,
                0.009792563168928611
            ],
            "uniqVals": [
                "University completed",
                "Primary completed",
                "Secondary completed",
                "Less than primary completed"
            ]
        },
        "Religion": {
            "probs": [
                0.006289308176100629,
                0.287956526536467,
                0.05911397991834933,
                0.6433576078561183,
                0.0032825775129648018
            ],
            "uniqVals": [
                "Other",
                "Hindu",
                "Muslim",
                "Christian",
                "No religion"
            ]
        },
        "Age": {
            "probs": [
                0.020145962436302962,
                0.020286418976240374,
                0.020353838115410333,
                0.020351590810771335,
                0.020074048687855006,
                0.020089779820328,
                0.02003472085667253,
                0.01991336640616661,
                0.019733582035046722,
                0.01950997522346636,
                0.019259400756218015,
                0.018939159845160716,
                0.018534645010140967,
                0.018082936777702247,
                0.01762785758830503,
                0.017154799961795825,
                0.01677950008708306,
                0.016561511537100195,
                0.016451393609789262,
                0.016331162811602837,
                0.01621317931805541,
                0.016133400003370962,
                0.016095195824507982,
                0.016079464692034993,
                0.01608283564899349,
                0.016124410784814965,
                0.016074970082756997,
                0.01587608362220562,
                0.015592923237691797,
                0.015314257462455969,
                0.014987274637481673,
                0.01483333426971027,
                0.014959183329494192,
                0.015240096409369018,
                0.015472692439505371,
                0.015726637863712215,
                0.01573337977762921,
                0.01534796703204095,
                0.014708608862245847,
                0.014110825828272219,
                0.013500682618784099,
                0.01293660915439545,
                0.012477035355720235,
                0.012094993567090472,
                0.011693849689029224,
                0.011273603721536483,
                0.010972464899910673,
                0.010840997578529254,
                0.010821895489097766,
                0.010793804181110284,
                0.010769083830081298,
                0.010742116174413317,
                0.010698293733952844,
                0.010626379985504888,
                0.010549971627778935,
                0.010475810574691982,
                0.010285913332696598,
                0.009922973633498325,
                0.009440926788433125,
                0.008957756291048426,
                0.008459978313510235,
                0.007938603637262561,
                0.0074003741762223955,
                0.006855402801265234,
                0.00629919490311308,
                0.005727255872487937,
                0.005230601547269245,
                0.004855301672556479,
                0.0045586574602086635,
                0.0042620132478608476,
                0.00398559477726402,
                0.003687826912596705,
                0.00334286565051042,
                0.002974307689714649,
                0.0026315937322673624,
                0.0023034872549735665,
                0.002010213999584249,
                0.0017618868369749037,
                0.0015495165485895357,
                0.0013483827833991608,
                0.0011629801506817762,
                0.0009910613457983833,
                0.0008315027164294826,
                0.0006843042625750742,
                0.0005539605935131552,
                0.00043710075228522803,
                0.0003404666528082881,
                0.00026518194740183496,
                0.00020675202678787133,
                0.0001539403677714042,
                0.00011798349354742657,
                9.213949019894267e-05,
                6.629548685045874e-05,
                4.269878814097343e-05,
                2.4720351028984614e-05,
                1.685478479248951e-05,
                1.348382783399161e-05,
                8.989218555994406e-06,
                4.494609277997203e-06,
                2.2473046389986016e-06,
                2.2473046389986016e-06
            ],
            "uniqVals": [
                0,
                1,
                2,
                3,
                4,
                5,
                6,
                7,
                8,
                9,
                10,
                11,
                12,
                13,
                14,
                15,
                16,
                17,
                18,
                19,
                20,
                21,
                22,
                23,
                24,
                25,
                26,
                27,
                28,
                29,
                30,
                31,
                32,
                33,
                34,
                35,
                36,
                37,
                38,
                39,
                40,
                41,
                42,
                43,
                44,
                45,
                46,
                47,
                48,
                49,
                50,
                51,
                52,
                53,
                54,
                55,
                56,
                57,
                58,
                59,
                60,
                61,
                62,
                63,
                64,
                65,
                66,
                67,
                68,
                69,
                70,
                71,
                72,
                73,
                74,
                75,
                76,
                77,
                78,
                79,
                80,
                81,
                82,
                83,
                84,
                85,
                86,
                87,
                88,
                89,
                90,
                91,
                92,
                93,
                94,
                95,
                96,
                97,
                98,
                99,
                100
            ]
        },
        "Marital status": {
            "probs": [
                0.03776343374158667,
                0.6622807017543859,
                0.021322961491779764,
                0.2786329030122476
            ],