{
    "avail_var": [
        "Home location",
        "Age",
        "Sex",
        "Marital status",
        "Religion",
        "Education",
        "Employment"
    ],
    "marginals": {
        "Employment": {
            "probs": [
                0.0606035529074258,
                0.9393964470925742
            ],
            "uniqVals": [
                "Unemployed",
                "Employed"
            ]
        },
        "Home location": {
            "probs": [
                0.04968001765419839,
                0.41170142336974513,
                0.3801445437493104,
                0.15847401522674612
            ],
            "uniqVals": [
                "Eastern",
                "Central",
                "Western",
                "Northern"
            ]
        },
        "Education": {
            "probs": [
                0.20729890764647468,
                0.21328478428776343,
                0.5696237448968333,
                0.009792563168928611
            ],
            "uniqVals": [
                "University completed",
                "Primary completed",
                "Secondary completed",
                "Less than primary completed"
            ]
        },
        "Religion": {
            "probs": [
                0.006289308176100629,
                0.287956526536467,
                0.05911397991834933,
                0.6433576078561183,
                0.0032825775129648018
            ],
            "uniqVals": [
                "Other",
                "Hindu",
                "Muslim",
                "Christian",
                "No religion"
            ]
        },
        "Age": {
            "probs": [
                0.004827319872007062,
                0.022564272316010152,
                0.02068851373717312,
                2.7584684982897496e-5,
                0.029019088602008164,
                0.014730221780867263,
                0.021543638971642944,
                0.029763875096546398,
                0.009378792894185148,
                0.0051859207767847295,
                0.009296038839236456,
                0.0006896171245724373,
                0.011254551473022179,
                0.020385082202361248,
                0.028246717422487036,
                0.00016550810989738498,
                0.0015447423590422597,
                0.017130089374379345,
                0.025405494869248594,
                0.01078561182831292,
                0.0032825775129648018,
                0.029377689506785834,
                0.02775019309279488,
                0.00011033873993158998,
                0.006620324395895399,
                0.005516936996579499,
                0.005130751406818934,
                0.023612490345360258,
                0.020109235352532274,
                5.516936996579499e-5,
                0.023088381330685203,
                0.02215050204126669,
                0.004799735187024164,
                0.032025819265143994,
                0.019557541652874325,
                0.01616462539997793,
                0.028825995807127882,
                0.022178086726249588,
                0.00016550810989738498,
                0.024081429990069514,
                2.7584684982897496e-5,
                0.00013792342491448747,
                0.022095332671300892,
                0.00035860090477766744,
                0.009627055059031225,
                0.02628820478870131,
                8.275405494869249e-5,
                0.008247820809886352,
                5.516936996579499e-5,
                0.025157232704402517,
                0.0012688955092132847,
                0.0220125786163522,
                0.02523998675935121,
                0.00024826216484607745,
                0.00011033873993158998,
                0.0033101621979476996,
                0.006427231601015116,
                0.023750413770274745,
                0.01365441906653426,
                0.01748869027915701,
                0.025736511089043363,
                0.02830188679245283,
                0.0008551252344698223,
                0.01644047224980691,
                0.0007999558645040274,
                0.02918459671190555,
                0.027143330023171135,
                0.0063720622310493216,
                0.029129427341939754,
                0.01277170914708154,
                0.019447202912942736,
                0.0009930486593843098
            ],
            "uniqVals": [
                68,
                39,
                46,
                85,
                25,
                55,
                42,
                29,
                58,
                66,
                59,
                74,
                57,
                20,
                31,
                78,
                70,
                52,
                33,
                18,
                69,
                26,
                35,
                83,
                65,
                17,
                64,
                49,
                44,
                84,
                37,
                45,
                67,
                30,
                47,
                54,
                32,
                50,
                80,
                40,
                77,
                82,
                43,
                75,
                60,
                34,
                87,
                61,
                79,
                38,
                71,
                48,
                36,
                76,
                81,
                16,
                62,
                21,
                19,
                51,
                22,
                24,
                73,
                53,
                72,
                28,
                23,
                63,
                27,
                56,
                41,
                15
            ]
        },
        "Marital status": {
            "probs": [
                0.03776343374158667,
                0.6622807017543859,
                0.021322961491779764,
                0.2786329030122476
            ],
            "uniqVals": [
                "Widowed",
                "Married/in union",
                "Separated/divorced/spouse absent",
                "Single/never married"
            ]
        },
        "Sex": {
            "probs": [
                0.345801610945603,
                0.654198389054397
            ],
            "uniqVals": [
                "Female",
                "Male"
            ]
        }
    },
    "pop_num": 896000,