{
    "avail_var": [
        "Home location",
        "Age",
        "Sex",
        "Marital status",
        "Education",
        "Employment"
    ],
    "marginals": {
        "Employment": {
            "probs": [
                0.13304991056166943,
                0.8669500894383305
            ],
            "uniqVals": [
                "Unemployed",
                "Employed"
            ]
        },
        "Home location": {
            "probs": [
                0.046588522647538426,
                0.018972927650186558,
                0.032688818918408566,
                0.09448554425077631,
                0.04216483769001293,
                0.07724608586980876,
                0.019239583721609423,
                0.02200711328623092,
                0.006739005147568125,
                0.026502889593326962,
                0.011142414413026908,
                0.2280848441454656,
                0.009895049740983155,
                0.006689544747223561,
                0.01821955256667733,
                0.023131492573566968,
                0.052204479740077914,
                0.01490703697589896,
                0.026654240466431032,
                0.0033584943066266287,
                0.04402733409056558,
                0.0358385145577421,
                0.02826062825153491,
                0.058807084777379046,
                0.016127060184398204,
                0.036016899686935125
            ],
            "uniqVals": [
                "Aquitaine",
                "Champagne-Ardenne",
                "Lorraine",
                "Rhône-Alpes",
                "Midi-Pyrénées",
                "Provence-Alpes-Riviera",
                "Lower Normandy",
                "Burgundy",
                "Guadeloupe",
                "Picardy",
                "Corsica",
                "Île-de-France",
                "Limousin",
                "Martinique",
                "Auvergne",
                "Poitou-Charentes",
                "Loire Valley",
                "Réunion Island",
                "Upper Normandy",
                "French Guyana",
                "Brittany",
                "Centre",
                "Alsace",
                "North Pas-de-Calais",
                "Franche-Comté",
                "Languedoc-Roussillon"
            ]
        },
        "Education": {
            "probs": [
                0.34877098585330146,
                0.12505452932336125,
                0.44111816140843557,
                0.08505632341490169
            ],
            "uniqVals": [
                "University completed",
                "Primary completed",
                "Secondary completed",
                "Less than primary completed"
            ]
        },
        "Age": {
            "probs": [
                0.0006670497884979071,
                6.24655159631138e-5,
                0.02742328313017363,
                0.026115910601811215,
                9.99448255409821e-5,
                0.024012973166043172,
                0.020899425603980098,
                0.026302180722363514,
                0.025618541731265567,
                0.016508816649169495,
                0.0011336979134879228,
                0.014107887981511845,
                0.00023470649604501122,
                1.8022837392636113e-5,
                0.018212691600169906,
                0.013835190163463039,
                4.5466703422332014e-5,
                0.0252851192395018,
                0.00017162656517078482,
                0.00034612039992676174,
                0.0004468844453492273,
                0.023264718206793218,
                0.007170529220139538,
                0.024429956085718255,
                0.0005608584113606137,
                1.1878688281510166e-5,
                0.024490885564403587,
                0.025057888124875326,
                0.00011581721074472413,
                0.003601802611427216,
                0.0027407001135029145,
                0.0015713661351704612,
                0.024984055933056627,
                0.02633863600708953,
                0.00010209527772987617,
                0.026463669441500942,
                0.026323685244252455,
                8.171718317797511e-5,
                0.0008580304233687387,
                7.782588874092868e-6,
                2.1914131829682547e-5,
                1.5257970292629437e-5,
                0.02556713568370248,
                0.02210081156017559,
                0.025872602297010626,
                0.02490981413129719,
                0.0243874590543663,
                0.00017521065215227494,
                0.02689375987927976,
                0.00014776678612257906,
                0.0001255454468373402,
                3.3895222596378145e-5,
                0.026170388723929863,
                0.00021873170835608375,
                0.008468992732290822,
                0.02459031837751864,
                8.028354838537906e-5,
                0.006014814772336747,
                0.00015974787688927464,
                0.026971790572991056,
                0.00033024801472301973,
                0.02574828567999551,
                0.025476407081828186,
                0.00020029926102270592,
                1.2185895737066464e-5,
                0.0001290271313336449,
                8.909016211132624e-6,
                0.0023158322024685552,
                0.004699659655100238,
                0.01642525622125818,
                0.010460925874117854,
                0.023879440325361368,
                0.018864073808434443,
                7.157933714461729e-5,
                0.02295884198354433,
                0.00026727048633397874,
                2.4576596444503792e-5,
                0.022701811745728894,
                0.0003014729163859132,
                0.025503543740402326,
                0.021154919804517752,
                0.0036445044477495417,
                0.025072019667830913,
                0.01967991440790678,
                1.0854663429655841e-5,
                0.0007776444724981741,
                0.026630175882412455
            ],
            "uniqVals": [
                68,
                89,
                39,
                46,
                85,
                25,
                55,
                42,
                29,
                58,
                66,
                59,
                74,
                95,
                57,
                20,
                90,
                31,
                78,
                14,
                70,
                52,
                18,
                33,
                69,
                96,
                26,
                35,
                83,
                17,
                64,
                65,
                49,
                44,
                84,
                37,
                45,
                86,
                67,
                99,
                93,
                94,
                30,
                54,
                47,
                32,
                50,
                77,
                40,
                80,
                82,
                91,
                43,
                75,
                60,
                34,
                87,
                61,
                79,
                38,
                71,
                36,
                48,
                76,
                100,
                81,
                98,
                16,
                62,
                21,
                19,
                51,
                22,
                88,
                24,
                73,
                92,
                53,
                72,
                28,
                23,
                63,
                27,
                56,
                97,
                15,
                41
            ]
        },