{
    "avail_var": [
        "Home location",
        "Age",
        "Sex",
        "Marital status",
        "Education",
        "Employment"
    ],
    "marginals": {
        "Employment": {
            "probs": [
                0.13304991056166943,
                0.8669500894383305
            ],
            "uniqVals": [
                "Unemployed",
                "Employed"
            ]
        },
        "Home location": {
            "probs": [
                0.046588522647538426,
                0.018972927650186558,
                0.032688818918408566,
                0.09448554425077631,
                0.04216483769001293,
                0.07724608586980876,
                0.019239583721609423,
                0.02200711328623092,
                0.006739005147568125,
                0.026502889593326962,
                0.011142414413026908,
                0.2280848441454656,
                0.009895049740983155,
                0.006689544747223561,
                0.01821955256667733,
                0.023131492573566968,
                0.052204479740077914,
                0.01490703697589896,
                0.026654240466431032,
                0.0033584943066266287,
                0.04402733409056558,
                0.0358385145577421,
                0.02826062825153491,
                0.058807084777379046,
                0.016127060184398204,
                0.036016899686935125
            ],
            "uniqVals": [
                "Aquitaine",
                "Champagne-Ardenne",
                "Lorraine",
                "Rhône-Alpes",
                "Midi-Pyrénées",
                "Provence-Alpes-Riviera",
                "Lower Normandy",
                "Burgundy",
                "Guadeloupe",
                "Picardy",
                "Corsica",
                "Île-de-France",
                "Limousin",
                "Martinique",
                "Auvergne",
                "Poitou-Charentes",
                "Loire Valley",
                "Réunion Island",
                "Upper Normandy",
                "French Guyana",
                "Brittany",
                "Centre",
                "Alsace",
                "North Pas-de-Calais",
                "Franche-Comté",
                "Languedoc-Roussillon"
            ]
        },
        "Education": {
            "probs": [
                0.34877098585330146,
                0.12505452932336125,
                0.44111816140843557,
                0.08505632341490169
            ],
            "uniqVals": [
                "University completed",
                "Primary completed",
                "Secondary completed",
                "Less than primary completed"
            ]
        },
        "Age": {
            "probs": [
                0.01073032222411605,
                0.011029786074197051,
                0.01129422751646249,
                0.011524890222562105,
                0.011757886732251359,
                0.011897362204674236,
                0.012015434241544772,
                0.012112041426979026,
                0.012187153053035027,
                0.01224287261373765,
                0.012281365018995702,
                0.012291728949410217,
                0.012269603877221603,
                0.012221453824214322,
                0.01216370753934175,
                0.012099865727988345,
                0.01201230203146394,
                0.011896087825082526,
                0.011763920842848254,
                0.011636943502806729,
                0.011515217220841891,
                0.01141114800550919,
                0.011334454920441788,
                0.011284646638568183,
                0.011241471272159869,
                0.011197067588072795,
                0.011224704735844833,
                0.011355013887589985,
                0.01155097661926471,
                0.011741872540514562,
                0.011938096289696021,
                0.01210913952646296,
                0.012231449259325207,
                0.012315481542523184,
                0.012415313061864174,
                0.012544025400626943,
                0.012576437633375149,
                0.012463324929132595,
                0.012270709363132484,
                0.012088841576821498,
                0.011869678994989247,
                0.011834702649086638,
                0.012093708785623573,
                0.012531834347665279,
                0.012933832015980536,
                0.01335403949388337,
                0.013640437114656593,
                0.01369930423941103,
                0.013608777226486625,
                0.013537273783611973,
                0.013447023142165289,
                0.013377024388447113,
                0.013362299930273012,
                0.01337378470056939,
                0.013355559537010833,
                0.013328521194107188,
                0.013244366079141336,
                0.01307662394613606,
                0.012856463356189817,
                0.012636579137721298,
                0.012400496479864164,
                0.012210030469801878,
                0.012099328339003887,
                0.012037359712110587,
                0.01193488730976027,
                0.01178082556490215,
                0.011678951967420225,
                0.011662599988321769,
                0.011669401797467888,
                0.011653172650137308,
                0.01168251408868862,
                0.011384800591299848,
                0.010588942859291097,
                0.009491456367292535,
                0.008434627190460836,
                0.007319683233452937,
                0.006496295831469041,
                0.006163437094496828,
                0.00614631741684915,
                0.0060679661029154255,
                0.006000024781309169,
                0.005881138983976458,
                0.005641693806473729,
                0.005322853245010331,
                0.005044316857381156,
                0.004792834166626606,
                0.004482837492450261,
                0.004087104244296664,
                0.003638645459782415,
                0.003161720413062968,
                0.002767230836559113,
                0.0024467166922584097,
                0.002046899287822945,
                0.001567686499426813,
                0.001237437937521959,
                0.0010988837033581484,
                0.0009225894085145231,
                0.0006801502066698234,
                0.00037156609782404903,
                0.00021882479447059286,
                0.0002855685063400615
            ],