{
    "avail_var": [
        "Home location",
        "Age",
        "Sex",
        "Marital status",
        "Religion",
        "Race",
        "Employment"
    ],
    "marginals": {
        "Employment": {
            "probs": [
                0.05591883383403529,
                0.9440811661659647
            ],
            "uniqVals": [
                "Unemployed",
                "Employed"
            ]
        },
        "Home location": {
            "probs": [
                0.09098992619372592,
                0.04010616589152393,
                0.08217854751301765,
                0.10931891116534874,
                0.1423579220075892,
                0.028035650467342157,
                0.12469857254201688,
                0.09443202345797824,
                0.08797473681129087,
                0.07168149256753378,
                0.04467529996377382,
                0.08355075141885884
            ],
            "uniqVals": [
                "Scotland",
                "North East",
                "Yorkshire and the Humber",
                "North West",
                "South East",
                "Northern Ireland",
                "London",
                "East of England",
                "West Midlands",
                "East Midlands",
                "Wales",
                "South West"
            ]
        },
        "Religion": {
            "probs": [
                0.021752786183797262,
                0.00469842617360026,
                0.003151799904616582,
                0.01092152335369074,
                0.019053508633906976,
                0.7551219797792033,
                0.18529997597118494
            ],
            "uniqVals": [
                "Other",
                "Jewish",
                "Buddhist",
                "Hindu",
                "Muslim",
                "Christian",
                "No religion"
            ]
        },
        "Age": {
            "probs": [
                0.3879629053642805,
                0.010531207576029244,
                0.11244021764983551,
                0.004499609074353936,
                0.057067825904526324,
                0.038396094890644494,
                0.0914766011789976,
                0.2976255383613324
            ],
            "uniqVals": [
                37,
                67,
                27,
                72,
                17,
                62,
                22,
                52
            ]
        },
        "Marital status": {
            "probs": [
                0.013020690395426474,
                0.5276996129775117,
                0.1125060834373159,
                0.3467736131897459
            ],
            "uniqVals": [
                "Widowed",
                "Married/in union",
                "Separated/divorced/spouse absent",
                "Single/never married"
            ]
        },
        "Race": {
            "probs": [
                0.008155160279514887,
                0.00014758815342825324,
                0.0076013997699576384,
                0.018576591543076833,
                0.932816896770015,
                0.003751910412771132,
                0.0040592840876795605,
                0.009713983916550487,
                0.0012831631190621687,
                1.2197368051921756e-5,
                0.002895655175526225,
                0.007067155049283466,
                0.00391901435508246
            ],
            "uniqVals": [
                "Pakistani",
                "Mixed race",
                "Black African",
                "Indian",
                "White",
                "Other",
                "Other Asian",
                "Black Caribbean",
                "Other Black",
                "Afro-Ecuadorian",
                "Bangladeshi",
                "Two or more races",
                "Chinese"
            ]
        },
        "Sex": {
            "probs": [
                0.45766842430740295,
                0.542331575692597
            ],
            "uniqVals": [
                "Female",
                "Male"
            ]
        }
    },
    "pop_num": 67886000,
    "corr": [
        [
            1.0000000000000009,
            0.09374622673588726,
            0.003424532280427779,
            0.12034229904209927,
            0.2986068252820474,
            0.5083007887223735,
            0.07835388183593764
        ],
        [
            0.09374622673588726,
            0.9999999999999994,
            0.07644173227780293,
            0.7745196772901753,
            0.23066948498991827,
            0.20732569275241802,
            0.24194954383846737
        ],
        [
            0.003424532280427779,
            0.07644173227780293,
            1.0000000000000004,
            0.10176849365234347,
            0.12285074307228112,
            0.0920821401378272,
            0.06268314646149503
        ],
        [
            0.12034229904209927,
            0.7745196772901753,
            0.10176849365234347,
            0.9999999999999998,
            0.2112119274679529,
            0.18806432193389597,
            0.31443212142979626
        ],
        [
            0.2986068252820474,
            0.23066948498991827,
            0.12285074307228112,
            0.2112119274679529,
            1.0000000000000013,
            0.9078619170230215,
            0.1681002398819133
        ],
        [
            0.5083007887223735,
            0.20732569275241802,
            0.0920821401378272,
            0.18806432193389597,
            0.9078619170230215,
            0.9999999999999999,
            0.2695776781222853
        ],
        [
            0.07835388183593764,
            0.24194954383846737,
            0.06268314646149503,
            0.31443212142979626,
            0.1681002398819133,
            0.2695776781222853,
            0.9999999999999994
        ]
    ]
}
