{
    "avail_var": [
        "Home location",
        "Age",
        "Sex",
        "Marital status",
        "Religion",
        "Race",
        "Employment"
    ],
    "marginals": {
        "Employment": {
            "probs": [
                0.05591883383403529,
                0.9440811661659647
            ],
            "uniqVals": [
                "Unemployed",
                "Employed"
            ]
        },
        "Home location": {
            "probs": [
                0.09098992619372592,
                0.04010616589152393,
                0.08217854751301765,
                0.10931891116534874,
                0.1423579220075892,
                0.028035650467342157,
                0.12469857254201688,
                0.09443202345797824,
                0.08797473681129087,
                0.07168149256753378,
                0.04467529996377382,
                0.08355075141885884
            ],
            "uniqVals": [
                "Scotland",
                "North East",
                "Yorkshire and the Humber",
                "North West",
                "South East",
                "Northern Ireland",
                "London",
                "East of England",
                "West Midlands",
                "East Midlands",
                "Wales",
                "South West"
            ]
        },
        "Religion": {
            "probs": [
                0.021752786183797262,
                0.00469842617360026,
                0.003151799904616582,
                0.01092152335369074,
                0.019053508633906976,
                0.7551219797792033,
                0.18529997597118494
            ],
            "uniqVals": [
                "Other",
                "Jewish",
                "Buddhist",
                "Hindu",
                "Muslim",
                "Christian",
                "No religion"
            ]
        },
        "Age": {
            "probs": [
                0.011023074563675335,
                0.01148162522520863,
                0.011827811279762833,
                0.012072353862742902,
                0.012103006832754332,
                0.012213505606776209,
                0.012254346617061969,
                0.012234562864436235,
                0.012163142925129412,
                0.012058878402496332,
                0.011940531283495683,
                0.011768341556301043,
                0.011531750975686258,
                0.011269097966462721,
                0.011014589466179416,
                0.01074391041360023,
                0.010632789695259279,
                0.010766655805840594,
                0.011064285778912922,
                0.011353667585658504,
                0.011662847953227893,
                0.011964194784016582,
                0.012224596947133001,
                0.012457307779852623,
                0.012704812002447323,
                0.012953930318631996,
                0.013183220457596718,
                0.013384611951391618,
                0.013556949760566988,
                0.013711369650073841,
                0.013850670369348003,
                0.013928916887966549,
                0.013925910823757699,
                0.01386216153105277,
                0.013788549978431121,
                0.013707134505424918,
                0.01358409318763508,
                0.01341166652927127,
                0.013212037211047077,
                0.01301713170800822,
                0.01282296661487302,
                0.012674810593151111,
                0.012599333207572245,
                0.012582096465015093,
                0.012563423327244845,
                0.012532888822818,
                0.01260373124239997,
                0.01281907205877978,
                0.013119130576336107,
                0.013398502041184236,
                0.013675296879567636,
                0.013870883559717858,
                0.013934440345847838,
                0.013895716907886537,
                0.013850774026734515,
                0.013798856484290037,
                0.013631879242817148,
                0.013311548302098675,
                0.012889100027467728,
                0.012464223208352785,
                0.01202924719815195,
                0.011607835497386126,
                0.011225843219891035,
                0.01088301862629944,
                0.010517581914250139,
                0.010099102236702798,
                0.009872225834024001,
                0.009938788684362829,
                0.010171469900686302,
                0.01036979609748006,
                0.010608267319250136,
                0.010575452352320026,
                0.010107083855464228,
                0.009360498933210008,
                0.008652533791530574,
                0.00791406376182044,
                0.007276718916751881,
                0.006836071366689027,
                0.006520434624759743,
                0.0061625500937277505,
                0.005795795452049938,
                0.0054253239526557626,
                0.005036949341791145,
                0.004640030400638317,
                0.0042614736250962005,
                0.0038998870445459185,
                0.003533487799621861,
                0.003155360461823866,
                0.002775693071426263,
                0.002383127740506942,
                0.0020709116923325567,
                0.0018097839275105537,
                0.0014880906325693494,
                0.0011079493798334052,
                0.0008388844208441914,
                0.0007173387310597409,
                0.000596533451178948,
                0.0004451640504751648,
                0.0002632157207503178,
                0.00015036244323480882,
                0.00022733545681906492
            ],
            "uniqVals": [
                0,
                1,
                2,
                3,
                4,
                5,
                6,
                7,
                8,
                9,
                10,
                11,
                12,
                13,
                14,
                15,
                16,
                17,
                18,
                19,
                20,
                21,
                22,
                23,
                24,
                25,
                26,
                27,
                28,
                29,
                30,
                31,
                32,
                33,
                34,
                35,
                36,
                37,
                38,
                39,
                40,
                41,
                42,
                43,
                44,
                45,
                46,
                47,
                48,
                49,
                50,
                51,
                52,
                53,
                54,
                55,
                56,
                57,
                58,
                59,
                60,
                61,
                62,
                63,
                64,
                65,
                66,
                67,
                68,
                69,
                70,
                71,
                72,
                73,
                74,
                75,
                76,
                77,
                78,
                79,
                80,
                81,
                82,
                83,
                84,
                85,
                86,
                87,
                88,
                89,
                90,
                91,
                92,
                93,
                94,
                95,
                96,
                97,
                98,
                99,
                100
            ]
        },