{
    "avail_var": [
        "Home location",
        "Age",
        "Sex",
        "Marital status",
        "Religion",
        "Education",
        "Employment"
    ],
    "marginals": {
        "Employment": {
            "probs": [
                0.05077635493288253,
                0.9492236450671174
            ],
            "uniqVals": [
                "Unemployed",
                "Employed"
            ]
        },
        "Home location": {
            "probs": [
                0.1714125042957265,
                0.09119697164299823,
                0.18390482405745687,
                0.04505219090729215,
                0.08529663944014969,
                0.08387514449261829,
                0.10671452424178259,
                0.10730551206795405,
                0.029129364718460688,
                0.09611232413556098
            ],
            "uniqVals": [
                "Greater Accra",
                "Western",
                "Ashanti",
                "Upper East",
                "Central",
                "Volta",
                "Eastern",
                "Northern",
                "Upper West",
                "Brong Ahafo"
            ]
        },
        "Education": {
            "probs": [
                0.018170489140056305,
                0.39667345883218724,
                0.1404268650395554,
                0.4447291869882011
            ],
            "uniqVals": [
                "University completed",
                "Primary completed",
                "Secondary completed",
                "Less than primary completed"
            ]
        },
        "Religion": {
            "probs": [
                0.07127174331862662,
                0.17499835113528675,
                0.6892263179636,
                0.06450358758248663
            ],
            "uniqVals": [
                "Other",
                "Muslim",
                "Christian",
                "No religion"
            ]
        },
        "Age": {
            "probs": [
                0.02759632187118502,
                0.027464787296988504,
                0.027244061695600005,
                0.02694440219952372,
                0.02668287819609126,
                0.02619356037496132,
                0.025674260166511403,
                0.02513299917436659,
                0.02457789762842604,
                0.02400898840411446,
                0.023426238626007137,
                0.02287817242095088,
                0.0223890518523691,
                0.021942669335888152,
                0.021492440394718135,
                0.021040206052641845,
                0.020625120940468592,
                0.020259644844157012,
                0.0199251045224815,
                0.019595495514509936,
                0.019282094090911993,
                0.01892858464918865,
                0.01850616831730887,
                0.01804249332743943,
                0.0175876618268124,
                0.017124151214066425,
                0.016702030761008884,
                0.016348882948957158,
                0.016035974656729613,
                0.015713039359970715,
                0.015397270905794881,
                0.015032846823073475,
                0.014589258717691433,
                0.014096784855790965,
                0.013618151547686235,
                0.013143003034598954,
                0.01268580450339403,
                0.012260823888388199,
                0.011861650481766338,
                0.011463660590433425,
                0.011067150093211695,
                0.01070653955975467,
                0.010395077786213616,
                0.010117444824681607,
                0.009843526786139907,
                0.00957733447240105,
                0.00930989289252386,
                0.009033016065759793,
                0.008749334026084285,
                0.008469202532275615,
                0.008190057301207733,
                0.007901575449527052,
                0.007599647549146953,
                0.007286279000973706,
                0.006971529684963354,
                0.0066578323825431775,
                0.00632299618204543,
                0.005958341971351173,
                0.005575803529623949,
                0.005200333304205708,
                0.004832457301891541,
                0.004467277084402197,
                0.004106732301794559,
                0.003757135035609675,
                0.0034155593730498717,
                0.0030739179596406827,
                0.0027948384794221877,
                0.002606528046780941,
                0.0024781495133549512,
                0.002354077660563739,
                0.002249632436314221,
                0.0021155993298410435,
                0.0019231465936884844,
                0.0016972924260478832,
                0.001491295014921827,
                0.00129374658794186,
                0.0011177315641357787,
                0.0009749207192695819,
                0.0008566020657996367,
                0.0007419983353199954,
                0.0006348573262456549,
                0.0005374474428804291,
                0.00044881529790822227,
                0.0003689937667537275,
                0.0002984759807873389,
                0.00023624280184357497,
                0.0001836421223348469,
                0.00014103557193277715,
                0.00010704238280026163,
                7.62052344382698e-05,
                5.4441703291533554e-05,
                4.069977576987835e-05,
                2.860161948287089e-05,
                1.765410306011686e-05,
                1.0125630805430154e-05,
                7.331219706528976e-06,
                5.6216976224953135e-06,
                3.7806738396898306e-06,
                1.7752729334195726e-06,
                5.917576444731908e-07,
                4.273805210084156e-07
            ],
            "uniqVals": [
                0,
                1,
                2,
                3,
                4,
                5,
                6,
                7,
                8,
                9,
                10,
                11,
                12,
                13,
                14,
                15,
                16,
                17,
                18,
                19,
                20,
                21,
                22,
                23,
                24,
                25,
                26,
                27,
                28,
                29,
                30,
                31,
                32,
                33,
                34,
                35,
                36,
                37,
                38,
                39,
                40,
                41,
                42,
                43,
                44,
                45,
                46,
                47,
                48,
                49,
                50,
                51,
                52,
                53,
                54,
                55,
                56,
                57,
                58,
                59,
                60,
                61,
                62,
                63,
                64,
                65,
                66,
                67,
                68,
                69,
                70,
                71,
                72,
                73,
                74,
                75,
                76,
                77,
                78,
                79,
                80,
                81,
                82,
                83,
                84,
                85,
                86,
                87,
                88,
                89,
                90,
                91,
                92,
                93,
                94,
                95,
                96,
                97,
                98,
                99,
                100
            ]
        },