{
    "avail_var": [
        "Home location",
        "Age",
        "Sex",
        "Marital status",
        "Religion",
        "Education",
        "Employment"
    ],
    "marginals": {
        "Employment": {
            "probs": [
                0.05077635493288253,
                0.9492236450671174
            ],
            "uniqVals": [
                "Unemployed",
                "Employed"
            ]
        },
        "Home location": {
            "probs": [
                0.1714125042957265,
                0.09119697164299823,
                0.18390482405745687,
                0.04505219090729215,
                0.08529663944014969,
                0.08387514449261829,
                0.10671452424178259,
                0.10730551206795405,
                0.029129364718460688,
                0.09611232413556098
            ],
            "uniqVals": [
                "Greater Accra",
                "Western",
                "Ashanti",
                "Upper East",
                "Central",
                "Volta",
                "Eastern",
                "Northern",
                "Upper West",
                "Brong Ahafo"
            ]
        },
        "Education": {
            "probs": [
                0.018170489140056305,
                0.39667345883218724,
                0.1404268650395554,
                0.4447291869882011
            ],
            "uniqVals": [
                "University completed",
                "Primary completed",
                "Secondary completed",
                "Less than primary completed"
            ]
        },
        "Religion": {
            "probs": [
                0.07127174331862662,
                0.17499835113528675,
                0.6892263179636,
                0.06450358758248663
            ],
            "uniqVals": [
                "Other",
                "Muslim",
                "Christian",
                "No religion"
            ]
        },
        "Age": {
            "probs": [
                0.0028646854833950645,
                0.00027683570711997137,
                0.0054195579654050825,
                0.013940717238793796,
                0.013233441059161266,
                0.0011854469464761157,
                0.03853830746640655,
                0.01255219958552748,
                0.01964405349958518,
                0.021086376211915565,
                0.007646393151830934,
                0.0023014680102889156,
                0.004017155135606105,
                0.005515886377600433,
                0.0017530035372487218,
                0.00027596788358667996,
                0.006227501674899419,
                0.030697521843118334,
                0.0008148862977606681,
                0.021410074389833274,
                0.007570024680901287,
                0.0013190917706029984,
                0.008630505038583433,
                0.011760744523165681,
                0.018212144669654293,
                0.019734307147047492,
                0.0015325763597926942,
                0.00013624829472675708,
                0.026403531000392257,
                0.03653797422216977,
                0.00042176223717964296,
                0.010831305519010542,
                0.007606473269299528,
                0.0032612808381092557,
                0.00868170662704763,
                0.012189449348611657,
                0.00039312406058102523,
                0.0180897815514602,
                0.026643050295580697,
                0.006857541560069009,
                0.000396595354714191,
                0.002202536127493691,
                0.00010761011812813934,
                8.938582392901898e-5,
                0.04441260496325635,
                0.011661812640370457,
                0.008926432863435817,
                0.026379231941460097,
                0.026371421529660474,
                0.00336021272090448,
                0.037027426694946144,
                0.0008791052392242352,
                0.0006543389441017505,
                0.00011802400052763671,
                0.01259992987985851,
                0.004989117492892525,
                0.004158610371532611,
                0.01492743259614617,
                0.01861307914203494,
                0.005328436494409481,
                0.00031501994258479503,
                0.0034400524859672936,
                0.0006786380030339111,
                0.023300194045342042,
                0.001989051538303995,
                0.014647125594893033,
                0.021164480329911795,
                0.001440587065263801,
                0.008167955095339094,
                0.0001327770005935913,
                0.0004356474137123061,
                0.009355137688881791,
                0.005059411199089132,
                0.019047858732213957,
                0.008245191389802032,
                0.015389114715857218,
                0.007712347740361084,
                0.02569799046782631,
                0.0047053391975062225,
                0.026397456235659218,
                0.0016401864779208336,
                0.00038791711938127656,
                0.00019439247145728398,
                0.01038611204643203,
                0.0026329766000062482,
                0.030842448373178004,
                0.004054471547537637,
                0.024148057637367788,
                0.003849665193680856,
                0.03125726802209131,
                0.009027968216830917,
                0.00010327100046168212,
                0.01342175876588551,
                0.011314683227053878
            ],
            "uniqVals": [
                68,
                89,
                11,
                39,
                46,
                85,
                25,
                55,
                42,
                29,
                58,
                66,
                59,
                8,
                74,
                95,
                57,
                20,
                90,
                31,
                14,
                78,
                70,
                52,
                18,
                33,
                69,
                96,
                26,
                35,
                83,
                17,
                65,
                64,
                49,
                44,
                84,
                37,
                45,
                13,
                86,
                67,
                93,
                94,
                30,
                47,
                54,
                32,
                50,
                80,
                40,
                77,
                82,
                91,
                43,
                7,
                75,
                60,
                34,
                9,
                87,
                61,
                79,
                38,
                71,
                48,
                36,
                76,
                12,
                98,
                81,
                16,
                62,
                21,
                10,
                19,
                51,
                22,
                6,
                24,
                73,
                88,
                92,
                53,
                72,
                28,
                5,
                23,
                63,
                27,
                56,
                97,
                41,
                15
            ]
        },
        "Marital status": {
            "probs": [
                0.04073390100563391,
                0.6001607209183656,
                0.06280699257490185,
                0.29629838550109866
            ],
            "uniqVals": [
                "Widowed",
                "Married/in union",
                "Separated/divorced/spouse absent",
                "Single/never married"
            ]
        },