{
    "avail_var": [
        "Home location",
        "Age",
        "Sex",
        "Marital status",
        "Education",
        "Employment"
    ],
    "marginals": {
        "Employment": {
            "probs": [
                0.1869501238814107,
                0.8130498761185893
            ],
            "uniqVals": [
                "Unemployed",
                "Employed"
            ]
        },
        "Home location": {
            "probs": [
                0.0019900806226425967,
                0.0096224165517975,
                0.015082949574282307,
                0.013021952938360688,
                0.018657559868628087,
                0.10408476236487176,
                0.002340228438207775,
                0.013941644985573024,
                0.0038538420966319326,
                0.04846001444913771,
                0.007716548694923743,
                0.0035967715484954725,
                0.008789153395768974,
                0.019298020113554266,
                0.017449771517469716,
                0.009540419911443629,
                0.001360701004791263,
                0.00992159348281838,
                0.012505595716672799,
                0.014243038042008873,
                0.0132679428594223,
                0.008055615883414075,
                0.004642782744361069,
                0.011054033569867786,
                0.010557621476914622,
                0.026815117521130756,
                0.0038250324662373295,
                0.02907113319356969,
                0.005287675240117189,
                0.04945505476045901,
                0.2723108426152053,
                0.007149220588691555,
                0.010854582282520533,
                0.012186473656917192,
                0.011268997735119825,
                0.008647321369210927,
                0.013471826397599493,
                0.013602577797082693,
                0.0043014994304557685,
                0.007760871203223133,
                0.01691790141787704,
                0.02473417575647441,
                0.008642889118380988,
                0.0036832004396792823,
                0.006508760343765374,
                0.007175814093671189,
                0.004773534143844268,
                0.01219755428399204,
                0.01193826761044061,
                0.012419166825488989,
                0.009611335924722651,
                0.004372415443734792,
                0.014841391904050634,
                0.0031203045842770334
            ],
            "uniqVals": [
                "Lefkada",
                "Xanthi",
                "Prefecture of West Attiki",
                "Korinthia",
                "Evia",
                "Thessaloniki",
                "Grevena",
                "Serres",
                "Thesprotia",
                "Prefecture of East Attiki",
                "Lakonia",
                "Kefallinia",
                "Karditsa",
                "Dodekanissos",
                "Magnissia",
                "Rodopi",
                "Evrytania",
                "Kerkyra",
                "Kozani",
                "Ioannina",
                "Ilia",
                "Drama",
                "Kastoria",
                "Viotia",
                "Pieria",
                "Achaia",
                "Zakynthos",
                "Iraklio",
                "Arta",
                "Prefecture of Pireas",
                "Prefecture of Athens",
                "Lassithi",
                "Trikala",
                "Imathia",
                "Kyklades",
                "Argolida",
                "Messinia",
                "Fthiotida",
                "Florina",
                "Rethymno",
                "Etolia and Akarnania",
                "Larissa",
                "Lesvos",
                "Samos",
                "Kilkis",
                "Arkadia",
                "Preveza",
                "Kavala",
                "Pella",
                "Evros",
                "Chalkidiki and Aghion Oros",
                "Chios",
                "Chania",
                "Fokida"
            ]
        },
        "Education": {
            "probs": [
                0.20853075317238354,
                0.24929416405533222,
                0.5249424915454816,
                0.017232591226802707
            ],
            "uniqVals": [
                "University completed",
                "Primary completed",
                "Secondary completed",
                "Less than primary completed"
            ]
        },
        "Age": {
            "probs": [
                0.0006382441195112114,
                4.432250829938968e-5,
                0.029518790527393528,
                0.02572699994238074,
                2.4377379564664323e-5,
                0.0205301858442773,
                0.017666951808136724,
                0.03009055088445565,
                0.028701040249269786,
                0.012813637149353557,
                0.0016465811833223265,
                0.011362075002548544,
                0.00024598992106161273,
                0.014194283282879545,
                0.007712116444093804,
                0.030296650548047817,
                7.313213869399297e-5,
                0.00012631914865326058,
                0.000545166852082493,
                0.02924842322676725,
                0.0030560369472429185,
                0.02151857777935369,
                0.0006980795057153874,
                0.02366600330645912,
                0.03010827988777541,
                3.767413205448123e-5,
                0.005351942877151304,
                0.0011102788328997114,
                0.0028366405311609395,
                0.023338016745043634,
                0.029339284368781,
                2.216125414969484e-5,
                0.029212965220127736,
                0.027708216063363458,
                0.00010194176908859627,
                0.0009994725621512372,
                0.02964067742521685,
                0.019180565466560884,
                0.025223939473182667,
                0.024246628165181125,
                0.03018362815188437,
                0.00016842553153768077,
                0.029696080560591084,
                9.75095182586573e-5,
                2.6593504979633807e-5,
                0.030258976415993333,
                0.00021496416525203994,
                0.00927226873623232,
                0.029948718857897606,
                0.007220136601970579,
                0.00010415789450356574,
                0.029401335880400142,
                0.0003900380730346292,
                0.029292745735066638,
                0.024448295577943348,
                0.00014848040280295542,
                5.0970884544298134e-5,
                5.54031353742371e-5,
                2.2161254149694838e-6,
                0.0006493247465860588,
                0.006050022382866691,
                0.01086344678418041,
                0.005050549820715454,
                0.022963491549913794,
                0.01421866066244421,
                0.01872625975649214,
                0.000279231802286155,
                0.019825457962317005,
                0.0003567961918100869,
                0.027249478102464773,
                0.01618436390552214,
                0.005631174679437459,
                0.02482503689848816,
                0.016306250803345464,
                0.030775333637681222,
                0.00046095408631365264
            ],