{
    "avail_var": [
        "Home location",
        "Age",
        "Sex",
        "Marital status",
        "Education",
        "Employment"
    ],
    "marginals": {
        "Employment": {
            "probs": [
                0.1869501238814107,
                0.8130498761185893
            ],
            "uniqVals": [
                "Unemployed",
                "Employed"
            ]
        },
        "Home location": {
            "probs": [
                0.0019900806226425967,
                0.0096224165517975,
                0.015082949574282307,
                0.013021952938360688,
                0.018657559868628087,
                0.10408476236487176,
                0.002340228438207775,
                0.013941644985573024,
                0.0038538420966319326,
                0.04846001444913771,
                0.007716548694923743,
                0.0035967715484954725,
                0.008789153395768974,
                0.019298020113554266,
                0.017449771517469716,
                0.009540419911443629,
                0.001360701004791263,
                0.00992159348281838,
                0.012505595716672799,
                0.014243038042008873,
                0.0132679428594223,
                0.008055615883414075,
                0.004642782744361069,
                0.011054033569867786,
                0.010557621476914622,
                0.026815117521130756,
                0.0038250324662373295,
                0.02907113319356969,
                0.005287675240117189,
                0.04945505476045901,
                0.2723108426152053,
                0.007149220588691555,
                0.010854582282520533,
                0.012186473656917192,
                0.011268997735119825,
                0.008647321369210927,
                0.013471826397599493,
                0.013602577797082693,
                0.0043014994304557685,
                0.007760871203223133,
                0.01691790141787704,
                0.02473417575647441,
                0.008642889118380988,
                0.0036832004396792823,
                0.006508760343765374,
                0.007175814093671189,
                0.004773534143844268,
                0.01219755428399204,
                0.01193826761044061,
                0.012419166825488989,
                0.009611335924722651,
                0.004372415443734792,
                0.014841391904050634,
                0.0031203045842770334
            ],
            "uniqVals": [
                "Lefkada",
                "Xanthi",
                "Prefecture of West Attiki",
                "Korinthia",
                "Evia",
                "Thessaloniki",
                "Grevena",
                "Serres",
                "Thesprotia",
                "Prefecture of East Attiki",
                "Lakonia",
                "Kefallinia",
                "Karditsa",
                "Dodekanissos",
                "Magnissia",
                "Rodopi",
                "Evrytania",
                "Kerkyra",
                "Kozani",
                "Ioannina",
                "Ilia",
                "Drama",
                "Kastoria",
                "Viotia",
                "Pieria",
                "Achaia",
                "Zakynthos",
                "Iraklio",
                "Arta",
                "Prefecture of Pireas",
                "Prefecture of Athens",
                "Lassithi",
                "Trikala",
                "Imathia",
                "Kyklades",
                "Argolida",
                "Messinia",
                "Fthiotida",
                "Florina",
                "Rethymno",
                "Etolia and Akarnania",
                "Larissa",
                "Lesvos",
                "Samos",
                "Kilkis",
                "Arkadia",
                "Preveza",
                "Kavala",
                "Pella",
                "Evros",
                "Chalkidiki and Aghion Oros",
                "Chios",
                "Chania",
                "Fokida"
            ]
        },
        "Education": {
            "probs": [
                0.20853075317238354,
                0.24929416405533222,
                0.5249424915454816,
                0.017232591226802707
            ],
            "uniqVals": [
                "University completed",
                "Primary completed",
                "Secondary completed",
                "Less than primary completed"
            ]
        },