{
    "avail_var": [
        "Home location",
        "Age",
        "Sex",
        "Marital status",
        "Education",
        "Employment"
    ],
    "marginals": {
        "Employment": {
            "probs": [
                0.009313495076593027,
                0.9906865049234069
            ],
            "uniqVals": [
                "Unemployed",
                "Employed"
            ]
        },
        "Home location": {
            "probs": [
                0.054558219136806835,
                0.018060527172144483,
                0.04937568548046908,
                0.05995166986055369,
                0.05323546781405551,
                0.2999542008653626,
                0.015246290872714563,
                0.011934892914391775,
                0.021489436068023768,
                0.02333646695833484,
                0.04406961468464885,
                0.06178363524604982,
                0.027470441479553097,
                0.02555712236805631,
                0.020477034144460112,
                0.02673524484458425,
                0.036536862277181184,
                0.03101384821202589,
                0.03154114088054862,
                0.0357172988152487,
                0.026879873690807632,
                0.025075026213978377
            ],
            "uniqVals": [
                "San Marcos",
                "Zacapa",
                "Escuintla",
                "Alta Verapaz",
                "Quetzaltenango",
                "Guatemala",
                "Baja Verapaz",
                "El Progreso",
                "Jalapa",
                "Sololá",
                "Quiché",
                "Huehuetenango",
                "Totonicapán",
                "Izabal",
                "Retalhuleu",
                "Chiquimula",
                "Chimaltenango",
                "Jutiapa",
                "Petén",
                "Suchitepéquez",
                "Sacatepéquez",
                "Santa Rosa"
            ]
        },
        "Education": {
            "probs": [
                0.044777693410950815,
                0.30523616685347893,
                0.10280399175615576,
                0.5471821479794144
            ],
            "uniqVals": [
                "University completed",
                "Primary completed",
                "Secondary completed",
                "Less than primary completed"
            ]
        },
        "Age": {
            "probs": [
                0.023875583597190584,
                0.023585164294510876,
                0.023320908892973488,
                0.023082077977980914,
                0.023065412710514176,
                0.022780169310016973,
                0.022535764346520163,
                0.02233134464933433,
                0.022165886413632162,
                0.022017662225856348,
                0.021864887794403605,
                0.02181096740683205,
                0.021896625744050158,
                0.022058500662856747,
                0.022202231485001597,
                0.02235904425771761,
                0.022368030988979534,
                0.022143362707431388,
                0.021759265263052996,
                0.02137425776993922,
                0.020954839059018703,
                0.020537354201660883,
                0.020155133732799226,
                0.019783606336578337,
                0.01937800899082648,
                0.018963083645536925,
                0.018475468157508505,
                0.017884277747784085,
                0.017232284706926764,
                0.0165815429830806,
                0.015906116187287118,
                0.015327950850087898,
                0.014909897212270457,
                0.014591095764655936,
                0.014253012659460444,
                0.013925508870813801,
                0.01353913630459695,
                0.013049245694730066,
                0.012494229722237198,
                0.011960258626750108,
                0.011434307335743597,
                0.010913076922551893,
                0.010404985337977311,
                0.009910316972249655,
                0.009420653874566616,
                0.00893764550826108,
                0.00848449811608536,
                0.008071904770680231,
                0.007692585082162613,
                0.007327257392951536,
                0.006978594971207195,
                0.006654560743364208,
                0.006356747294709498,
                0.006082424479036913,
                0.005824880686922986,
                0.005582807723310602,
                0.005362007148887841,
                0.005163730280665854,
                0.004983426874967721,
                0.0048104607371986284,
                0.004641077916325113,
                0.004487564070274872,
                0.004353047491575792,
                0.004227290131954791,
                0.004105059211183406,
                0.003996820289718564,
                0.0038365948342448607,
                0.003593953090172861,
                0.0033024531046198847,
                0.0030223287282592198,
                0.002737540352129707,
                0.002499960754148286,
                0.0023404747132720824,
                0.002232804572266856,
                0.0021193328705735514,
                0.0020108095588789016,
                0.0019011486862650208,
                0.0017811360092861372,
                0.0016558336740328283,
                0.0015400868505010613,
                0.0014318479290362195,
                0.001320651349181377,
                0.0012032550623167246,
                0.001083071751199956,
                0.0009678937081278044,
                0.0008572659087325772,
                0.0007499370360031205,
                0.0006463621143071264,
                0.0005477355826097877,
                0.00044524134378706314,
                0.00036163061622357525,
                0.0003025912045154798,
                0.00023718145165968997,
                0.0001649463332885134,
                0.00011409736019888202,
                9.100487353849016e-05,
                7.303141101463835e-05,
                5.2441558376554956e-05,
                2.9235315624239964e-05,
                1.649463332885134e-05,
                2.2694340338660984e-05
            ],