{
    "avail_var": [
        "Home location",
        "Age",
        "Sex",
        "Marital status",
        "Education",
        "Employment"
    ],
    "marginals": {
        "Employment": {
            "probs": [
                0.009313495076593027,
                0.9906865049234069
            ],
            "uniqVals": [
                "Unemployed",
                "Employed"
            ]
        },
        "Home location": {
            "probs": [
                0.054558219136806835,
                0.018060527172144483,
                0.04937568548046908,
                0.05995166986055369,
                0.05323546781405551,
                0.2999542008653626,
                0.015246290872714563,
                0.011934892914391775,
                0.021489436068023768,
                0.02333646695833484,
                0.04406961468464885,
                0.06178363524604982,
                0.027470441479553097,
                0.02555712236805631,
                0.020477034144460112,
                0.02673524484458425,
                0.036536862277181184,
                0.03101384821202589,
                0.03154114088054862,
                0.0357172988152487,
                0.026879873690807632,
                0.025075026213978377
            ],
            "uniqVals": [
                "San Marcos",
                "Zacapa",
                "Escuintla",
                "Alta Verapaz",
                "Quetzaltenango",
                "Guatemala",
                "Baja Verapaz",
                "El Progreso",
                "Jalapa",
                "Sololá",
                "Quiché",
                "Huehuetenango",
                "Totonicapán",
                "Izabal",
                "Retalhuleu",
                "Chiquimula",
                "Chimaltenango",
                "Jutiapa",
                "Petén",
                "Suchitepéquez",
                "Sacatepéquez",
                "Santa Rosa"
            ]
        },
        "Education": {
            "probs": [
                0.044777693410950815,
                0.30523616685347893,
                0.10280399175615576,
                0.5471821479794144
            ],
            "uniqVals": [
                "University completed",
                "Primary completed",
                "Secondary completed",
                "Less than primary completed"
            ]
        },
        "Age": {
            "probs": [
                0.003437948198768244,
                0.00021995637029805594,
                0.006896988104277398,
                0.016044762627906137,
                0.01199214183268853,
                0.0005694760820045558,
                0.030811970447505756,
                0.009768473322004074,
                0.02108266743802051,
                0.02007026551445686,
                0.007168167190946234,
                0.003552446035361753,
                0.004986682093743597,
                0.003700087982548119,
                0.0018801750009039303,
                6.327512022272843e-5,
                0.006559520796422846,
                0.03393655614612334,
                0.0002139301683720818,
                0.01653288498391004,
                0.017021007339913945,
                0.0013558954333441804,
                0.004561834857962421,
                0.0197810078220101,
                0.03004664280290704,
                0.013387207578551542,
                0.0022809174289812103,
                5.724891829675429e-5,
                0.02538236251220306,
                0.023399742078557568,
                0.0005122271637078015,
                0.027093803859179713,
                0.005625459497896856,
                0.00402851598751371,
                0.010753757336900845,
                0.012471224885803473,
                0.0005393450723746851,
                0.01799122584999578,
                0.017536247604584734,
                0.012667076448397633,
                0.00035253281266948695,
                0.0035494329343987658,
                6.930132214870256e-5,
                5.724891829675429e-5,
                0.029594677658458978,
                0.00904231598992419,
                0.012031312145207362,
                0.024071663593303684,
                0.01668655313302238,
                0.0016210483180870425,
                0.024791794723457595,
                0.001380000241048077,
                0.0008587337744513144,
                0.00012052403851948272,
                0.014764194718636632,
                0.004338865386701377,
                0.002769039784985115,
                0.010030613105783948,
                0.017927950729773053,
                0.002769039784985115,
                0.00034349350978052573,
                0.0034017909872123995,
                0.0008527075725253401,
                0.020127514432753613,
                0.0018018343758662665,
                0.018587819840667222,
                0.014538212146412603,
                0.001467380168974702,
                0.011145460462089163,
                0.0006387774041532584,
                0.000623711899338323,
                0.022634414433958853,
                0.00608345084427089,
                0.026560484988731002,
                0.006704149642646226,
                0.02699437152740114,
                0.008472839907919635,
                0.03628978799821624,
                0.00026213978377987487,
                0.028913716840823903,
                0.0022025768039435466,
                0.00012052403851948272,
                0.009427992913186535,
                0.00315471670824746,
                0.02454773354545564,
                0.031375420327584336,
                0.004658254088778006,
                0.024306685468416675,
                0.007475503489170915,
                8.135372600065082e-5,
                0.020471007942534137,
                0.01292620313121452
            ],
            "uniqVals": [
                68,
                89,
                11,
                39,
                46,
                85,
                25,
                55,
                42,
                29,
                58,
                66,
                59,
                8,
                74,
                95,
                57,
                20,
                90,
                31,
                14,
                78,
                70,
                33,
                18,
                52,
                69,
                96,
                26,
                35,
                83,
                17,
                65,
                64,
                49,
                44,
                84,
                37,
                45,
                13,
                86,
                67,
                93,
                94,
                30,
                54,
                47,
                32,
                50,
                77,
                40,
                80,
                82,
                91,
                43,
                9,
                75,
                60,
                34,
                7,
                87,
                61,
                79,
                38,
                71,
                36,
                48,
                76,
                12,
                98,
                81,
                16,
                62,
                21,
                10,
                19,
                51,
                22,
                88,
                24,
                73,
                92,
                53,
                72,
                28,
                23,
                63,
                27,
                56,
                97,
                15,
                41
            ]
        },