{
    "avail_var": [
        "Home location",
        "Age",
        "Sex",
        "Marital status",
        "Education",
        "Employment"
    ],
    "marginals": {
        "Employment": {
            "probs": [
                0.020807794564819383,
                0.9791922054351806
            ],
            "uniqVals": [
                "Unemployed",
                "Employed"
            ]
        },
        "Home location": {
            "probs": [
                0.20688923205918094,
                0.027313878761827434,
                0.19571850837671606,
                0.022426355478430686,
                0.05790202665053412,
                0.04762283815982891,
                0.03215894798847373,
                0.04981452883957142,
                0.06361740404056485,
                0.039890893074151314,
                0.05205928709025202,
                0.01768211463656674,
                0.00795482888361751,
                0.044820870414298525,
                0.005126327352618088,
                0.05365662097548809,
                0.019507639076836537,
                0.05583769814104299
            ],
            "uniqVals": [
                "Francisco Morazán",
                "Intibucá",
                "Cortés",
                "La Paz",
                "Olancho",
                "Atlántida",
                "Colón",
                "Santa Bárbara",
                "Yoro",
                "Lempira",
                "Comayagua",
                "Ocotepeque",
                "Gracias a Dios",
                "Copán",
                "Islas de la Bahía",
                "El Paraíso",
                "Valle",
                "Choluteca"
            ]
        },
        "Education": {
            "probs": [
                0.02719713010576367,
                0.3679864571558966,
                0.12121694553675194,
                0.4835994672015878
            ],
            "uniqVals": [
                "University completed",
                "Primary completed",
                "Secondary completed",
                "Less than primary completed"
            ]
        },
        "Age": {
            "probs": [
                0.021479635731776196,
                0.02099616103442243,
                0.020641660805356798,
                0.02040248858134754,
                0.02020076717748559,
                0.020211027676156085,
                0.020277002682607376,
                0.02038699522835509,
                0.020529616159874982,
                0.020700350857752032,
                0.020894992517531342,
                0.021066445450315326,
                0.02118936622438787,
                0.021273297103512525,
                0.021344299754312356,
                0.0213865730088348,
                0.021411711230577515,
                0.02142443424892893,
                0.02140647837625556,
                0.021353534203115802,
                0.02128920087645179,
                0.021069113179969658,
                0.020628116947111745,
                0.02004121642315938,
                0.019447338760111076,
                0.018817549351716038,
                0.01824193537630122,
                0.017779186886261854,
                0.017388672306862783,
                0.016967376231452225,
                0.016531818062889673,
                0.01611401055702708,
                0.015718776148239577,
                0.015336777782737015,
                0.014955908072088209,
                0.01457955298085442,
                0.014183702942146688,
                0.013755019307693371,
                0.013303967786138373,
                0.012859175168772375,
                0.012420949270555495,
                0.011966203969479118,
                0.01148806473143401,
                0.010999459784744996,
                0.010516190297364642,
                0.010031073920223595,
                0.009587409957711353,
                0.009207053271996071,
                0.008869688075710166,
                0.008535503634012115,
                0.008215991705412873,
                0.007884988018302676,
                0.00752669140472896,
                0.007156082192750649,
                0.006801992383631836,
                0.0064558031584893046,
                0.006139061564531097,
                0.005864388015121922,
                0.00561957251684389,
                0.0053776299581935975,
                0.005141330673812077,
                0.004912726763433429,
                0.004689253102390028,
                0.004468960195934481,
                0.004256978293402037,
                0.004057411594260892,
                0.0038361952429250006,
                0.003578656726295554,
                0.0033014180522187553,
                0.003035363321692797,
                0.0027728997657015123,
                0.0025386525810540913,
                0.0023477047007961632,
                0.002188256551456657,
                0.0020317839467315947,
                0.00188187806115565,
                0.0017452082188646448,
                0.0016212613949250546,
                0.00150757506965596,
                0.0014024049582833772,
                0.0013061614807541259,
                0.0012088919533578249,
                0.0011055687317459313,
                0.000999680385466414,
                0.0009011795982296533,
                0.0008084246902483706,
                0.000717721882001187,
                0.0006280451236210531,
                0.0005411386998819529,
                0.0004525905963555734,
                0.00037943324083493775,
                0.0003249499928946046,
                0.00026472086569879376,
                0.00019843804428739038,
                0.00015298403517709363,
                0.00013143698796905226,
                0.00010896649588066628,
                8.105793949691748e-05,
                4.791652879121578e-05,
                2.9447631184323182e-05,
                4.627484900393643e-05
            ],