{
    "avail_var": [
        "Home location",
        "Age",
        "Sex",
        "Marital status",
        "Education",
        "Employment"
    ],
    "marginals": {
        "Employment": {
            "probs": [
                0.020807794564819383,
                0.9791922054351806
            ],
            "uniqVals": [
                "Unemployed",
                "Employed"
            ]
        },
        "Home location": {
            "probs": [
                0.20688923205918094,
                0.027313878761827434,
                0.19571850837671606,
                0.022426355478430686,
                0.05790202665053412,
                0.04762283815982891,
                0.03215894798847373,
                0.04981452883957142,
                0.06361740404056485,
                0.039890893074151314,
                0.05205928709025202,
                0.01768211463656674,
                0.00795482888361751,
                0.044820870414298525,
                0.005126327352618088,
                0.05365662097548809,
                0.019507639076836537,
                0.05583769814104299
            ],
            "uniqVals": [
                "Francisco Morazán",
                "Intibucá",
                "Cortés",
                "La Paz",
                "Olancho",
                "Atlántida",
                "Colón",
                "Santa Bárbara",
                "Yoro",
                "Lempira",
                "Comayagua",
                "Ocotepeque",
                "Gracias a Dios",
                "Copán",
                "Islas de la Bahía",
                "El Paraíso",
                "Valle",
                "Choluteca"
            ]
        },
        "Education": {
            "probs": [
                0.02719713010576367,
                0.3679864571558966,
                0.12121694553675194,
                0.4835994672015878
            ],
            "uniqVals": [
                "University completed",
                "Primary completed",
                "Secondary completed",
                "Less than primary completed"
            ]
        },
        "Age": {
            "probs": [
                0.003359177240380176,
                0.00013797568443899618,
                0.004638105699987794,
                0.016328891577645815,
                0.012253302129601622,
                0.0003873932678479508,
                0.03155928443687347,
                0.008188326195745043,
                0.01848343495773168,
                0.021396844602232023,
                0.0060497030869406014,
                0.0036192083379767456,
                0.00469117327092587,
                0.0028868758590313045,
                0.0018149109260821804,
                5.3067570938075455e-5,
                0.005428812506965119,
                0.035682634698761935,
                0.00014328244153280373,
                0.018016440333476616,
                0.01670567133130615,
                0.0012736217025138108,
                0.003953534034886621,
                0.010602900673427475,
                0.01995340667271637,
                0.03532708197347683,
                0.00205371499530352,
                3.184054256284527e-5,
                0.026602773311257225,
                0.02294111091653002,
                0.00042984732459841116,
                0.02766943148711254,
                0.005083873295867628,
                0.004293166488890304,
                0.010433084446425633,
                0.013526923832115432,
                0.00042984732459841116,
                0.016822419987369917,
                0.016986929457277953,
                0.01123971152468438,
                0.00028656488306560746,
                0.003396324540036829,
                5.8374328031882995e-5,
                8.490811350092072e-5,
                2.122702837523018e-5,
                0.03168133985003104,
                0.011409527751686223,
                0.008549185678123955,
                0.01599456588073594,
                0.022797828474997214,
                0.0011887135890128902,
                0.024909917798332615,
                0.0011940203461066976,
                0.0005784365232250224,
                8.490811350092072e-5,
                0.002382733935119588,
                0.014535207679938867,
                0.002202304193930131,
                0.009074554630410903,
                0.018791226869172516,
                0.0025737771904966594,
                0.0002494175834089546,
                0.004139270533169885,
                0.0008278541066339771,
                0.021635648671453362,
                0.0017989906548007578,
                0.01964561476127553,
                0.0132934265199879,
                0.0016291744277989165,
                0.00799728294036797,
                1.5920271281422636e-5,
                0.0006049703086940601,
                2.122702837523018e-5,
                0.02582798677556132,
                0.005025498967835745,
                0.031049835755867946,
                0.003980067820355659,
                0.03030158300564108,
                0.008533265406842532,
                0.03561895361363624,
                0.00020696352665849427,
                0.030816338443740415,
                0.0021492366229920556,
                9.021487059472827e-5,
                0.008098111325150315,
                0.002181077165554901,
                0.026125165172814546,
                0.0335493183470513,
                0.004765467870239176,
                0.024835623199019313,
                0.007238416675953491,
                4.245405675046036e-5,
                0.012831738652826644,
                0.021598501371796707
            ],
            "uniqVals": [
                68,
                89,
                11,
                39,
                46,
                85,
                25,
                55,
                42,
                29,
                58,
                66,
                59,
                8,
                74,
                95,
                57,
                20,
                90,
                31,
                14,
                78,
                70,
                52,
                33,
                18,
                69,
                96,
                26,
                35,
                83,
                17,
                65,
                64,
                49,
                44,
                84,
                37,
                45,
                13,
                86,
                67,
                99,
                93,
                94,
                30,
                47,
                54,
                50,
                32,
                80,
                40,
                77,
                82,
                91,
                7,
                43,
                75,
                60,
                34,
                9,
                87,
                61,
                79,
                38,
                71,
                36,
                48,
                76,
                12,
                100,
                81,
                98,
                16,
                62,
                21,
                10,
                19,
                51,
                22,
                88,
                24,
                73,
                92,
                53,
                72,
                28,
                23,
                63,
                27,
                56,
                97,
                41,
                15
            ]
        },
        "Marital status": {
            "probs": [
                0.016986929457277953,
                0.5659815643258561,
                0.030015018122575475,
                0.38701648809429046
            ],