{
    "avail_var": [
        "Home location",
        "Age",
        "Sex",
        "Marital status",
        "Religion",
        "Education",
        "Employment"
    ],
    "marginals": {
        "Employment": {
            "probs": [
                0.35085012911231095,
                0.649149870887689
            ],
            "uniqVals": [
                "Unemployed",
                "Employed"
            ]
        },
        "Home location": {
            "probs": [
                0.04780509071397431,
                0.6947315470002348,
                0.11911532915255374,
                0.1383480331332372
            ],
            "uniqVals": [
                "Nord'Ouest (North West)",
                "Centre (Central), L'Artibonite, Ouest (West), Sud'Est (South East)",
                "Nord (North) and Nord'est (North East)",
                "Grand'Anse, Nippes, Sud (South)"
            ]
        },
        "Education": {
            "probs": [
                0.009393339816895267,
                0.1963211375297629,
                0.12224085314732218,
                0.6720446695060196
            ],
            "uniqVals": [
                "University completed",
                "Primary completed",
                "Secondary completed",
                "Less than primary completed"
            ]
        },
        "Religion": {
            "probs": [
                0.06316107179985915,
                0.00031523525269123716,
                0.8284114155404273,
                0.10811227740702237
            ],
            "uniqVals": [
                "Other",
                "Muslim",
                "Christian",
                "No religion"
            ]
        },
        "Age": {
            "probs": [
                0.004477011301519166,
                0.0002381032227774238,
                0.007240350112344479,
                0.016858378885945203,
                0.012998423823736545,
                0.0009088165263758007,
                0.031298836312418254,
                0.012099667996914719,
                0.02173111103658741,
                0.01970220329320232,
                0.007931184815050807,
                0.00318588819209229,
                0.004996814111807908,
                0.0013280123411247861,
                0.005691002381032228,
                0.026841946410007044,
                0.012824038364800967,
                0.00921895435795969,
                0.0015560548643482343,
                0.012810624098728999,
                0.019534524967302725,
                0.013897179650558368,
                0.01968208189409437,
                0.003102049029142493,
                0.025597773231832054,
                0.03471947416076998,
                0.0005332170763607096,
                0.011120426573661088,
                0.009765585700392368,
                0.004037694087662229,
                0.011335054830812569,
                0.009430229048593178,
                0.00028840672054730206,
                0.01758610282034944,
                0.03114792581910862,
                0.009135115195009893,
                0.00026493175492135887,
                0.00336362721754586,
                0.04442804923035648,
                0.011774372044669506,
                0.009406754082967235,
                0.033757000570106305,
                0.0009691807236996546,
                0.02571179449344378,
                0.04908615312384721,
                0.0038767228947986184,
                0.0007646131661021496,
                0.014789228344344211,
                0.004014219122036286,
                0.022391763640631814,
                0.017448606593111773,
                0.00032529595224521277,
                0.003075220496998558,
                0.0008383916294979711,
                0.025866058553271405,
                0.0016734296924779503,
                0.017891277373486704,
                0.019403735873101045,
                0.0012676481438009322,
                0.012069485898252791,
                6.707133035983769e-6,
                0.0004896207116268152,
                3.3535665179918844e-6,
                0.011519500989302123,
                0.005798316509607968,
                0.013645662161708977,
                0.013451155303665448,
                0.014064857976457963,
                0.006764143666789631,
                0.025651430296119923,
                0.0003420637848351722,
                0.022190549649552298,
                0.0018411080183775444,
                6.707133035983769e-6,
                0.008937254770448372,
                0.0029712599349408096,
                0.03179851772359905,
                0.02344142996076327,
                0.004285858009993628,
                0.024118850397397633,
                0.008605251685167176,
                0.010127770884335491,
                0.010630805862034274
            ],
            "uniqVals": [
                68,
                89,
                11,
                39,
                46,
                85,
                25,
                55,
                42,
                29,
                58,
                66,
                59,
                74,
                57,
                20,
                31,
                14,
                78,
                70,
                33,
                52,
                18,
                69,
                26,
                35,
                83,
                17,
                65,
                64,
                49,
                44,
                84,
                37,
                45,
                13,
                86,
                67,
                30,
                47,
                54,
                50,
                77,
                32,
                40,
                80,
                82,
                43,
                75,
                60,
                34,
                87,
                61,
                79,
                38,
                71,
                48,
                36,
                76,
                12,
                100,
                81,
                98,
                16,
                62,
                21,
                10,
                19,
                51,
                22,
                88,
                24,
                73,
                92,
                53,
                72,
                28,
                23,
                63,
                27,
                56,
                41,
                15
            ]
        },
        "Marital status": {
            "probs": [
                0.02931017136724907,
                0.6225057849022435,
                0.03972299540561387,
                0.3084610483248935
            ],
            "uniqVals": [
                "Widowed",
                "Married/in union",
                "Separated/divorced/spouse absent",
                "Single/never married"
            ]
        },
        "Sex": {
            "probs": [
                0.43155370736778564,
                0.5684462926322144
            ],
            "uniqVals": [
                "Female",
                "Male"
            ]
        }
    },
    "pop_num": 11403000,