{
    "avail_var": [
        "Home location",
        "Age",
        "Sex",
        "Marital status",
        "Religion",
        "Education",
        "Employment"
    ],
    "marginals": {
        "Employment": {
            "probs": [
                0.35085012911231095,
                0.649149870887689
            ],
            "uniqVals": [
                "Unemployed",
                "Employed"
            ]
        },
        "Home location": {
            "probs": [
                0.04780509071397431,
                0.6947315470002348,
                0.11911532915255374,
                0.1383480331332372
            ],
            "uniqVals": [
                "Nord'Ouest (North West)",
                "Centre (Central), L'Artibonite, Ouest (West), Sud'Est (South East)",
                "Nord (North) and Nord'est (North East)",
                "Grand'Anse, Nippes, Sud (South)"
            ]
        },
        "Education": {
            "probs": [
                0.009393339816895267,
                0.1963211375297629,
                0.12224085314732218,
                0.6720446695060196
            ],
            "uniqVals": [
                "University completed",
                "Primary completed",
                "Secondary completed",
                "Less than primary completed"
            ]
        },
        "Religion": {
            "probs": [
                0.06316107179985915,
                0.00031523525269123716,
                0.8284114155404273,
                0.10811227740702237
            ],
            "uniqVals": [
                "Other",
                "Muslim",
                "Christian",
                "No religion"
            ]
        },
        "Age": {
            "probs": [
                0.02265970077986668,
                0.02256478890008674,
                0.022470764876993232,
                0.022376296925556507,
                0.022321427382334797,
                0.022212221009903246,
                0.022100262281743745,
                0.021984041841489353,
                0.021861695190098555,
                0.021732778399228138,
                0.02159711389754081,
                0.021446267046515435,
                0.021276064919725772,
                0.02108881594455655,
                0.020892510831185686,
                0.020687859864962327,
                0.020461989123933166,
                0.020210104181991446,
                0.019938242464604933,
                0.01966052089308794,
                0.019377205824446412,
                0.019083414046904938,
                0.018778879203457603,
                0.01846848450587979,
                0.018154183238881662,
                0.01783269033272341,
                0.017531618130353168,
                0.01726419569639883,
                0.017017371537569794,
                0.016749416389603592,
                0.016449143258251146,
                0.016187935821101854,
                0.01599065406537591,
                0.01581379301343798,
                0.015613226187972227,
                0.015427131426495369,
                0.015050413834440834,
                0.014385675533306658,
                0.013538660254447298,
                0.012717659176500496,
                0.011888223460032555,
                0.011126708780076924,
                0.010494643605003571,
                0.009960775379449973,
                0.009419094015055742,
                0.00887457150926492,
                0.008448222728438646,
                0.008184529292567336,
                0.008031374014157232,
                0.007890382372351292,
                0.00777895635820365,
                0.007645067569889194,
                0.007452225097595428,
                0.007221559930459515,
                0.007014689322520069,
                0.0068238889206051045,
                0.006607429460452156,
                0.006352525805776557,
                0.006073916377573132,
                0.005795306949369707,
                0.005507019883284137,
                0.005246966659827212,
                0.005035124054443728,
                0.004851071363345672,
                0.004663200888495944,
                0.0044875828359190245,
                0.004265085950298316,
                0.0039658782469695905,
                0.003623698280017392,
                0.0032949249490303676,
                0.0029601141925755833,
                0.0026907384739110864,
                0.0025255971302341044,
                0.0024274001807143503,
                0.002323165805726836,
                0.002230739924668912,
                0.0021108792720001346,
                0.0019378360038138777,
                0.0017333626089278077,
                0.0015457584910840102,
                0.0013661450834181314,
                0.0011973635273267642,
                0.0010454512482776692,
                0.0009078334618801841,
                0.0007744773875775889,
                0.000646626024730893,
                0.0005342233682281729,
                0.0004409096304838136,
                0.0003632221704207172,
                0.0002871328523932044,
                0.00022675859771559804,
                0.00018556204746499605,
                0.0001447206398889682,
                0.0001037016609756533,
                7.582296102158212e-05,
                6.232753938776422e-05,
                5.0519045458173564e-05,
                3.7556337836216905e-05,
                2.3261845184607163e-05,
                1.4294492651609744e-05,
                2.6635700593061634e-05
            ],
            "uniqVals": [
                0,
                1,
                2,
                3,
                4,
                5,
                6,
                7,
                8,
                9,
                10,
                11,
                12,
                13,
                14,
                15,
                16,
                17,
                18,
                19,
                20,
                21,
                22,
                23,
                24,
                25,
                26,
                27,
                28,
                29,
                30,
                31,
                32,
                33,
                34,
                35,
                36,
                37,
                38,
                39,
                40,
                41,
                42,
                43,
                44,
                45,
                46,
                47,
                48,
                49,
                50,
                51,
                52,
                53,
                54,
                55,
                56,
                57,
                58,
                59,
                60,
                61,
                62,
                63,
                64,
                65,
                66,
                67,
                68,
                69,
                70,
                71,
                72,
                73,
                74,
                75,
                76,
                77,
                78,
                79,
                80,
                81,
                82,
                83,
                84,
                85,
                86,
                87,
                88,
                89,
                90,
                91,
                92,
                93,
                94,
                95,
                96,
                97,
                98,
                99,
                100
            ]
        },
        "Marital status": {
            "probs": [
                0.02931017136724907,
                0.6225057849022435,
                0.03972299540561387,
                0.3084610483248935
            ],