{
    "avail_var": [
        "Age",
        "Sex",
        "Marital status",
        "Education",
        "Employment"
    ],
    "marginals": {
        "Employment": {
            "probs": [
                0.1253746143187885,
                0.8746253856812115
            ],
            "uniqVals": [
                "Unemployed",
                "Employed"
            ]
        },
        "Education": {
            "probs": [
                0.2420772114971735,
                0.13520644181691818,
                0.6198301010628644,
                0.0028862456230439267
            ],
            "uniqVals": [
                "University completed",
                "Primary completed",
                "Secondary completed",
                "Less than primary completed"
            ]
        },
        "Age": {
            "probs": [
                0.01000249879190639,
                0.009638212104065388,
                0.009382344073319922,
                0.00922219422841023,
                0.008956929914049817,
                0.00907670671617441,
                0.009221471437362926,
                0.00938203430572822,
                0.00954982508456655,
                0.009735272616131867,
                0.009948908998542026,
                0.0100853099947546,
                0.010096977907375357,
                0.010033372295212643,
                0.009999710883581077,
                0.009985977853682309,
                0.009990624367557831,
                0.010027280199242513,
                0.010101830932978681,
                0.010170496082472521,
                0.010197858886406157,
                0.010422853413845369,
                0.010945534596909756,
                0.011638071676090482,
                0.012303968742384878,
                0.013020667693718324,
                0.013455891160058978,
                0.013436375801781782,
                0.013130531932908468,
                0.012893146701801193,
                0.012669701012320487,
                0.012513578146102914,
                0.012492513949867211,
                0.012583998645283062,
                0.012640789370428344,
                0.012623339129429157,
                0.01291885741191242,
                0.013683260572367902,
                0.014716851770012015,
                0.015684978749943207,
                0.016679848998624628,
                0.017323236286588713,
                0.017400678184514094,
                0.017090187801765258,
                0.016802516964938435,
                0.016478190296426932,
                0.01606960684297261,
                0.015601961035367195,
                0.015090121718012363,
                0.014548544711854183,
                0.01400407654150679,
                0.013449179528905444,
                0.012891081584523182,
                0.012366128772452986,
                0.011864821553216004,
                0.011343689208110127,
                0.011133873292664288,
                0.01138488829780643,
                0.011933899726165445,
                0.012438614388911143,
                0.012930835092124879,
                0.013398067876274691,
                0.013787445739043516,
                0.014083480300846283,
                0.014377346489507137,
                0.014715302932053509,
                0.014639203360358833,
                0.013950693259870226,
                0.012871359714518185,
                0.011802145243828395,
                0.01063907119285304,
                0.009718854933771686,
                0.009241916098415227,
                0.009041909490039936,
                0.008760020981591543,
                0.008477822705551447,
                0.008109715550746126,
                0.007580425992392107,
                0.006953766154379906,
                0.0063673761032889045,
                0.005792034429635258,
                0.005256446263583308,
                0.004788284176658391,
                0.0043664839726248045,
                0.003949433538330641,
                0.0035534473002721816,
                0.0031449671026817605,
                0.0027059231693767885,
                0.0022596513255987802,
                0.0017989236608747007,
                0.001399220211715823,
                0.0011636935861587577,
                0.0009439651077784705,
                0.0007309482605517165,
                0.0006005361044453713,
                0.000546120264169802,
                0.00045494533634565093,
                0.00032566899474221133,
                0.00015808472763168216,
                7.919724761169185e-05,
                5.937212174279376e-05
            ],
            "uniqVals": [
                0,
                1,
                2,
                3,
                4,
                5,
                6,
                7,
                8,
                9,
                10,
                11,
                12,
                13,
                14,
                15,
                16,
                17,
                18,
                19,
                20,
                21,
                22,
                23,
                24,
                25,
                26,
                27,
                28,
                29,
                30,
                31,
                32,
                33,
                34,
                35,
                36,
                37,
                38,
                39,
                40,
                41,
                42,
                43,
                44,
                45,
                46,
                47,
                48,
                49,
                50,
                51,
                52,
                53,
                54,
                55,
                56,
                57,
                58,
                59,
                60,
                61,
                62,
                63,
                64,
                65,
                66,
                67,
                68,
                69,
                70,
                71,
                72,
                73,
                74,
                75,
                76,
                77,
                78,
                79,
                80,
                81,
                82,
                83,
                84,
                85,
                86,
                87,
                88,
                89,
                90,
                91,
                92,
                93,
                94,
                95,
                96,
                97,
                98,
                99,
                100
            ]
        },
        "Marital status": {
            "probs": [
                0.027605257216720747,
                0.45874041053745257,
                0.1624664119805754,
                0.3511879202652513
            ],
            "uniqVals": [
                "Widowed",
                "Married/in union",
                "Separated/divorced/spouse absent",
                "Single/never married"
            ]
        },
        "Sex": {
            "probs": [
                0.4670981279244264,
                0.5329018720755736
            ],
            "uniqVals": [
                "Female",
                "Male"
            ]
        }
    },
    "pop_num": 9660000,