{
    "avail_var": [
        "Age",
        "Sex",
        "Marital status",
        "Education",
        "Employment"
    ],
    "marginals": {
        "Employment": {
            "probs": [
                0.1253746143187885,
                0.8746253856812115
            ],
            "uniqVals": [
                "Unemployed",
                "Employed"
            ]
        },
        "Education": {
            "probs": [
                0.2420772114971735,
                0.13520644181691818,
                0.6198301010628644,
                0.0028862456230439267
            ],
            "uniqVals": [
                "University completed",
                "Primary completed",
                "Secondary completed",
                "Less than primary completed"
            ]
        },
        "Age": {
            "probs": [
                0.0015759255242387084,
                4.42675709055817e-6,
                0.027618537487992423,
                0.02343082528032439,
                3.541405672446536e-5,
                0.0216734027153728,
                0.025329904072173847,
                0.02759640370253963,
                0.023705284219938998,
                0.018955373861770083,
                0.002000894204932293,
                0.01238606633938176,
                0.0004205419236030261,
                0.023705284219938998,
                0.0088048198531202,
                8.85351418111634e-6,
                0.02644102010190395,
                0.00015493649816953595,
                0.0008897781752021921,
                0.029694686563464204,
                0.023572481507222253,
                0.0015714987671481503,
                0.0012217849569940548,
                0.02222674735169257,
                0.03238615487452357,
                3.541405672446536e-5,
                0.002425862885625877,
                0.003173984833930208,
                0.00022576461161846666,
                0.02169553650082559,
                0.02624624278991939,
                3.541405672446536e-5,
                0.03123077127388789,
                0.0239487558599197,
                3.984081381502353e-5,
                0.001961053391117269,
                0.024904935391480264,
                0.02314751282652867,
                0.023904488289014116,
                0.02798595832650875,
                0.022271014922598153,
                9.296189890172156e-5,
                0.027490161532366233,
                0.00022576461161846666,
                8.853514181116339e-5,
                7.525487053948889e-5,
                0.028379939707568427,
                0.0003320067817918627,
                0.008061124661906427,
                0.03152736399895528,
                1.770702836223268e-5,
                0.00594956152971018,
                0.00012837595562618692,
                0.028264844023213914,
                0.0007658289766665634,
                0.03474118964670052,
                0.021797351913908428,
                0.00027003218252404836,
                7.968162763004705e-5,
                9.296189890172156e-5,
                0.004139017879671889,
                0.011726479532888592,
                0.004209845993120819,
                0.02336442392396602,
                0.015033267079535544,
                2.2133785452790847e-5,
                0.020035502591866275,
                0.0004515292232369333,
                0.023935475588648024,
                0.0005312108508669803,
                0.022195760052058665,
                0.017547665106972584,
                0.0037937308266083516,
                0.021496332431750472,
                0.025843407894678594,
                0.028605704319186895,
                4.4267570905581695e-5
            ],
            "uniqVals": [
                68,
                89,
                39,
                46,
                85,
                25,
                55,
                42,
                29,
                58,
                66,
                59,
                74,
                57,
                20,
                90,
                31,
                78,
                70,
                33,
                52,
                18,
                69,
                26,
                35,
                83,
                65,
                64,
                17,
                49,
                44,
                84,
                37,
                45,
                86,
                67,
                30,
                47,
                54,
                32,
                50,
                80,
                40,
                77,
                91,
                82,
                43,
                75,
                60,
                34,
                87,
                61,
                79,
                38,
                71,
                36,
                48,
                76,
                81,
                16,
                62,
                21,
                19,
                51,
                22,
                88,
                24,
                73,
                53,
                72,
                28,
                23,
                63,
                27,
                56,
                41,
                15
            ]
        },
        "Marital status": {
            "probs": [
                0.027605257216720747,
                0.45874041053745257,
                0.1624664119805754,
                0.3511879202652513
            ],
            "uniqVals": [
                "Widowed",
                "Married/in union",
                "Separated/divorced/spouse absent",
                "Single/never married"
            ]
        },
        "Sex": {
            "probs": [
                0.4670981279244264,
                0.5329018720755736
            ],
            "uniqVals": [
                "Female",
                "Male"
            ]
        }
    },
    "pop_num": 9660000,
    "corr": [
        [
            0.9999999999999999,
            0.11750119828502631,
            0.6847405167219686,
            0.2387807370395267,
            0.19659714837649392
        ],
        [
            0.11750119828502631,
            1.0,
            0.23493130844942375,
            0.15650080842933545,
            1.1102230246251565e-16
        ],
        [
            0.6847405167219686,
            0.23493130844942375,
            0.999999999999999,
            0.11717286623002746,
            0.2033829980881941
        ],
        [
            0.2387807370395267,
            0.15650080842933545,
            0.11717286623002746,
            0.9999999999999993,
            0.32182870643601225
        ],
        [
            0.19659714837649392,
            1.1102230246251565e-16,
            0.2033829980881941,
            0.32182870643601225,
            1.0000000000000004
        ]
    ]
}
