{
    "avail_var": [
        "Home location",
        "Age",
        "Sex",
        "Marital status",
        "Religion",
        "Education",
        "Employment"
    ],
    "marginals": {
        "Employment": {
            "probs": [
                0.12783495638528639,
                0.8721650436147136
            ],
            "uniqVals": [
                "Unemployed",
                "Employed"
            ]
        },
        "Home location": {
            "probs": [
                0.08699866155905293,
                0.17528961092906262,
                0.24062860571375824,
                0.1442193197027738,
                0.29442008584483315,
                0.05844371625051922
            ],
            "uniqVals": [
                "South-East",
                "Midlands",
                "Mid-East",
                "West",
                "Border",
                "Dublin"
            ]
        },
        "Education": {
            "probs": [
                0.371458900632298,
                0.19282318733557946,
                0.43571791203212257
            ],
            "uniqVals": [
                "University completed",
                "Primary completed",
                "Secondary completed"
            ]
        },
        "Religion": {
            "probs": [
                0.09602621498130798,
                0.7749526930354917,
                0.12902109198320025
            ],
            "uniqVals": [
                "Other",
                "Christian",
                "No religion"
            ]
        },
        "Age": {
            "probs": [
                0.011880189198234187,
                0.012663804470580433,
                0.013319821124350695,
                0.013854997994878855,
                0.014132929496335692,
                0.014494015153718448,
                0.014752079775557515,
                0.014911629252075478,
                0.014978398352646539,
                0.014973687649232015,
                0.014919002526985166,
                0.014738152478505883,
                0.014403282909690904,
                0.013968874129595141,
                0.013512755151154188,
                0.013014444655174465,
                0.012606456776838417,
                0.012360680946515495,
                0.01222304648153466,
                0.012078243554836074,
                0.011963752980543979,
                0.011821407812148622,
                0.01161536574106124,
                0.011389661603548023,
                0.011222738852120374,
                0.011097393178655683,
                0.01107670704627017,
                0.011199390148239695,
                0.011437587890460992,
                0.011689098490158116,
                0.011932826188561677,
                0.01234839215499935,
                0.013000926984506705,
                0.013789252960267472,
                0.014553615792571759,
                0.015336002185766388,
                0.015919719782783323,
                0.01618372398718853,
                0.01622243368046439,
                0.016254794164790243,
                0.01624086686773861,
                0.016170001503328833,
                0.016059402379683518,
                0.015903334727428463,
                0.015697702282724955,
                0.015466673002221409,
                0.015138357455548371,
                0.014683876982642907,
                0.014155049321064752,
                0.013616595439465622,
                0.013037383732671272,
                0.01259560167766582,
                0.012381162265709072,
                0.012308453582571875,
                0.012214034701089485,
                0.01214419340263939,
                0.011983619860161748,
                0.011661858335630658,
                0.011245268303233307,
                0.010857556930898899,
                0.010460424151735447,
                0.010153818803407603,
                0.009995293392849318,
                0.009927705039510517,
                0.009830828399724899,
                0.009722891847574749,
                0.009580751492371326,
                0.009379010498314595,
                0.009127499898617473,
                0.008875374859344544,
                0.008631851974132916,
                0.00828612730614534,
                0.007794370832307562,
                0.007211267674866434,
                0.006630622275728533,
                0.006028061865053505,
                0.005499439016667289,
                0.005100462918776414,
                0.0047856650427711405,
                0.004458168748865848,
                0.004141937180517023,
                0.003809525370005273,
                0.00343901830579347,
                0.0030508973070751907,
                0.002687968330965011,
                0.0023414244102096925,
                0.002024988028668932,
                0.0017499239118991964,
                0.0015084491586069267,
                0.001261649262324327,
                0.0010611371474192107,
                0.0009120331436899722,
                0.0007498210956768443,
                0.0005734769374201486,
                0.0004552997256732108,
                0.00040286754853765443,
                0.0003377369535020804,
                0.0002529442920406727,
                0.0001480799377695598,
                8.581672742108652e-05,
                0.00012309272835339617
            ],
            "uniqVals": [
                0,
                1,
                2,
                3,
                4,
                5,
                6,
                7,
                8,
                9,
                10,
                11,
                12,
                13,
                14,
                15,
                16,
                17,
                18,
                19,
                20,
                21,
                22,
                23,
                24,
                25,
                26,
                27,
                28,
                29,
                30,
                31,
                32,
                33,
                34,
                35,
                36,
                37,
                38,
                39,
                40,
                41,
                42,
                43,
                44,
                45,
                46,
                47,
                48,
                49,
                50,
                51,
                52,
                53,
                54,
                55,
                56,
                57,
                58,
                59,
                60,
                61,
                62,
                63,
                64,
                65,
                66,
                67,
                68,
                69,
                70,
                71,
                72,
                73,
                74,
                75,
                76,
                77,
                78,
                79,
                80,
                81,
                82,
                83,
                84,
                85,
                86,
                87,
                88,
                89,
                90,
                91,
                92,
                93,
                94,
                95,
                96,
                97,
                98,
                99,
                100
            ]
        },
        "Marital status": {
            "probs": [
                0.013255180689527853,
                0.5164028245719297,
                0.06417593575483455,
                0.40616605898370794
            ],
            "uniqVals": [
                "Widowed",
                "Married/in union",
                "Separated/divorced/spouse absent",
                "Single/never married"
            ]
        },