{
    "avail_var": [
        "Home location",
        "Age",
        "Sex",
        "Marital status",
        "Religion",
        "Education",
        "Employment"
    ],
    "marginals": {
        "Employment": {
            "probs": [
                0.12783495638528639,
                0.8721650436147136
            ],
            "uniqVals": [
                "Unemployed",
                "Employed"
            ]
        },
        "Home location": {
            "probs": [
                0.08699866155905293,
                0.17528961092906262,
                0.24062860571375824,
                0.1442193197027738,
                0.29442008584483315,
                0.05844371625051922
            ],
            "uniqVals": [
                "South-East",
                "Midlands",
                "Mid-East",
                "West",
                "Border",
                "Dublin"
            ]
        },
        "Education": {
            "probs": [
                0.371458900632298,
                0.19282318733557946,
                0.43571791203212257
            ],
            "uniqVals": [
                "University completed",
                "Primary completed",
                "Secondary completed"
            ]
        },
        "Religion": {
            "probs": [
                0.09602621498130798,
                0.7749526930354917,
                0.12902109198320025
            ],
            "uniqVals": [
                "Other",
                "Christian",
                "No religion"
            ]
        },
        "Age": {
            "probs": [
                0.11776434208704481,
                0.13896247750034615,
                0.0021691973969631237,
                0.05731757972954262,
                0.0009692158582175659,
                0.0004061475977292657,
                0.13311487515576684,
                0.013153643790095537,
                0.06608206027599575,
                0.14823925785757142,
                0.006313749019245858,
                0.08567868186643282,
                0.017427424193473946,
                0.10781834125628836,
                0.10458300641528592
            ],
            "uniqVals": [
                47,
                32,
                77,
                62,
                82,
                85,
                42,
                17,
                22,
                37,
                72,
                57,
                67,
                27,
                52
            ]
        },
        "Marital status": {
            "probs": [
                0.013255180689527853,
                0.5164028245719297,
                0.06417593575483455,
                0.40616605898370794
            ],
            "uniqVals": [
                "Widowed",
                "Married/in union",
                "Separated/divorced/spouse absent",
                "Single/never married"
            ]
        },
        "Sex": {
            "probs": [
                0.46117598190797066,
                0.5388240180920294
            ],
            "uniqVals": [
                "Female",
                "Male"
            ]
        }
    },
    "pop_num": 4938000,
    "corr": [
        [
            0.999999999999999,
            0.09244672125575132,
            1.0824674490095276e-15,
            0.0900459139657824,
            0.20758060365001596,
            0.1766095933569503,
            0.07772281153576546
        ],
        [
            0.09244672125575132,
            1.0000000000000009,
            0.09464590612049997,
            0.6767172114104394,
            0.16049019688126223,
            0.3493964691537253,
            0.24109988553343745
        ],
        [
            1.0824674490095276e-15,
            0.09464590612049997,
            1.0000000000000004,
            0.0967224974586868,
            0.0587195977768811,
            0.22588768978317378,
            0.030838459701097706
        ],
        [
            0.0900459139657824,
            0.6767172114104394,
            0.0967224974586868,
            1.0000000000000007,
            0.1956405490491312,
            0.15683757961500186,
            0.28847620131207474
        ],
        [
            0.20758060365001596,
            0.16049019688126223,
            0.0587195977768811,
            0.1956405490491312,
            1.0000000000000007,
            0.23463439569240763,
            0.08125930989356793
        ],
        [
            0.1766095933569503,
            0.3493964691537253,
            0.22588768978317378,
            0.15683757961500186,
            0.23463439569240763,
            1.0000000000000018,
            0.39824248293731873
        ],
        [
            0.07772281153576546,
            0.24109988553343745,
            0.030838459701097706,
            0.28847620131207474,
            0.08125930989356793,
            0.39824248293731873,
            0.9999999999999981
        ]
    ]
}
