{
    "avail_var": [
        "Home location",
        "Age",
        "Sex",
        "Marital status",
        "Education",
        "Employment"
    ],
    "marginals": {
        "Employment": {
            "probs": [
                0.15917000282396718,
                0.8408299971760328
            ],
            "uniqVals": [
                "Unemployed",
                "Employed"
            ]
        },
        "Home location": {
            "probs": [
                0.014252728450638715,
                0.023231282911676275,
                0.012010166281831923,
                0.013193740759813286,
                0.007936178341832922,
                0.0398843834615193,
                0.015222428944002392,
                0.009022159836542136,
                0.020652336417548465,
                0.008110599843851226,
                0.2025365869864948,
                0.0374611704513364,
                0.007778368411435406,
                0.013598647818070068,
                0.015793451718467084,
                0.0194729148324723,
                0.06066753600558149,
                0.019244505722686423,
                0.044612452034086945,
                0.02387290486552933,
                0.023505373843419327,
                0.022971727105101414,
                0.05350379574411535,
                0.03805918702968488,
                0.06691971627435672,
                0.01172154022492068,
                0.07962756856426187,
                0.052363826641638564,
                0.017330022093390254,
                0.02544269838369408
            ],
            "uniqVals": [
                "Zanjan",
                "Golestan",
                "Chaharmahal, Bakhtiyari",
                "Qom",
                "Kohgiluyeh, Boyerahmad",
                "West Azarbayejan",
                "Yazd",
                "South Khorasan",
                "Kordestan",
                "Semnan",
                "Tehran, Alborz",
                "Gilan",
                "Ilam",
                "Bushehr",
                "Qazvin",
                "Hormozgan",
                "Fars",
                "Markazi",
                "Mazandaran",
                "Hamedan",
                "Lorestan",
                "Sistan, Baluchestan",
                "Khuzestan",
                "Kerman",
                "Esfahan",
                "North Khorasan",
                "Razavi Khorasan",
                "East Azarbayejan",
                "Ardebil",
                "Kermanshah"
            ]
        },
        "Education": {
            "probs": [
                0.18817380687386834,
                0.38079120915629827,
                0.2733641754846426,
                0.15767080848519077
            ],
            "uniqVals": [
                "University completed",
                "Primary completed",
                "Secondary completed",
                "Less than primary completed"
            ]
        },
        "Age": {
            "probs": [
                0.0021387398461768467,
                0.00017026860911310818,
                0.0005128822737919235,
                0.02333510523430622,
                0.016046778185684146,
                0.0005689463280120933,
                0.037679197328859285,
                0.008687851957673716,
                0.02252944401069785,
                0.002691074602568149,
                0.036344042259838207,
                0.006409990199172743,
                0.005747603780793701,
                0.0020452997558098973,
                2.0764464525988804e-5,
                0.0072322629944019,
                0.018781458163756874,
                0.00013704546587152612,
                0.03432781275436469,
                0.0018293493247396135,
                0.0015469526071861658,
                0.0022986262230269604,
                0.029755477665741957,
                0.011972790245685145,
                0.011470290204156216,
                0.0021740394358710276,
                2.0764464525988804e-5,
                0.03897074702237579,
                0.027641655176996297,
                0.0007059917938836193,
                0.007738915928836027,
                0.0030295353743417667,
                0.0029091014800910315,
                0.014273492915164703,
                0.01869009451984252,
                0.000606322364158873,
                0.02524128307779199,
                0.018239505639628565,
                0.0012105682818651473,
                0.0004672004518347481,
                0.0028758783368494495,
                1.8688018073389923e-5,
                4.775826840977425e-5,
                1.8688018073389923e-5,
                0.03682162494393595,
                0.015938802970149005,
                0.009344009036694962,
                0.01388935032143391,
                0.03234688283858536,
                0.0016403926975531156,
                0.025181066130666622,
                0.0012707852289905149,
                0.0007682851874615857,
                8.305785810395522e-5,
                0.019927656605591454,
                0.002228027043638599,
                0.00515581654180302,
                0.027784929982225617,
                0.00034053721822621636,
                0.003988853635442449,
                0.0014202893735776342,
                0.02501495041445871,
                0.002032841077094304,
                0.026416551769962958,
                0.01602601372115816,
                0.0017815910563298394,
                0.0007848967590823768,
                3.737603614677985e-5,
                0.0008907955281649197,
                1.8688018073389923e-5,
                0.004530806159570757,
                0.00395147759929567,
                0.023227130018771077,
                0.000382066147278194,
                0.012525125002076446,
                0.012487748965929666,
                0.028177378361766807,
                0.00025955580657486003,
                0.0020805993455040783,
                0.033517998637851126,
                5.606405422016977e-5,
                0.010735228159936211,
                0.0020224588448313095,
                0.037969899832223125,
                0.03058605624678151,
                0.0033555374673997908,
                0.04068173889931726,
                0.008214422166481172,
                1.4535125168192162e-5,
                0.022132842738251467,
                0.002796973371650692
            ],