{
    "avail_var": [
        "Home location",
        "Age",
        "Sex",
        "Marital status",
        "Education",
        "Employment"
    ],
    "marginals": {
        "Employment": {
            "probs": [
                0.15917000282396718,
                0.8408299971760328
            ],
            "uniqVals": [
                "Unemployed",
                "Employed"
            ]
        },
        "Home location": {
            "probs": [
                0.014252728450638715,
                0.023231282911676275,
                0.012010166281831923,
                0.013193740759813286,
                0.007936178341832922,
                0.0398843834615193,
                0.015222428944002392,
                0.009022159836542136,
                0.020652336417548465,
                0.008110599843851226,
                0.2025365869864948,
                0.0374611704513364,
                0.007778368411435406,
                0.013598647818070068,
                0.015793451718467084,
                0.0194729148324723,
                0.06066753600558149,
                0.019244505722686423,
                0.044612452034086945,
                0.02387290486552933,
                0.023505373843419327,
                0.022971727105101414,
                0.05350379574411535,
                0.03805918702968488,
                0.06691971627435672,
                0.01172154022492068,
                0.07962756856426187,
                0.052363826641638564,
                0.017330022093390254,
                0.02544269838369408
            ],
            "uniqVals": [
                "Zanjan",
                "Golestan",
                "Chaharmahal, Bakhtiyari",
                "Qom",
                "Kohgiluyeh, Boyerahmad",
                "West Azarbayejan",
                "Yazd",
                "South Khorasan",
                "Kordestan",
                "Semnan",
                "Tehran, Alborz",
                "Gilan",
                "Ilam",
                "Bushehr",
                "Qazvin",
                "Hormozgan",
                "Fars",
                "Markazi",
                "Mazandaran",
                "Hamedan",
                "Lorestan",
                "Sistan, Baluchestan",
                "Khuzestan",
                "Kerman",
                "Esfahan",
                "North Khorasan",
                "Razavi Khorasan",
                "East Azarbayejan",
                "Ardebil",
                "Kermanshah"
            ]
        },
        "Education": {
            "probs": [
                0.18817380687386834,
                0.38079120915629827,
                0.2733641754846426,
                0.15767080848519077
            ],
            "uniqVals": [
                "University completed",
                "Primary completed",
                "Secondary completed",
                "Less than primary completed"
            ]
        },
        "Age": {
            "probs": [
                0.019179463687707923,
                0.01873355530417562,
                0.018300443328598745,
                0.017879874486173265,
                0.017360600834410225,
                0.017052775461887913,
                0.01673022396861766,
                0.016395865045198157,
                0.01605261738222809,
                0.015713747755156063,
                0.015392474696610857,
                0.015040157383515933,
                0.014639090700999894,
                0.01422315316927647,
                0.013853215166244819,
                0.013528275653393818,
                0.013270948452510848,
                0.013102363918674038,
                0.013023921093657973,
                0.013001476121739935,
                0.013024427643266008,
                0.013225069530868609,
                0.013660255947697451,
                0.01426793456676796,
                0.014884296893404826,
                0.015488405543809166,
                0.016240909107958543,
                0.017187927721594255,
                0.018224099066244545,
                0.0192035489154996,
                0.020162097563070643,
                0.02083372203980339,
                0.021073066729601034,
                0.020986265836052353,
                0.020864235623335163,
                0.02069614557840144,
                0.020267652852821665,
                0.019516427723397334,
                0.018549750160687786,
                0.017543537607141425,
                0.016470171048415253,
                0.015500791887796175,
                0.014741076022084744,
                0.01413109380836816,
                0.01348248115668625,
                0.012805574091183972,
                0.012285359704434576,
                0.011986386889347965,
                0.011827643890753026,
                0.011678935398679206,
                0.011584741292994166,
                0.011360629273552504,
                0.010907532709868056,
                0.010317088838175769,
                0.009766143775205441,
                0.009202667639788666,
                0.008750174111351882,
                0.008482559129143774,
                0.008327398159919955,
                0.00814554685063455,
                0.007973476773066247,
                0.007721070339804211,
                0.007332257333520693,
                0.006856402219589424,
                0.006403462445069369,
                0.0059568424799448265,
                0.005516132260247387,
                0.005093935222653217,
                0.004689322692880915,
                0.0042868328471803874,
                0.003887177267143879,
                0.003529878882903255,
                0.0032323292310011305,
                0.0029796574622301237,
                0.0027372011105545363,
                0.002509121119183247,
                0.0023016046297572833,
                0.0021133732075515983,
                0.0019414237370328276,
                0.001783235530865738,
                0.0016383502822621056,
                0.0014972641557187529,
                0.0013546221982364281,
                0.0012126315188215804,
                0.0010821708733420587,
                0.0009650373068359003,
                0.0008383154798918921,
                0.0006929719245000352,
                0.0005405366745956555,
                0.00037227777979258555,
                0.00023745115911998004,
                0.00017514555733138715,
                0.000126540916369709,
                8.66441043842918e-05,
                6.212469121429384e-05,
                5.076350714831349e-05,
                4.017420819934242e-05,
                2.7992896196539708e-05,
                1.4255753254765157e-05,
                5.897684722149038e-06,
                6.078595296448088e-06
            ],