{
    "avail_var": [
        "Home location",
        "Age",
        "Sex",
        "Marital status",
        "Education",
        "Employment"
    ],
    "marginals": {
        "Employment": {
            "probs": [
                0.1639188815916952,
                0.8360811184083048
            ],
            "uniqVals": [
                "Unemployed",
                "Employed"
            ]
        },
        "Home location": {
            "probs": [
                0.07682254626709378,
                0.022155434347931845,
                0.04275454631656628,
                0.057008810227614726,
                0.2934028421950948,
                0.061347960702344585,
                0.029980334681458946,
                0.10296051682271118,
                0.042942129543739875,
                0.06204675975741984,
                0.033280562667227356,
                0.03927910322849286,
                0.04721943939412679,
                0.04884997052263573,
                0.03994904332554142
            ],
            "uniqVals": [
                "Al-Basrah",
                "Al-Muthanna",
                "Wasit",
                "Thi-Qar",
                "Baghdad",
                "Babylon",
                "Kerbela",
                "Nineveh",
                "Al-Tameem",
                "Diala",
                "Maysan",
                "Al-Qadisiya",
                "Salah Al-Deen",
                "Al-Anbar",
                "Al-Najaf"
            ]
        },
        "Education": {
            "probs": [
                0.07986098227647706,
                0.39656949443228245,
                0.15290300504207224,
                0.37066651824916824
            ],
            "uniqVals": [
                "University completed",
                "Primary completed",
                "Secondary completed",
                "Less than primary completed"
            ]
        },
        "Age": {
            "probs": [
                0.026529804064834846,
                0.027165269190328144,
                0.02752309354802184,
                0.027634210908636526,
                0.02785499560936336,
                0.027335048783904695,
                0.026726218245536757,
                0.02605231485724841,
                0.025337124043072326,
                0.02457222550851138,
                0.023749097203243703,
                0.02305298560620613,
                0.022572240212228055,
                0.022233876656015634,
                0.02187068467856696,
                0.02150927342805122,
                0.02115974217007372,
                0.020808099478732894,
                0.02045406552551071,
                0.02011465897209471,
                0.01979033771969623,
                0.019427934349889285,
                0.019003790633422123,
                0.0185390717818404,
                0.018078117895774005,
                0.017611694634127904,
                0.01715173286735271,
                0.016708535372703223,
                0.01627467397497351,
                0.015838141486844412,
                0.015408070493586216,
                0.014958004480766864,
                0.014475783627330078,
                0.013978859057218547,
                0.013490303903691778,
                0.012997576761350717,
                0.012561425857564385,
                0.012211894599586888,
                0.011917947460872914,
                0.01161970113856373,
                0.011330511084656292,
                0.011017128583417225,
                0.010657421742965856,
                0.010268129396471704,
                0.009883543256871718,
                0.009491401747284882,
                0.00911353149211765,
                0.008762397579900518,
                0.008422151540930428,
                0.00807880194930581,
                0.007752318385631631,
                0.007349594270271968,
                0.006828400935960252,
                0.006240837364962708,
                0.005680340843345662,
                0.005127221619022173,
                0.0046528614030464524,
                0.004301931002478798,
                0.00404329313494916,
                0.0037821876886696085,
                0.0035148751370809956,
                0.0033460113459270924,
                0.0033109564643046038,
                0.0033546860299860683,
                0.0034054113086183194,
                0.0034997898360634803,
                0.0034496750923796618,
                0.0031611973292453954,
                0.0027278955885517474,
                0.0023275627350734444,
                0.00191308582195646,
                0.0016064446441063321,
                0.0014825569274869424,
                0.0014754848976676013,
                0.0014469678277845757,
                0.001427710537952773,
                0.0013756115556865494,
                0.001256786191347911,
                0.0010980725437116949,
                0.0009604477907525783,
                0.0008319810620199462,
                0.0007146820350523887,
                0.000615648178625431,
                0.0005305548701876778,
                0.00044747123928851415,
                0.00036827976868560654,
                0.0002988059793452466,
                0.00024060164759469966,
                0.00019193692441340758,
                0.00014411168678620992,
                0.0001073523950993479,
                8.471172409498307e-05,
                6.331756194366752e-05,
                4.255937369696897e-05,
                2.8313558233548394e-05,
                2.1979258143563174e-05,
                1.7400246030320848e-05,
                1.2363332705754286e-05,
                6.868518169863492e-06,
                3.0017968297921927e-06,
                4.197427770472134e-06
            ],
            "uniqVals": [
                0,
                1,
                2,
                3,
                4,
                5,
                6,
                7,
                8,
                9,
                10,
                11,
                12,
                13,
                14,
                15,
                16,
                17,
                18,
                19,
                20,
                21,
                22,
                23,
                24,
                25,
                26,
                27,
                28,
                29,
                30,
                31,
                32,
                33,
                34,
                35,
                36,
                37,
                38,
                39,
                40,
                41,
                42,
                43,
                44,
                45,
                46,
                47,
                48,
                49,
                50,
                51,
                52,
                53,
                54,
                55,
                56,
                57,
                58,
                59,
                60,
                61,
                62,
                63,
                64,
                65,
                66,
                67,
                68,
                69,
                70,
                71,
                72,
                73,
                74,
                75,
                76,
                77,
                78,
                79,
                80,
                81,
                82,
                83,
                84,
                85,
                86,
                87,
                88,
                89,
                90,
                91,
                92,
                93,
                94,
                95,
                96,
                97,
                98,
                99,
                100
            ]
        },