{
    "avail_var": [
        "Home location",
        "Age",
        "Sex",
        "Marital status",
        "Education",
        "Employment"
    ],
    "marginals": {
        "Employment": {
            "probs": [
                0.1639188815916952,
                0.8360811184083048
            ],
            "uniqVals": [
                "Unemployed",
                "Employed"
            ]
        },
        "Home location": {
            "probs": [
                0.07682254626709378,
                0.022155434347931845,
                0.04275454631656628,
                0.057008810227614726,
                0.2934028421950948,
                0.061347960702344585,
                0.029980334681458946,
                0.10296051682271118,
                0.042942129543739875,
                0.06204675975741984,
                0.033280562667227356,
                0.03927910322849286,
                0.04721943939412679,
                0.04884997052263573,
                0.03994904332554142
            ],
            "uniqVals": [
                "Al-Basrah",
                "Al-Muthanna",
                "Wasit",
                "Thi-Qar",
                "Baghdad",
                "Babylon",
                "Kerbela",
                "Nineveh",
                "Al-Tameem",
                "Diala",
                "Maysan",
                "Al-Qadisiya",
                "Salah Al-Deen",
                "Al-Anbar",
                "Al-Najaf"
            ]
        },
        "Education": {
            "probs": [
                0.07986098227647706,
                0.39656949443228245,
                0.15290300504207224,
                0.37066651824916824
            ],
            "uniqVals": [
                "University completed",
                "Primary completed",
                "Secondary completed",
                "Less than primary completed"
            ]
        },
        "Age": {
            "probs": [
                0.0015831199831793502,
                0.00010925176967253328,
                0.008771061885974134,
                0.013501869648209302,
                0.011865154457266068,
                0.0005730564522446086,
                0.037873259701763286,
                0.006462345243837582,
                0.01682683388371489,
                0.0019892067496980114,
                0.03269513809011416,
                0.004178364851438207,
                0.0033105347564922347,
                0.0009296707192889153,
                4.9472499474354695e-5,
                0.005287373381321658,
                0.03034519436508231,
                0.0002535465598060678,
                0.01909638479710091,
                0.028737338132165783,
                0.00042463895382154445,
                0.003067294967409991,
                0.0077362621053022156,
                0.031171797377132986,
                0.025902976183114212,
                0.0019912681038427764,
                4.3288437040060354e-5,
                0.03614378357430563,
                0.021483432896738524,
                0.00023705572664794956,
                0.0027024352837866253,
                0.02876207438190296,
                0.0034548295466257694,
                0.00769091231411739,
                0.014054312559006263,
                0.0002741601012537156,
                0.016573287323908822,
                0.012646407678131919,
                0.015235468483956481,
                0.00015047885256782887,
                0.002993086218198459,
                4.122708289529558e-6,
                2.2674895592412568e-5,
                4.3288437040060354e-5,
                0.030374053323109017,
                0.006773609719697063,
                0.011716736958843003,
                0.009599726252169575,
                0.028384846573411004,
                0.001659390086535647,
                0.01788843126826875,
                0.0010801495718567441,
                0.0004019640582291319,
                3.0920312171471685e-5,
                0.015412744940406252,
                0.002022188416014248,
                0.004042315477883731,
                0.023954996516311496,
                0.00025766926809559735,
                0.0021974035183192544,
                0.0007606396794182034,
                0.013320470483470001,
                0.000989449989487094,
                0.01742256523155191,
                0.008985442717029671,
                0.000661694680469494,
                0.01151266289851129,
                8.451551993535593e-5,
                0.00035661426704430675,
                4.122708289529558e-6,
                0.026084375347853513,
                0.0025890608058245623,
                0.03107903644061857,
                0.006623130867129234,
                0.030543084362979728,
                0.007424997629442733,
                0.032021075284776074,
                6.390197848770815e-5,
                0.03581396691114327,
                0.0006884922843514361,
                5.977927019817859e-5,
                0.005714073689287967,
                0.001362555089689519,
                0.03458952254915299,
                0.03432773057276786,
                0.002500422577599677,
                0.03681990773378848,
                0.0051781216116491245,
                5.153385361911947e-5,
                0.016600084927790765,
                0.022722306737742157
            ],
            "uniqVals": [
                68,
                89,
                11,
                39,
                46,
                85,
                25,
                55,
                42,
                66,
                29,
                58,
                59,
                74,
                95,
                57,
                20,
                90,
                14,
                31,
                78,
                70,
                52,
                18,
                33,
                69,
                96,
                26,
                35,
                83,
                64,
                17,
                65,
                49,
                44,
                84,
                37,
                45,
                13,
                86,
                67,
                99,
                93,
                94,
                30,
                54,
                47,
                50,
                32,
                80,
                40,
                77,
                82,
                91,
                43,
                75,
                60,
                34,
                87,
                61,
                79,
                38,
                71,
                36,
                48,
                76,
                12,
                100,
                81,
                98,
                16,
                62,
                21,
                10,
                19,
                51,
                22,
                88,
                24,
                73,
                92,
                53,
                72,
                28,
                23,
                63,
                27,
                56,
                97,
                41,
                15
            ]
        },
        "Marital status": {
            "probs": [
                0.011953792685490953,
                0.5439892974492804,
                0.008474226889128005,
                0.43558268297610064
            ],
            "uniqVals": [
                "Widowed",
                "Married/in union",
                "Separated/divorced/spouse absent",
                "Single/never married"
            ]
        },
        "Sex": {
            "probs": [
                0.10307801400896277,
                0.8969219859910372
            ],
            "uniqVals": [
                "Female",
                "Male"
            ]
        }
    },