{
    "avail_var": [
        "Age",
        "Sex",
        "Marital status",
        "Religion",
        "Education",
        "Employment"
    ],
    "marginals": {
        "Employment": {
            "probs": [
                0.06547901115245124,
                0.9345209888475488
            ],
            "uniqVals": [
                "Unemployed",
                "Employed"
            ]
        },
        "Education": {
            "probs": [
                0.31209034564622756,
                0.0975898131248915,
                0.5597432637223945,
                0.030576577506486437
            ],
            "uniqVals": [
                "University completed",
                "Primary completed",
                "Secondary completed",
                "Less than primary completed"
            ]
        },
        "Religion": {
            "probs": [
                0.05534937622280505,
                0.8169674903935028,
                0.10166231109568025,
                0.026020822288011936
            ],
            "uniqVals": [
                "Other",
                "Jewish",
                "Muslim",
                "Christian"
            ]
        },
        "Age": {
            "probs": [
                0.003059065296030253,
                0.024383377827406787,
                0.02062992347644942,
                0.0005160999732566377,
                0.026597915894471632,
                0.01822302087389801,
                0.022089078855384095,
                0.026452469538372034,
                0.017129827294181676,
                0.003978661612014807,
                0.014535251974082397,
                0.0010791181259002425,
                0.01746763818576784,
                0.011288513960504277,
                0.02702956314483173,
                0.0004785654297470641,
                0.002162928069739182,
                0.028638856697804697,
                0.009627610410205642,
                0.018926793564702515,
                0.0026039589559766724,
                0.026396167723107673,
                0.0262178786414372,
                0.00018298089960917157,
                0.0060524451409187515,
                0.005278295181033795,
                0.004715277028390191,
                0.02057362166118506,
                0.021169482539399542,
                0.00012198726640611438,
                0.02627418045670156,
                0.02050324439210461,
                0.0031482098368654904,
                0.026292947728456344,
                0.01813856815100147,
                0.02054547075355288,
                0.028286970352402446,
                0.019621182619629626,
                0.0006756217831723258,
                0.02299459971755256,
                0.0003190436198313761,
                0.00023928271487353204,
                0.02182633705081708,
                0.0008914454083523743,
                0.013371681125285615,
                0.027372065854356586,
                0.013474901119936942,
                0.0003425027095248596,
                0.025617325945284018,
                0.0018861108113560762,
                0.021019344365361247,
                0.02658384044065554,
                0.000670929965233629,
                0.00024397453281222876,
                0.003617391630735161,
                0.011302589414320366,
                0.016857701853737268,
                0.007962015041968312,
                0.01985577351656446,
                0.021188249811154327,
                0.001421620835425102,
                0.025082458700272595,
                0.018969019926150785,
                0.0016374444606051506,
                0.026081815921214994,
                0.023271416975935665,
                0.007910405044642648,
                0.02595513683687018,
                0.017739763626212247,
                0.02114133163176736,
                0.0020597080750878543
            ],
            "uniqVals": [
                68,
                39,
                46,
                85,
                25,
                55,
                42,
                29,
                58,
                66,
                59,
                74,
                57,
                20,
                31,
                78,
                70,
                33,
                18,
                52,
                69,
                26,
                35,
                83,
                64,
                17,
                65,
                49,
                44,
                84,
                37,
                45,
                67,
                30,
                54,
                47,
                32,
                50,
                77,
                40,
                80,
                82,
                43,
                75,
                60,
                34,
                61,
                79,
                38,
                71,
                48,
                36,
                76,
                81,
                16,
                62,
                21,
                19,
                51,
                22,
                73,
                24,
                53,
                72,
                28,
                23,
                63,
                27,
                56,
                41,
                15
            ]
        },
        "Marital status": {
            "probs": [
                0.014070761998151424,
                0.6785682448378273,
                0.06987993637894875,
                0.2374810567850725
            ],
            "uniqVals": [
                "Widowed",
                "Married/in union",
                "Separated/divorced/spouse absent",
                "Single/never married"
            ]
        },
        "Sex": {
            "probs": [
                0.4700732392780231,
                0.529926760721977
            ],
            "uniqVals": [
                "Female",
                "Male"
            ]
        }
    },
    "pop_num": 8656000,
    "corr": [
        [
            0.9999999999999996,
            0.10931706954964834,
            0.7399849461371601,
            0.24408463714406697,
            0.40171009811464287,
            0.26363622993310554
        ],
        [
            0.10931706954964834,
            0.9999999999999987,
            0.18780422297814495,
            0.285676396019072,
            0.2226712660722167,
            0.06070325013073952
        ],
        [
            0.7399849461371601,
            0.18780422297814495,
            0.9999999999999997,
            0.1559725685121664,
            0.196089645050464,
            0.21706581860780763
        ],
        [
            0.24408463714406697,
            0.285676396019072,
            0.1559725685121664,
            0.9999999999999998,
            0.33930734516720407,
            0.1753380871146476
        ],
        [
            0.40171009811464287,
            0.2226712660722167,
            0.196089645050464,
            0.33930734516720407,
            1.0,
            0.23857757196034085
        ],
        [
            0.26363622993310554,
            0.06070325013073952,
            0.21706581860780763,
            0.1753380871146476,
            0.23857757196034085,
            1.0000000000000016
        ]
    ]
}
