{
    "avail_var": [
        "Age",
        "Sex",
        "Marital status",
        "Religion",
        "Education",
        "Employment"
    ],
    "marginals": {
        "Employment": {
            "probs": [
                0.06547901115245124,
                0.9345209888475488
            ],
            "uniqVals": [
                "Unemployed",
                "Employed"
            ]
        },
        "Education": {
            "probs": [
                0.31209034564622756,
                0.0975898131248915,
                0.5597432637223945,
                0.030576577506486437
            ],
            "uniqVals": [
                "University completed",
                "Primary completed",
                "Secondary completed",
                "Less than primary completed"
            ]
        },
        "Religion": {
            "probs": [
                0.05534937622280505,
                0.8169674903935028,
                0.10166231109568025,
                0.026020822288011936
            ],
            "uniqVals": [
                "Other",
                "Jewish",
                "Muslim",
                "Christian"
            ]
        },
        "Age": {
            "probs": [
                0.01960449436830622,
                0.01986296409371911,
                0.0199852735641461,
                0.019985977841327062,
                0.019957924133618757,
                0.01969170735921529,
                0.019367739855972975,
                0.018997994335968157,
                0.018594560890807344,
                0.018159317592973102,
                0.017694612033068637,
                0.01726136418724712,
                0.01689150128771214,
                0.016567181645879343,
                0.01623300212351308,
                0.015892836245108653,
                0.015600326455949286,
                0.015374370860390785,
                0.015191963070521742,
                0.015020823715548085,
                0.01487844234546369,
                0.01468863964519455,
                0.014413502026498902,
                0.014094112324932835,
                0.013801133017652829,
                0.013510853439566506,
                0.01330379594836381,
                0.013224330006445312,
                0.013229846844362845,
                0.013231724916845409,
                0.013246279978585282,
                0.013250740400731372,
                0.013224447385975474,
                0.013178904128273293,
                0.013140873160501368,
                0.013098968668234156,
                0.013062581013884475,
                0.01303746179443018,
                0.013011403538734603,
                0.012967503594454664,
                0.012909165967965016,
                0.012808923849208155,
                0.012650696242552125,
                0.012445751582892312,
                0.012233646771892724,
                0.012022598376664577,
                0.011742061299581556,
                0.011365742525887764,
                0.01093355109583769,
                0.010505820087933705,
                0.010064355675000969,
                0.009702474583516888,
                0.009471002150040856,
                0.009327329605124697,
                0.009182131126316457,
                0.009058060962937063,
                0.008922957123722606,
                0.008753108943580709,
                0.008570935912771988,
                0.008402965805112655,
                0.008220792774303933,
                0.00813369716292502,
                0.008191213132703549,
                0.008328429803460892,
                0.008434306139665445,
                0.008534196119831826,
                0.008523279823526922,
                0.008338524443054673,
                0.008026764410949024,
                0.007720521216760907,
                0.007421672932972886,
                0.00700708843244685,
                0.006437680331639431,
                0.005779181167440375,
                0.005123146973374685,
                0.004436359342407007,
                0.0039023998597079866,
                0.003617050221888396,
                0.0034955624081725273,
                0.0033554112491611774,
                0.0032302846700103405,
                0.0030930679992529973,
                0.0029107775889141143,
                0.0027017246456986924,
                0.0025202558920709313,
                0.0023593285562212157,
                0.0021787988388347365,
                0.0019648159553525835,
                0.001732169726574949,
                0.0014923633464575391,
                0.0012966916696803864,
                0.0011356469543005105,
                0.0009398578979931976,
                0.0007095592598187685,
                0.0005481624058484118,
                0.0004745654404379291,
                0.0003946299803987924,
                0.00029157075291808454,
                0.00016527037846564535,
                9.754238956317562e-05,
                0.0001308781761286893
            ],
            "uniqVals": [
                0,
                1,
                2,
                3,
                4,
                5,
                6,
                7,
                8,
                9,
                10,
                11,
                12,
                13,
                14,
                15,
                16,
                17,
                18,
                19,
                20,
                21,
                22,
                23,
                24,
                25,
                26,
                27,
                28,
                29,
                30,
                31,
                32,
                33,
                34,
                35,
                36,
                37,
                38,
                39,
                40,
                41,
                42,
                43,
                44,
                45,
                46,
                47,
                48,
                49,
                50,
                51,
                52,
                53,
                54,
                55,
                56,
                57,
                58,
                59,
                60,
                61,
                62,
                63,
                64,
                65,
                66,
                67,
                68,
                69,
                70,
                71,
                72,
                73,
                74,
                75,
                76,
                77,
                78,
                79,
                80,
                81,
                82,
                83,
                84,
                85,
                86,
                87,
                88,
                89,
                90,
                91,
                92,
                93,
                94,
                95,
                96,
                97,
                98,
                99,
                100
            ]
        },
        "Marital status": {
            "probs": [
                0.014070761998151424,
                0.6785682448378273,
                0.06987993637894875,
                0.2374810567850725
            ],
            "uniqVals": [
                "Widowed",
                "Married/in union",
                "Separated/divorced/spouse absent",
                "Single/never married"
            ]
        },
        "Sex": {
            "probs": [
                0.4700732392780231,
                0.529926760721977
            ],
            "uniqVals": [
                "Female",
                "Male"
            ]
        }
    },
    "pop_num": 8656000,