{
    "avail_var": [
        "Home location",
        "Age",
        "Sex",
        "Marital status",
        "Education",
        "Employment"
    ],
    "marginals": {
        "Employment": {
            "probs": [
                0.11562880444031365,
                0.8843711955596864
            ],
            "uniqVals": [
                "Unemployed",
                "Employed"
            ]
        },
        "Home location": {
            "probs": [
                0.1753540415524773,
                0.07343720040934912,
                0.021474657855444935,
                0.02763414538361849,
                0.019266205520052794,
                0.08775594907623088,
                0.06490447365604356,
                0.004997508945849026,
                0.02169565709542316,
                0.009261177209819142,
                0.0942357699975436,
                0.07843470935519814,
                0.06034665309356584,
                0.02929587486052792,
                0.08304874226791423,
                0.025979346196464474,
                0.015290529297029908,
                0.10758735822744749
            ],
            "uniqVals": [
                "Lombardia",
                "Sicilia",
                "Friuli-Venezia Giulia",
                "Sardegna",
                "Trentino-Alto Adige",
                "Veneto",
                "Toscana",
                "Molise",
                "Abruzzo",
                "Basilicata",
                "Lazio",
                "Piemonte-Valle d'Aosta",
                "Puglia",
                "Calabria",
                "Campania",
                "Liguria",
                "Umbria",
                "Emilia-Romagna, Marche"
            ]
        },
        "Education": {
            "probs": [
                0.16167518963967883,
                0.3907666979556415,
                0.44755811240467963
            ],
            "uniqVals": [
                "University completed",
                "Primary completed",
                "Secondary completed"
            ]
        },
        "Age": {
            "probs": [
                0.00724816404903233,
                0.007597395558044736,
                0.007912671709896,
                0.008195330239960661,
                0.008394768417527756,
                0.008630424541716634,
                0.008836567911407963,
                0.009014238987448608,
                0.009164412169679281,
                0.009292867796138114,
                0.009405402720114779,
                0.00947912680297827,
                0.009505518174935227,
                0.009499886474160934,
                0.009489234136919232,
                0.00947192615330791,
                0.009462248215906926,
                0.009471315089001023,
                0.00949691372888418,
                0.009521455392668934,
                0.009543255524698462,
                0.009605352870479538,
                0.009725732538936525,
                0.009885187292531282,
                0.010048341462470446,
                0.0102244766201181,
                0.0103859297191489,
                0.010516053386013025,
                0.010629001191278126,
                0.010761470023860575,
                0.010913195639735775,
                0.011059603344615894,
                0.01119443385816821,
                0.011331675598445005,
                0.011486274868087733,
                0.01164888403472616,
                0.011877289963490066,
                0.012199799795514762,
                0.012588717453971832,
                0.012970682191531602,
                0.01333955033462212,
                0.013761531526657302,
                0.014255453154389924,
                0.014779828905957734,
                0.015280786030845341,
                0.015776821610774764,
                0.016143493225410793,
                0.01631573078369559,
                0.016347687795420694,
                0.01635503708235489,
                0.016310462418455123,
                0.016246333696734932,
                0.01618905880440281,
                0.016115219114778558,
                0.015994674293806195,
                0.015857052702744037,
                0.015593172013677537,
                0.015153288288975683,
                0.01460329738227318,
                0.014058888630590358,
                0.01349700674278084,
                0.013012036381381552,
                0.012662755326614535,
                0.012410088493342011,
                0.012132268931977844,
                0.011824969646619202,
                0.011627645421248906,
                0.01158825654633192,
                0.011635044253937717,
                0.011676233291272292,
                0.011763978822691137,
                0.01163828124323907,
                0.011171229929757994,
                0.010494996440302684,
                0.009842297184288343,
                0.00913385895433487,
                0.008622662373494,
                0.008447584191944748,
                0.008470622967839589,
                0.008433298499364791,
                0.008409483506647688,
                0.008198715866525852,
                0.0076822839509475905,
                0.006970063728392024,
                0.0062940119067036275,
                0.005611865957197886,
                0.004971553139836684,
                0.004421661324643405,
                0.003935468834630343,
                0.0033981451258571177,
                0.0029611020244197156,
                0.0025893932580647447,
                0.002131408817677767,
                0.0015896425062409487,
                0.001211624913798645,
                0.0010493625674425071,
                0.0008714767931318752,
                0.0006389585667351258,
                0.0003518574340068716,
                0.00020049515366549737,
                0.00026371553655112534
            ],