{
    "avail_var": [
        "Home location",
        "Age",
        "Sex",
        "Marital status",
        "Education",
        "Employment"
    ],
    "marginals": {
        "Employment": {
            "probs": [
                0.11562880444031365,
                0.8843711955596864
            ],
            "uniqVals": [
                "Unemployed",
                "Employed"
            ]
        },
        "Home location": {
            "probs": [
                0.1753540415524773,
                0.07343720040934912,
                0.021474657855444935,
                0.02763414538361849,
                0.019266205520052794,
                0.08775594907623088,
                0.06490447365604356,
                0.004997508945849026,
                0.02169565709542316,
                0.009261177209819142,
                0.0942357699975436,
                0.07843470935519814,
                0.06034665309356584,
                0.02929587486052792,
                0.08304874226791423,
                0.025979346196464474,
                0.015290529297029908,
                0.10758735822744749
            ],
            "uniqVals": [
                "Lombardia",
                "Sicilia",
                "Friuli-Venezia Giulia",
                "Sardegna",
                "Trentino-Alto Adige",
                "Veneto",
                "Toscana",
                "Molise",
                "Abruzzo",
                "Basilicata",
                "Lazio",
                "Piemonte-Valle d'Aosta",
                "Puglia",
                "Calabria",
                "Campania",
                "Liguria",
                "Umbria",
                "Emilia-Romagna, Marche"
            ]
        },
        "Education": {
            "probs": [
                0.16167518963967883,
                0.3907666979556415,
                0.44755811240467963
            ],
            "uniqVals": [
                "University completed",
                "Primary completed",
                "Secondary completed"
            ]
        },
        "Age": {
            "probs": [
                0.0018034154007979073,
                0.02959002715903552,
                0.030758165998920416,
                0.01667966737689303,
                0.021142773979380077,
                0.0022461839129494002,
                0.021161254752061185,
                0.030346968806765812,
                0.015225076560450992,
                0.013018164289448943,
                0.0007538615189501073,
                0.01738193673877505,
                0.010274539578499777,
                0.022801423327509323,
                0.0015469946798475644,
                0.024454682450273244,
                0.0036360920250075655,
                0.025037596821923126,
                0.001572405742284085,
                0.01817583993186755,
                0.027567922614844528,
                0.0037600672084099835,
                0.0051415049663226416,
                0.0014638312027825883,
                0.027112833587572296,
                0.03022684378433862,
                0.029602347674156256,
                0.03061802013942203,
                0.0020505957354076975,
                0.02199981981246636,
                0.03007822757069473,
                0.021781130669073275,
                0.023985732843490187,
                0.026315080233504564,
                0.03042166192968528,
                0.03032386784091443,
                0.0035652490630633266,
                0.010199846455580308,
                0.02593160420037162,
                0.008060697017742311,
                0.029389048756128494,
                0.0013768175647423818,
                0.028099244829426318,
                0.029108757037131724,
                0.0006953390721266056,
                0.006819405119328039,
                0.011523531798864511,
                0.007704942143631025,
                0.02568211376917669,
                0.012915750007507814,
                0.015187344982893735,
                0.0009979617247797131,
                0.02267436801532672,
                0.001151198131593882,
                0.02054214886724414,
                0.013919871989847895,
                0.005953888932096251,
                0.01924695471517664,
                0.01930624719419519,
                0.02967858086146582,
                0.00021252888583271666
            ],
            "uniqVals": [
                68,
                39,
                46,
                25,
                55,
                66,
                29,
                42,
                58,
                59,
                74,
                57,
                20,
                31,
                70,
                52,
                18,
                33,
                69,
                26,
                35,
                65,
                64,
                17,
                49,
                44,
                37,
                45,
                67,
                30,
                47,
                54,
                32,
                50,
                40,
                43,
                75,
                60,
                34,
                61,
                38,
                71,
                48,
                36,
                16,
                62,
                21,
                19,
                51,
                22,
                24,
                73,
                53,
                72,
                28,
                23,
                63,
                27,
                56,
                41,
                15
            ]
        },
        "Marital status": {
            "probs": [
                0.015296689554590277,
                0.5468791750183075,
                0.083496130973236,
                0.3543280044538662
            ],
            "uniqVals": [
                "Widowed",
                "Married/in union",
                "Separated/divorced/spouse absent",
                "Single/never married"
            ]
        },
        "Sex": {
            "probs": [
                0.4273201262544787,
                0.5726798737455213
            ],
            "uniqVals": [
                "Female",
                "Male"
            ]
        }
    },
    "pop_num": 60462000,
    "corr": [
        [
            0.9999999999999993,
            0.11750090239183239,
            0.05261323342341407,
            0.08684627545895353,
            0.10301388468648322,
            0.3304882050160236
        ],
        [
            0.11750090239183239,
            0.9999999999999994,
            0.10958301892537473,
            0.6400822803500963,
            0.2621237143778059,
            0.35855667167609107
        ],
        [
            0.05261323342341407,
            0.10958301892537473,
            1.0000000000000002,
            0.12127876468002821,
            0.1565856933584659,
            0.10567056234324784
        ],
        [
            0.08684627545895353,
            0.6400822803500963,
            0.12127876468002821,
            0.9999999999999984,
            0.15625171710348668,
            0.25448244793546526
        ],
        [
            0.10301388468648322,
            0.2621237143778059,
            0.1565856933584659,
            0.15625171710348668,
            0.9999999999999998,
            0.14000025362507487
        ],
        [
            0.3304882050160236,
            0.35855667167609107,
            0.10567056234324784,
            0.25448244793546526,
            0.14000025362507487,
            1.0000000000000013
        ]
    ]
}
