{
    "avail_var": [
        "Home location",
        "Age",
        "Sex",
        "Marital status",
        "Religion",
        "Race",
        "Education",
        "Employment"
    ],
    "marginals": {
        "Employment": {
            "probs": [
                0.1421191149234818,
                0.8578808850765182
            ],
            "uniqVals": [
                "Unemployed",
                "Employed"
            ]
        },
        "Home location": {
            "probs": [
                0.1928202414604598,
                0.07802208513778842,
                0.06734156768273154,
                0.03534179048361717,
                0.19747120994805956,
                0.04380822413769095,
                0.03425563616615376,
                0.07708910642919806,
                0.05805355576288416,
                0.062133596981048,
                0.034102460557280716,
                0.031554175427847324,
                0.02429922158940582,
                0.06370712823583474
            ],
            "uniqVals": [
                "Saint Catherine",
                "Saint James",
                "Saint Ann",
                "Kingston",
                "Saint Andrew",
                "Saint Mary",
                "Saint Thomas",
                "Clarendon",
                "Saint Elizabeth",
                "Westmoreland",
                "Hanover",
                "Trelawny",
                "Portland",
                "Manchester"
            ]
        },
        "Education": {
            "probs": [
                0.02924261623939955,
                0.31646080793171155,
                0.6128138359349978,
                0.04148273989389108
            ],
            "uniqVals": [
                "University completed",
                "Primary completed",
                "Secondary completed",
                "Less than primary completed"
            ]
        },
        "Religion": {
            "probs": [
                0.11248659713422361,
                0.0001671006642251403,
                0.0008494283764777965,
                0.0005709272694358961,
                0.6117833818389428,
                0.27414256471669474
            ],
            "uniqVals": [
                "Other",
                "Jewish",
                "Hindu",
                "Muslim",
                "Christian",
                "No religion"
            ]
        },
        "Age": {
            "probs": [
                0.015387970668970383,
                0.01567932728166315,
                0.015869268728820253,
                0.015972718981289748,
                0.016206075616368474,
                0.016059549357132993,
                0.015902169300917108,
                0.01574648515047941,
                0.015602672340489034,
                0.015464625610144498,
                0.01532522215517741,
                0.015285537959967803,
                0.015393397567460585,
                0.015605385789734137,
                0.015811607932361846,
                0.01600867218378734,
                0.01627798202136366,
                0.016640566676740343,
                0.017047584063505563,
                0.017437303211333258,
                0.017830753351872973,
                0.018080390682422304,
                0.018108203537184595,
                0.017978636335731,
                0.017841946330009018,
                0.017678461012991652,
                0.01746240261685045,
                0.01720021558354252,
                0.01690173616658136,
                0.016565946822500056,
                0.01618572474703021,
                0.015841455874057962,
                0.015569771768392181,
                0.015336754314469092,
                0.015092883063565599,
                0.014877163848580033,
                0.014550193214545308,
                0.014046848379578987,
                0.013450567907967939,
                0.012885831283831198,
                0.012301422152667472,
                0.011919843352575078,
                0.011854720570692643,
                0.011993784844504092,
                0.01210537544470889,
                0.012231550834606107,
                0.01230311805844566,
                0.0122620771386135,
                0.012140989466050849,
                0.012038217575892629,
                0.01194155094653589,
                0.011781118259919267,
                0.011533516016303758,
                0.011224182802362192,
                0.01089822971179438,
                0.010543446222997363,
                0.01020121243695894,
                0.00989527103457375,
                0.009604931965347896,
                0.009297294657184518,
                0.008994066704044429,
                0.008623341700932442,
                0.008151879894596063,
                0.007622078929490003,
                0.007103470942519986,
                0.006571295709324462,
                0.006129342663528562,
                0.005833237514656865,
                0.005631085545896806,
                0.00541977568593453,
                0.005224746521442863,
                0.004994442516764876,
                0.004692910469402976,
                0.0043506766833645545,
                0.00403082885359822,
                0.0037181038281002762,
                0.0034338700196758984,
                0.003193390580328781,
                0.0029830982638334182,
                0.0027745018531162434,
                0.0025737066089787353,
                0.0023725721836855896,
                0.0021649933164353276,
                0.00195537936225124,
                0.0017576367485144712,
                0.0015687128448242818,
                0.0013896251946475856,
                0.0012210521602956572,
                0.001061976198301584,
                0.0009012043305293226,
                0.0007777423898772061,
                0.0006695436012287854,
                0.0005345495012849877,
                0.00037513435813527697,
                0.0002560817725064503,
                0.00019909933835931965,
                0.00016077186777226153,
                0.00011871340447318888,
                7.224558615082639e-05,
                4.036255752088422e-05,
                7.088886152827566e-05
            ],