{
    "avail_var": [
        "Home location",
        "Age",
        "Sex",
        "Marital status",
        "Religion",
        "Race",
        "Education",
        "Employment"
    ],
    "marginals": {
        "Employment": {
            "probs": [
                0.1421191149234818,
                0.8578808850765182
            ],
            "uniqVals": [
                "Unemployed",
                "Employed"
            ]
        },
        "Home location": {
            "probs": [
                0.1928202414604598,
                0.07802208513778842,
                0.06734156768273154,
                0.03534179048361717,
                0.19747120994805956,
                0.04380822413769095,
                0.03425563616615376,
                0.07708910642919806,
                0.05805355576288416,
                0.062133596981048,
                0.034102460557280716,
                0.031554175427847324,
                0.02429922158940582,
                0.06370712823583474
            ],
            "uniqVals": [
                "Saint Catherine",
                "Saint James",
                "Saint Ann",
                "Kingston",
                "Saint Andrew",
                "Saint Mary",
                "Saint Thomas",
                "Clarendon",
                "Saint Elizabeth",
                "Westmoreland",
                "Hanover",
                "Trelawny",
                "Portland",
                "Manchester"
            ]
        },
        "Education": {
            "probs": [
                0.02924261623939955,
                0.31646080793171155,
                0.6128138359349978,
                0.04148273989389108
            ],
            "uniqVals": [
                "University completed",
                "Primary completed",
                "Secondary completed",
                "Less than primary completed"
            ]
        },
        "Religion": {
            "probs": [
                0.11248659713422361,
                0.0001671006642251403,
                0.0008494283764777965,
                0.0005709272694358961,
                0.6117833818389428,
                0.27414256471669474
            ],
            "uniqVals": [
                "Other",
                "Jewish",
                "Hindu",
                "Muslim",
                "Christian",
                "No religion"
            ]
        },
        "Age": {
            "probs": [
                0.0035230390040800414,
                0.00020887583028142537,
                6.962527676047512e-5,
                0.025260050408700375,
                0.017782295684625346,
                0.00032027627309818554,
                0.029757843287427067,
                0.009608288192945567,
                0.023073816718421455,
                0.03024522022475039,
                0.008048681993510925,
                0.003453413727319566,
                0.007018227897455893,
                4.1775166056285075e-5,
                0.0015317560887304527,
                1.3925055352095025e-5,
                0.009329787085903667,
                0.027460209154331387,
                5.57002214083801e-5,
                0.02837926280756966,
                0.0009608288192945567,
                0.0005430771587317059,
                0.002812861181123195,
                0.012964226532800468,
                0.022154763065183183,
                0.027613384763204435,
                0.0025622101847854843,
                0.028866639744892987,
                0.029159065907286983,
                0.00030635121774609054,
                0.012699650481110662,
                0.005444696642669155,
                0.0045395680447829784,
                0.015150460223079388,
                0.018882375057440854,
                0.00026457605168980547,
                0.024619497862504003,
                2.785011070419005e-5,
                0.018826674836032474,
                4.1775166056285075e-5,
                0.00018102571957723533,
                0.0030495871221088103,
                5.57002214083801e-5,
                0.031164273877988664,
                0.015777087713923662,
                0.010986868672802975,
                0.01659866597969727,
                0.029994569228412683,
                0.0010165290407029369,
                0.026429755058276355,
                0.0005709272694358961,
                0.0004456017712670408,
                4.1775166056285075e-5,
                0.020483756422931782,
                4.1775166056285075e-5,
                0.0017545569743639732,
                0.006976452731399608,
                0.026958907161655967,
                4.1775166056285075e-5,
                0.00020887583028142537,
                0.0052636709230919195,
                0.0008494283764777965,
                0.027641234873908623,
                0.0023672594098561543,
                0.029326166571512123,
                0.016013813654909278,
                0.0012532549816885521,
                5.57002214083801e-5,
                0.00036205143915447066,
                0.0001114004428167602,
                0.0037319148343614664,
                0.00554217203013382,
                0.0277108601506691,
                1.3925055352095025e-5,
                0.02418782114658906,
                0.012518624761533427,
                0.02793366103630262,
                0.00026457605168980547,
                0.027738710261373287,
                0.0018798824725328282,
                1.3925055352095025e-5,
                5.57002214083801e-5,
                0.011126119226323925,
                0.0018381073064765432,
                0.030913622881650955,
                4.1775166056285075e-5,
                0.02670825616531826,
                0.0052497458677398245,
                0.027947586091654715,
                0.009176611477030621,
                1.3925055352095025e-5,
                0.02468912313926448,
                0.0010583042067592219
            ],
            "uniqVals": [
                68,
                89,
                11,
                39,
                46,
                85,
                25,
                55,
                42,
                29,
                58,
                66,
                59,
                8,
                74,
                95,
                57,
                20,
                90,
                31,
                78,
                14,
                70,
                52,
                18,
                33,
                69,
                26,
                35,
                83,
                17,
                65,
                64,
                49,
                44,
                84,
                37,
                4,
                45,
                13,
                86,
                67,
                93,
                30,
                47,
                54,
                50,
                32,
                77,
                40,
                80,
                82,
                91,
                43,
                7,
                75,
                60,
                34,
                9,
                87,
                61,
                79,
                38,
                71,
                36,
                48,
                76,
                12,
                81,
                98,
                16,
                62,
                21,
                10,
                19,
                51,
                22,
                88,
                24,
                73,
                6,
                92,
                53,
                72,
                28,
                5,
                23,
                63,
                27,
                56,
                97,
                41,
                15
            ]
        },