{
    "avail_var": [
        "Home location",
        "Age",
        "Sex",
        "Marital status",
        "Education",
        "Employment"
    ],
    "marginals": {
        "Employment": {
            "probs": [
                0.2277290572755311,
                0.7722709427244688
            ],
            "uniqVals": [
                "Unemployed",
                "Employed"
            ]
        },
        "Home location": {
            "probs": [
                0.02112039522255418,
                0.028227225369313675,
                0.02639876906941924,
                0.020540809074663116,
                0.394056482050079,
                0.01429645831464628,
                0.07065431136195845,
                0.045904602879991166,
                0.14323367671512652,
                0.042109693578323476,
                0.019271239417377926,
                0.17418633694654698
            ],
            "uniqVals": [
                "Aqaba",
                "Jarash",
                "Madaba",
                "Ajlun",
                "Amman",
                "Tafilah",
                "Balqa",
                "Karak",
                "Zarqa",
                "Mafraq",
                "Ma'an",
                "Irbid"
            ]
        },
        "Education": {
            "probs": [
                0.1866681386314867,
                0.368099302426672,
                0.3621792439160704,
                0.08305331502577089
            ],
            "uniqVals": [
                "University completed",
                "Primary completed",
                "Secondary completed",
                "Less than primary completed"
            ]
        },
        "Age": {
            "probs": [
                0.001000476088621482,
                0.023411140473742677,
                0.012633598057006437,
                1.379967018788251e-5,
                0.043558658948051145,
                0.00445039363559211,
                0.018919347827586922,
                0.03772139845857684,
                0.004388295119746638,
                0.001110873450124542,
                0.004477992975967874,
                0.0004415894460122403,
                0.005264574176677177,
                0.031090656933299293,
                1.379967018788251e-5,
                0.03479586837874575,
                8.969785622123632e-5,
                0.0005657864777031829,
                0.007058531301101904,
                0.03233262725020872,
                0.022238168507772663,
                0.0008486797165547744,
                0.04120581518101717,
                0.03040757325899911,
                3.449917546970627e-5,
                0.0016214612470761948,
                0.0013385680082246033,
                0.010453250167321002,
                0.009576971110390462,
                0.015911019726628534,
                4.1399010563647526e-5,
                0.02656436511167383,
                0.013226983875085386,
                2.0699505281823763e-5,
                0.0007796813656153618,
                0.03733500769331613,
                0.011791818175545605,
                0.006037355707198598,
                0.008259102607447682,
                0.035706646611145997,
                8.279802112729505e-5,
                0.021727580710821013,
                0.00015869620716064885,
                4.1399010563647526e-5,
                6.899835093941255e-6,
                0.015248635557610173,
                0.00019319538263035514,
                0.003581014413755511,
                0.03315370762638773,
                6.899835093941255e-6,
                0.0024218421179733806,
                0.00012419703169094258,
                0.024197721674451982,
                0.0004553891162001228,
                0.009990961216026937,
                0.027840834604052962,
                0.00012419703169094258,
                4.1399010563647526e-5,
                0.006120153728325893,
                0.0024839406338188516,
                0.03326410498789079,
                0.02545349166154929,
                0.007507020582208085,
                0.042413286322456896,
                6.899835093941255e-6,
                0.04656698704900953,
                0.0004139901056364753,
                0.005844160324568243,
                0.0005036879618577116,
                0.03928076118980756,
                0.04353105960767538,
                0.0016559604225459012,
                0.03994314535882593,
                0.004885083246510409,
                0.020251016000717582,
                0.00373971062091616
            ],
            "uniqVals": [
                68,
                39,
                46,
                85,
                25,
                55,
                42,
                29,
                58,
                66,
                59,
                74,
                57,
                20,
                90,
                31,
                78,
                70,
                52,
                33,
                18,
                69,
                26,
                35,
                83,
                64,
                65,
                17,
                49,
                44,
                84,
                37,
                45,
                86,
                67,
                30,
                47,
                54,
                50,
                32,
                80,
                40,
                77,
                82,
                91,
                43,
                75,
                60,
                34,
                87,
                61,
                79,
                38,
                71,
                48,
                36,
                76,
                81,
                16,
                62,
                21,
                19,
                51,
                22,
                88,
                24,
                73,
                53,
                72,
                28,
                23,
                63,
                27,
                56,
                41,
                15
            ]
        },
        "Marital status": {
            "probs": [
                0.00451249215143758,
                0.5761293305090008,
                0.007789913821059677,
                0.4115682635185019
            ],
            "uniqVals": [
                "Widowed",
                "Married/in union",
                "Separated/divorced/spouse absent",
                "Single/never married"
            ]
        },
        "Sex": {
            "probs": [
                0.2186626739620923,
                0.7813373260379077
            ],
            "uniqVals": [
                "Female",
                "Male"
            ]
        }
    },
    "pop_num": 10203000,