{
    "avail_var": [
        "Home location",
        "Age",
        "Sex",
        "Marital status",
        "Education",
        "Employment"
    ],
    "marginals": {
        "Employment": {
            "probs": [
                0.2277290572755311,
                0.7722709427244688
            ],
            "uniqVals": [
                "Unemployed",
                "Employed"
            ]
        },
        "Home location": {
            "probs": [
                0.02112039522255418,
                0.028227225369313675,
                0.02639876906941924,
                0.020540809074663116,
                0.394056482050079,
                0.01429645831464628,
                0.07065431136195845,
                0.045904602879991166,
                0.14323367671512652,
                0.042109693578323476,
                0.019271239417377926,
                0.17418633694654698
            ],
            "uniqVals": [
                "Aqaba",
                "Jarash",
                "Madaba",
                "Ajlun",
                "Amman",
                "Tafilah",
                "Balqa",
                "Karak",
                "Zarqa",
                "Mafraq",
                "Ma'an",
                "Irbid"
            ]
        },
        "Education": {
            "probs": [
                0.1866681386314867,
                0.368099302426672,
                0.3621792439160704,
                0.08305331502577089
            ],
            "uniqVals": [
                "University completed",
                "Primary completed",
                "Secondary completed",
                "Less than primary completed"
            ]
        },
        "Age": {
            "probs": [
                0.020002183791495633,
                0.020946777556285844,
                0.021726547529588348,
                0.022351789011291867,
                0.0226256043910246,
                0.022934760367490734,
                0.023139478446047235,
                0.023245995202588243,
                0.023260448219739716,
                0.023196102595435204,
                0.023066421414144576,
                0.02284111273581063,
                0.02251205911244418,
                0.022106879665862087,
                0.021665666669669466,
                0.021185054352748853,
                0.020718697066443394,
                0.020299064602709825,
                0.019910813004983225,
                0.019501574834406538,
                0.019076596734192288,
                0.01869121594124235,
                0.018366617014943135,
                0.01808102143629927,
                0.01779621780380069,
                0.01752517423557646,
                0.01722651154553537,
                0.016877362288732285,
                0.016500296930307853,
                0.016130458080459157,
                0.01574864104516301,
                0.015422359233305061,
                0.015184775389719175,
                0.014996886166750005,
                0.014799097616964758,
                0.014617741949694197,
                0.014346203415129162,
                0.01392973873597674,
                0.013425269041429377,
                0.012933569478474759,
                0.012422467234960623,
                0.011993925377092584,
                0.01170466704752677,
                0.011500047962238425,
                0.011270977539714368,
                0.011043194029676403,
                0.010762152141367932,
                0.010391026379033148,
                0.009959613716388446,
                0.009537011454610054,
                0.009112330334200284,
                0.00867913579272869,
                0.008242080513798822,
                0.00780205543682413,
                0.007360347474290707,
                0.006922698235751875,
                0.006479109401123397,
                0.006026809158896768,
                0.005576092808960714,
                0.0051390375300308455,
                0.004712277550989701,
                0.004327886690721372,
                0.004002990784617674,
                0.0037246217145495463,
                0.003458923782805999,
                0.0032075798749457646,
                0.002991576563818931,
                0.0028162594859061805,
                0.0026713333413187906,
                0.002539078335055982,
                0.002421276345944647,
                0.002304266302978599,
                0.002178841832218884,
                0.0020486656845874513,
                0.0019280918839676149,
                0.0018167244572867315,
                0.001692388912476785,
                0.001546274848671466,
                0.0013874896465415664,
                0.0012353369933784395,
                0.0010867480978691009,
                0.0009456826907399818,
                0.0008163974825219962,
                0.0006976055607290538,
                0.0005831693427351861,
                0.0004737817814175183,
                0.0003788472372513253,
                0.0003023254409630382,
                0.00024055364163070824,
                0.00017858385576205666,
                0.00013146306011752287,
                0.0001028540056190559,
                7.523488380219681e-05,
                4.791274178982007e-05,
                2.9005027571110086e-05,
                2.138254592272962e-05,
                1.653187578285114e-05,
                1.1483219106651093e-05,
                5.840602821486331e-06,
                2.474831704019632e-06,
                2.6728182403412024e-06
            ],
            "uniqVals": [
                0,
                1,
                2,
                3,
                4,
                5,
                6,
                7,
                8,
                9,
                10,
                11,
                12,
                13,
                14,
                15,
                16,
                17,
                18,
                19,
                20,
                21,
                22,
                23,
                24,
                25,
                26,
                27,
                28,
                29,
                30,
                31,
                32,
                33,
                34,
                35,
                36,
                37,
                38,
                39,
                40,
                41,
                42,
                43,
                44,
                45,
                46,
                47,
                48,
                49,
                50,
                51,
                52,
                53,
                54,
                55,
                56,
                57,
                58,
                59,
                60,
                61,
                62,
                63,
                64,
                65,
                66,
                67,
                68,
                69,
                70,
                71,
                72,
                73,
                74,
                75,
                76,
                77,
                78,
                79,
                80,
                81,
                82,
                83,
                84,
                85,
                86,
                87,
                88,
                89,
                90,
                91,
                92,
                93,
                94,
                95,
                96,
                97,
                98,
                99,
                100
            ]
        },
        "Marital status": {
            "probs": [
                0.00451249215143758,
                0.5761293305090008,
                0.007789913821059677,
                0.4115682635185019
            ],