{
    "avail_var": [
        "Home location",
        "Age",
        "Sex",
        "Marital status",
        "Education",
        "Employment"
    ],
    "marginals": {
        "Employment": {
            "probs": [
                0.07892161791158286,
                0.9210783820884172
            ],
            "uniqVals": [
                "Unemployed",
                "Employed"
            ]
        },
        "Home location": {
            "probs": [
                0.06321852238599453,
                0.11203548949360877,
                0.08918163728288168,
                0.25881538435503826,
                0.11790262388522954,
                0.0789320700512354,
                0.14516976763400388,
                0.13474450491200793
            ],
            "uniqVals": [
                "Northeastern",
                "Western",
                "Nairobi",
                "Rift Valley",
                "Central",
                "Coast",
                "Eastern",
                "Nyanza"
            ]
        },
        "Education": {
            "probs": [
                0.014928641749429363,
                0.3588388767832097,
                0.19034441293317897,
                0.435888068534182
            ],
            "uniqVals": [
                "University completed",
                "Primary completed",
                "Secondary completed",
                "Less than primary completed"
            ]
        },
        "Age": {
            "probs": [
                0.0022307852344116293,
                0.0005310682385357449,
                0.013234399683847662,
                0.013550950199038602,
                0.010500418583307037,
                0.0009461674990219784,
                0.03561143523804499,
                0.008505055351545275,
                0.012241446416857212,
                0.022053019224968867,
                0.004131581488364778,
                0.0026428981692828537,
                0.004856760891876099,
                0.019279220449561457,
                0.0016355109951531935,
                0.0022014196991973754,
                0.0005445067038032848,
                0.03172323928730344,
                0.00664507221433058,
                0.017660134245290813,
                0.015650834827325676,
                0.0012263843858969776,
                0.005473437131375432,
                0.0074807456655972306,
                0.021783752198682234,
                0.015763319758824345,
                0.0026911771000588305,
                0.0254504623329773,
                0.02792463310501215,
                0.0005728767971458691,
                0.004793550333025079,
                0.015683684409090775,
                0.003435269899131875,
                0.009369596617090343,
                0.00851700065400531,
                0.0006052286579751318,
                0.015200895101331005,
                0.01664329037338029,
                0.014770864212769727,
                0.0004285377257537735,
                0.0031480849191551884,
                0.0001483208388787741,
                0.00019062711842473314,
                0.036482446875755914,
                0.009708046853458016,
                0.00576908336726131,
                0.0229728075143916,
                0.01514962984494002,
                0.002207890071363228,
                0.02453764213665625,
                0.0013010425262721995,
                0.0006968093101687373,
                0.00025831716569826765,
                0.009255618522784172,
                0.017500863545823673,
                0.016904096143757732,
                0.009548776153990876,
                0.017058389633866525,
                0.0022855345373534587,
                0.0005270864710490664,
                0.00411217037186722,
                0.0015718027153663375,
                0.01604751841318602,
                0.0017260962054751294,
                0.010000706763728886,
                0.015614501199009735,
                0.0012562476420470664,
                0.01848834188251994,
                0.0009227746150377422,
                0.014889321795498412,
                0.0036443126921824965,
                0.0222436463433936,
                0.0210097961434591,
                0.019148817564372738,
                0.006879001054172942,
                0.028445249203895365,
                0.02086794567674618,
                0.027400532959578092,
                0.001716639507694268,
                0.0003110755848967577,
                0.00018216586251554133,
                0.005957719601942704,
                0.0018709329978030599,
                0.0259680921062455,
                0.022711504023078324,
                0.027509533844525917,
                0.0033043692930073195,
                0.026084061084295014,
                0.00582383267020314,
                0.010330695744187365,
                0.014118849786826123
            ],
            "uniqVals": [
                68,
                89,
                11,
                39,
                46,
                85,
                25,
                55,
                42,
                29,
                58,
                66,
                59,
                8,
                74,
                95,
                90,
                20,
                57,
                31,
                14,
                78,
                70,
                52,
                18,
                33,
                69,
                26,
                35,
                83,
                65,
                17,
                64,
                49,
                44,
                84,
                37,
                45,
                13,
                86,
                67,
                93,
                94,
                30,
                47,
                54,
                32,
                50,
                80,
                40,
                77,
                82,
                91,
                43,
                7,
                9,
                60,
                34,
                75,
                87,
                61,
                79,
                38,
                71,
                48,
                36,
                76,
                12,
                81,
                16,
                62,
                21,
                10,
                19,
                51,
                22,
                6,
                24,
                73,
                88,
                92,
                53,
                72,
                28,
                5,
                23,
                63,
                27,
                56,
                41,
                15
            ]
        },
        "Marital status": {
            "probs": [
                0.03361507656441156,
                0.5285681862750465,
                0.024561035020640488,
                0.41325570213990137
            ],
            "uniqVals": [
                "Widowed",
                "Married/in union",
                "Separated/divorced/spouse absent",
                "Single/never married"
            ]
        },
        "Sex": {
            "probs": [
                0.48054757266476805,
                0.519452427335232
            ],
            "uniqVals": [
                "Female",
                "Male"
            ]
        }
    },
    "pop_num": 53771000,