{
    "avail_var": [
        "Home location",
        "Age",
        "Sex",
        "Marital status",
        "Education",
        "Employment"
    ],
    "marginals": {
        "Employment": {
            "probs": [
                0.07892161791158286,
                0.9210783820884172
            ],
            "uniqVals": [
                "Unemployed",
                "Employed"
            ]
        },
        "Home location": {
            "probs": [
                0.06321852238599453,
                0.11203548949360877,
                0.08918163728288168,
                0.25881538435503826,
                0.11790262388522954,
                0.0789320700512354,
                0.14516976763400388,
                0.13474450491200793
            ],
            "uniqVals": [
                "Northeastern",
                "Western",
                "Nairobi",
                "Rift Valley",
                "Central",
                "Coast",
                "Eastern",
                "Nyanza"
            ]
        },
        "Education": {
            "probs": [
                0.014928641749429363,
                0.3588388767832097,
                0.19034441293317897,
                0.435888068534182
            ],
            "uniqVals": [
                "University completed",
                "Primary completed",
                "Secondary completed",
                "Less than primary completed"
            ]
        },
        "Age": {
            "probs": [
                0.026621331428157206,
                0.02666922585468964,
                0.026704262206426233,
                0.026721628215728897,
                0.026609043977982486,
                0.026631089109178312,
                0.02661296226704749,
                0.026549071330303074,
                0.026433824177658116,
                0.02628059244606746,
                0.02610272875166525,
                0.025800012390162608,
                0.025328942744609704,
                0.024740799947624265,
                0.024128329520958534,
                0.023470798770045254,
                0.022838622773130285,
                0.022275568438653297,
                0.021749395475521183,
                0.021203840296091788,
                0.020673882189639597,
                0.020064702364955646,
                0.019331145393688857,
                0.018536284317293383,
                0.017764438433949637,
                0.01697003385725106,
                0.016369622630911605,
                0.016070310996314962,
                0.01596084617316399,
                0.01582678742884287,
                0.015715648773469957,
                0.01550843595272162,
                0.015125756060979762,
                0.014626992100481974,
                0.014156569162833005,
                0.013692347012733506,
                0.013201647880214174,
                0.012684795119226972,
                0.012150956765351184,
                0.011609129666779756,
                0.011057678032932153,
                0.01052785307222489,
                0.01003624094031177,
                0.009572094873495089,
                0.009109831867928095,
                0.008656812981223196,
                0.008210204111095515,
                0.007766847801308202,
                0.007331955756734126,
                0.006912470576930212,
                0.006505272847301021,
                0.006126986765141767,
                0.00578605757484498,
                0.005474420448432206,
                0.005174652314138668,
                0.004889016649628133,
                0.004617133038486519,
                0.00435671898222936,
                0.0041076223142910255,
                0.0038705087633961496,
                0.0036434191850122323,
                0.0034275328700229145,
                0.003222849818428196,
                0.003026802219433051,
                0.0028384390320022835,
                0.0026598905880547306,
                0.0024743615029088444,
                0.0022740151984346167,
                0.0020667833568655757,
                0.0018696135294489,
                0.0016805275508313838,
                0.0015003623371239987,
                0.0013316286366596608,
                0.0011745927409282238,
                0.0010246135696779359,
                0.0008798841449419253,
                0.000759254100037762,
                0.0006707502213024937,
                0.0006052234939775421,
                0.0005457263668157284,
                0.0004960059414957217,
                0.0004444214757467322,
                0.0003835548494942373,
                0.00031882699663884976,
                0.00026292480459007403,
                0.0002130712335251399,
                0.00016911411687841625,
                0.0001320805789679139,
                0.00010103859957914151,
                6.87032043825036e-05,
                4.473697029558374e-05,
                3.2677769969308194e-05,
                2.236848514779187e-05,
                1.3238491209917637e-05,
                6.79043299129396e-06,
                4.450872044713689e-06,
                3.3666852645911233e-06,
                2.2064152016529397e-06,
                9.32020214491328e-07,
                2.8531231055856976e-07,
                1.5216656563123722e-07
            ],
            "uniqVals": [
                0,
                1,
                2,
                3,
                4,
                5,
                6,
                7,
                8,
                9,
                10,
                11,
                12,
                13,
                14,
                15,
                16,
                17,
                18,
                19,
                20,
                21,
                22,
                23,
                24,
                25,
                26,
                27,
                28,
                29,
                30,
                31,
                32,
                33,
                34,
                35,
                36,
                37,
                38,
                39,
                40,
                41,
                42,
                43,
                44,
                45,
                46,
                47,
                48,
                49,
                50,
                51,
                52,
                53,
                54,
                55,
                56,
                57,
                58,
                59,
                60,
                61,
                62,
                63,
                64,
                65,
                66,
                67,
                68,
                69,
                70,
                71,
                72,
                73,
                74,
                75,
                76,
                77,
                78,
                79,
                80,
                81,
                82,
                83,
                84,
                85,
                86,
                87,
                88,
                89,
                90,
                91,
                92,
                93,
                94,
                95,
                96,
                97,
                98,
                99,
                100
            ]
        },
        "Marital status": {
            "probs": [
                0.03361507656441156,
                0.5285681862750465,
                0.024561035020640488,
                0.41325570213990137
            ],
            "uniqVals": [
                "Widowed",
                "Married/in union",
                "Separated/divorced/spouse absent",
                "Single/never married"
            ]
        },
        "Sex": {
            "probs": [
                0.48054757266476805,
                0.519452427335232
            ],