{
    "avail_var": [
        "Home location",
        "Age",
        "Sex",
        "Marital status",
        "Education",
        "Employment"
    ],
    "marginals": {
        "Employment": {
            "probs": [
                0.10428671593555823,
                0.8957132840644417
            ],
            "uniqVals": [
                "Unemployed",
                "Employed"
            ]
        },
        "Home location": {
            "probs": [
                0.2569813267140013,
                0.07942392469435289,
                0.18554009074717323,
                0.04373755853031488,
                0.041150538760970655,
                0.16813210725252054,
                0.14344661954690888,
                0.08158783375375762
            ],
            "uniqVals": [
                "Oshskaya region, City of Osh",
                "Issyk-Kul region",
                "Dzhalal-Abad region",
                "Naryn region",
                "Talasskaya region",
                "Bishkek",
                "Chuya region",
                "Batken region"
            ]
        },
        "Education": {
            "probs": [
                0.15047428695771312,
                0.13374731022477251,
                0.7016787421120074,
                0.014099660705506887
            ],
            "uniqVals": [
                "University completed",
                "Primary completed",
                "Secondary completed",
                "Less than primary completed"
            ]
        },
        "Age": {
            "probs": [
                0.02183981517027125,
                0.02345659211848903,
                0.024508206315888566,
                0.025057159213953063,
                0.02555498873025573,
                0.024979227229560034,
                0.024181671301281772,
                0.02321344432718278,
                0.02212598141696245,
                0.020930972368279743,
                0.019639639386887252,
                0.01850152068681146,
                0.017647542001832644,
                0.017009746641560096,
                0.016370860233506042,
                0.015751924413456606,
                0.015356029932740019,
                0.01525549767287301,
                0.015370681145805908,
                0.015527324434435896,
                0.015733064873233494,
                0.01601814007214319,
                0.01637054850556847,
                0.016760676019439976,
                0.017149868349498762,
                0.017520668731240793,
                0.017845333378222153,
                0.01809798887162435,
                0.01826102258297457,
                0.018389610357223068,
                0.01852708237769237,
                0.018320562619050844,
                0.017616992663950577,
                0.016594213300776463,
                0.015581409231604658,
                0.014512026541763513,
                0.013597416772926925,
                0.012975363673501767,
                0.012552816454122763,
                0.01208756250729638,
                0.011617320913468841,
                0.0112287520392852,
                0.010937442281624056,
                0.010717362357698141,
                0.0105300138672173,
                0.010386774879902912,
                0.010226079128084486,
                0.010014259994504233,
                0.0097787495376685,
                0.009561163437243165,
                0.00933110821931494,
                0.009185375408499978,
                0.009169633147652586,
                0.00922278276100863,
                0.00924927963570226,
                0.009281231749303403,
                0.009175088386560098,
                0.008853385154985674,
                0.0083857932486275,
                0.00792474762895834,
                0.007446556972722713,
                0.006958858614391137,
                0.006483005917687301,
                0.006013855371641267,
                0.005527715652997552,
                0.005031600640351528,
                0.004555124487772549,
                0.004112159088482571,
                0.0036963140197613683,
                0.0032963670758563435,
                0.002923540462520092,
                0.002555545632216209,
                0.002182874882848744,
                0.0018243877546408104,
                0.0014908388614386459,
                0.0011590044718931282,
                0.0009548226727833921,
                0.0009348720847787767,
                0.001032910521145207,
                0.0011311048214804238,
                0.001260316051604066,
                0.0013105042495531766,
                0.0012166741403439698,
                0.001032910521145207,
                0.0008778258722030792,
                0.0007291316459811798,
                0.0005950886328251699,
                0.0004923742773951576,
                0.0004121043334703377,
                0.0003162479926669119,
                0.00023114626570972421,
                0.00018080220379182742,
                0.00013684856459415904,
                9.647979667856998e-05,
                6.904773817222375e-05,
                5.673448463812515e-05,
                4.5200550947956854e-05,
                3.148452169478374e-05,
                1.5118804972247638e-05,
                7.793198439302906e-06,
                7.169742564158673e-06
            ],
            "uniqVals": [
                0,
                1,
                2,
                3,
                4,
                5,
                6,
                7,
                8,
                9,
                10,
                11,
                12,
                13,
                14,
                15,
                16,
                17,
                18,
                19,
                20,
                21,
                22,
                23,
                24,
                25,
                26,
                27,
                28,
                29,
                30,
                31,
                32,
                33,
                34,
                35,
                36,
                37,
                38,
                39,
                40,
                41,
                42,
                43,
                44,
                45,
                46,
                47,
                48,
                49,
                50,
                51,
                52,
                53,
                54,
                55,
                56,
                57,
                58,
                59,
                60,
                61,
                62,
                63,
                64,
                65,
                66,
                67,
                68,
                69,
                70,
                71,
                72,
                73,
                74,
                75,
                76,
                77,
                78,
                79,
                80,
                81,
                82,
                83,
                84,
                85,
                86,
                87,
                88,
                89,
                90,
                91,
                92,
                93,
                94,
                95,
                96,
                97,
                98,
                99,
                100
            ]
        },
        "Marital status": {
            "probs": [
                0.029561334934437987,
                0.6469000088651767,
                0.07825533320975814,
                0.24528332299062708
            ],
            "uniqVals": [
                "Widowed",
                "Married/in union",
                "Separated/divorced/spouse absent",
                "Single/never married"
            ]
        },