{
    "avail_var": [
        "Home location",
        "Age",
        "Sex",
        "Marital status",
        "Education",
        "Employment"
    ],
    "marginals": {
        "Employment": {
            "probs": [
                0.10428671593555823,
                0.8957132840644417
            ],
            "uniqVals": [
                "Unemployed",
                "Employed"
            ]
        },
        "Home location": {
            "probs": [
                0.2569813267140013,
                0.07942392469435289,
                0.18554009074717323,
                0.04373755853031488,
                0.041150538760970655,
                0.16813210725252054,
                0.14344661954690888,
                0.08158783375375762
            ],
            "uniqVals": [
                "Oshskaya region, City of Osh",
                "Issyk-Kul region",
                "Dzhalal-Abad region",
                "Naryn region",
                "Talasskaya region",
                "Bishkek",
                "Chuya region",
                "Batken region"
            ]
        },
        "Education": {
            "probs": [
                0.15047428695771312,
                0.13374731022477251,
                0.7016787421120074,
                0.014099660705506887
            ],
            "uniqVals": [
                "University completed",
                "Primary completed",
                "Secondary completed",
                "Less than primary completed"
            ]
        },
        "Age": {
            "probs": [
                0.0006729475100942127,
                1.2088877426842143e-5,
                0.02374255526631797,
                0.021832512632876912,
                2.4177754853684285e-5,
                0.03347410159492589,
                0.00949379840588003,
                0.022025934671706385,
                0.028183202907777982,
                0.006423223539462126,
                0.0007615992778910551,
                0.005637446506717386,
                0.00014103690331315833,
                0.006979311901096864,
                0.032216858342534314,
                4.029625808947381e-6,
                0.026861485642443242,
                0.0001490961549310531,
                0.0004835550970736857,
                0.014385764137942151,
                0.025962879087047978,
                0.024846672737969554,
                0.0006971252649478969,
                4.029625808947381e-6,
                0.03117721488382589,
                0.025261724196291132,
                2.4177754853684285e-5,
                0.012362891981850565,
                0.0006608586326673705,
                0.0006245920003868441,
                0.019515477792732168,
                0.022602171162385862,
                1.6118503235789524e-5,
                0.023762703395362707,
                0.021473875935880595,
                4.029625808947381e-6,
                0.0007575696520821076,
                0.02805022525608272,
                0.021727742361844278,
                0.011980077530000565,
                0.018733730385796375,
                0.027107292816789034,
                0.00018536278721157954,
                0.02433893988604218,
                0.00010879989684157929,
                1.2088877426842143e-5,
                0.022046082800751123,
                0.0001490961549310531,
                0.003465478195694748,
                0.025717071912702186,
                2.4177754853684285e-5,
                0.0027844714339826404,
                9.268139360578977e-5,
                0.024858761615396394,
                0.00041908108413052765,
                0.02516904280268534,
                0.02175997936831586,
                0.00012088877426842143,
                2.8207380662631668e-5,
                0.006362779152327915,
                0.0018898945043963218,
                0.03296233911718958,
                0.02857407661124588,
                0.015445555725695313,
                0.03471522634408169,
                0.03511415929916748,
                0.00028207380662631667,
                0.012483780756118987,
                0.0003465478195694748,
                0.02984743836687325,
                0.03448956729878064,
                0.0010194953296636874,
                0.030879022573963782,
                0.008055221992085814,
                0.002889241705015272,
                0.022505460142971122
            ],
            "uniqVals": [
                68,
                89,
                39,
                46,
                85,
                25,
                55,
                42,
                29,
                58,
                66,
                59,
                74,
                57,
                20,
                90,
                31,
                78,
                70,
                52,
                33,
                18,
                69,
                96,
                26,
                35,
                83,
                17,
                64,
                65,
                49,
                44,
                84,
                37,
                45,
                86,
                67,
                30,
                47,
                54,
                50,
                32,
                77,
                40,
                80,
                82,
                43,
                75,
                60,
                34,
                87,
                61,
                79,
                38,
                71,
                36,
                48,
                76,
                81,
                16,
                62,
                21,
                19,
                51,
                22,
                24,
                73,
                53,
                72,
                28,
                23,
                63,
                27,
                56,
                15,
                41
            ]
        },
        "Marital status": {
            "probs": [
                0.029561334934437987,
                0.6469000088651767,
                0.07825533320975814,
                0.24528332299062708
            ],
            "uniqVals": [
                "Widowed",
                "Married/in union",
                "Separated/divorced/spouse absent",
                "Single/never married"
            ]
        },
        "Sex": {
            "probs": [
                0.4422272547771214,
                0.5577727452228786
            ],
            "uniqVals": [
                "Female",
                "Male"
            ]
        }
    },
    "pop_num": 6524000,