{
    "avail_var": [
        "Home location",
        "Age",
        "Sex",
        "Marital status",
        "Religion",
        "Education",
        "Employment"
    ],
    "marginals": {
        "Employment": {
            "probs": [
                0.021838631352739248,
                0.9781613686472608
            ],
            "uniqVals": [
                "Unemployed",
                "Employed"
            ]
        },
        "Home location": {
            "probs": [
                0.03810945829030728,
                0.04094220088749965,
                0.03974212274287628,
                0.043551673132203955,
                0.04268650051631269,
                0.03639306745555525,
                0.04147246797465882,
                0.0893220953922581,
                0.03762105439423963,
                0.08577767854651,
                0.04260277413412966,
                0.04105383606374369,
                0.038681588568557954,
                0.040607295358767545,
                0.047110044374982556,
                0.04299349725098379,
                0.04493315843822388,
                0.04048170578549301,
                0.04450057213027825,
                0.07979124222042365,
                0.041625966341994364
            ],
            "uniqVals": [
                "Pailin",
                "Pursat",
                "Kampong Cham",
                "Banteay Meanchey",
                "Kampong Chhnang",
                "Kep",
                "Preah Vihear",
                "Phnom Penh, Kandal",
                "Prey Veng",
                "Seim Reap, Otdar Meanchey",
                "Battambang",
                "Takeo",
                "Kampot",
                "Svay Rieng",
                "Kampong Speu",
                "Kratie",
                "Stung Treng",
                "Mondul Kiri",
                "Ratanak Kiri",
                "Koh Kong, Preah Sihanouk",
                "Kampong Thom"
            ]
        },
        "Education": {
            "probs": [
                0.013172950796796071,
                0.3631910915129357,
                0.052580168010940245,
                0.5710557896793279
            ],
            "uniqVals": [
                "University completed",
                "Primary completed",
                "Secondary completed",
                "Less than primary completed"
            ]
        },
        "Religion": {
            "probs": [
                0.02698780385699534,
                0.9530015908012615,
                0.01459629929390751,
                0.005414306047835673
            ],
            "uniqVals": [
                "Other",
                "Buddhist",
                "Muslim",
                "Christian"
            ]
        },
        "Age": {
            "probs": [
                0.003614188830900617,
                2.7908794061008625e-5,
                0.0006279478663726941,
                0.01653596048114761,
                0.015880103820713906,
                0.0003349055287321035,
                0.03350450727024085,
                0.014554436102815997,
                0.021322318662610588,
                0.004451452652730875,
                0.010284390611481679,
                0.02605285925595155,
                0.007577237587563841,
                0.0003907231168541207,
                0.0013675309089894226,
                0.010633250537244286,
                0.03286260500683765,
                1.3954397030504313e-5,
                0.005539895621110211,
                0.023736429348887835,
                0.0010047165861963104,
                0.0029443777734364097,
                0.015140520778097178,
                0.02735061817978845,
                0.02806229242834417,
                0.002469928274399263,
                0.025913315285646506,
                0.019187295916943427,
                0.000223270352488069,
                0.017415087494069382,
                0.006265524266696436,
                0.005414306047835673,
                0.014959113616700622,
                0.016968546789093243,
                0.00029304233764059054,
                0.015740559850408863,
                0.020373419664536294,
                0.0029443777734364097,
                0.0001255895732745388,
                0.003921185565571712,
                0.031188077363177136,
                0.011819374284837153,
                0.01705227317127627,
                0.029750774469035193,
                0.018657028829784265,
                0.000851218218860763,
                0.020317602076414278,
                0.0005442214841896682,
                0.0002511791465490776,
                2.7908794061008625e-5,
                0.020415282855627808,
                0.000223270352488069,
                0.0017722084228740476,
                0.01045184337584773,
                0.01913147832882141,
                0.0001116351762440345,
                9.768077921353018e-5,
                0.006391113839970975,
                0.00037676871982361644,
                0.0178058106109235,
                0.002023387569423125,
                0.019396611872400993,
                0.015684742262286847,
                0.0010884429683793364,
                0.001702436437721526,
                0.0003907231168541207,
                0.014247439368144902,
                0.0069911529122826605,
                0.029108872205631995,
                0.0006279478663726941,
                0.022117719293349335,
                0.014135804191900869,
                0.029848455248248723,
                0.0001255895732745388,
                0.027811113281795093,
                0.0018140716139655605,
                0.014833524043426083,
                0.002204794730819681,
                0.02986240964527923,
                0.00013954397030504313,
                0.030253132762133348,
                0.006516703413245514,
                0.02764366051742904,
                0.010437888978817225,
                0.01773603862577098,
                0.009991348273841088
            ],
            "uniqVals": [
                68,
                89,
                11,
                39,
                46,
                85,
                25,
                55,
                42,
                66,
                58,
                29,
                59,
                8,
                74,
                57,
                20,
                90,
                14,
                31,
                78,
                70,
                52,
                18,
                33,
                69,
                26,
                35,
                83,
                17,
                65,
                64,
                49,
                44,
                84,
                37,
                45,
                13,
                86,
                67,
                30,
                54,
                47,
                32,
                50,
                77,
                40,
                80,
                82,
                91,
                43,
                9,
                75,
                60,
                34,
                7,
                87,
                61,
                79,
                38,
                71,
                48,
                36,
                76,
                12,
                81,
                16,
                62,
                21,
                10,
                19,
                51,
                22,
                6,
                24,
                73,
                53,
                72,
                28,
                5,
                23,
                63,
                27,
                56,
                41,
                15
            ]
        },