{
    "avail_var": [
        "Home location",
        "Age",
        "Sex",
        "Marital status",
        "Religion",
        "Education",
        "Employment"
    ],
    "marginals": {
        "Employment": {
            "probs": [
                0.013652142952512351,
                0.9863478570474876
            ],
            "uniqVals": [
                "Unemployed",
                "Employed"
            ]
        },
        "Home location": {
            "probs": [
                0.029110478140252496,
                0.05954871155814678,
                0.045336537748305074,
                0.07053421751450147,
                0.061306689216253506,
                0.005381488569436409,
                0.025231059088818668,
                0.02464135772249173,
                0.045588737074784516,
                0.15938626552138502,
                0.019745723737890724,
                0.06665108964944294,
                0.03574183690121204,
                0.11207663892474075,
                0.037800228462919284,
                0.06393623807616419,
                0.12384099574228195,
                0.014141706350972451
            ],
            "uniqVals": [
                "Phongsaly",
                "Khammuane",
                "Huaphanh",
                "Luangprabang",
                "Saravane",
                "Xaysomboun SR",
                "Luangnamtha",
                "Bokeo",
                "Oudomxay",
                "Savannakhet",
                "Attapeu",
                "Vientiane",
                "Xiengkhuang",
                "Champasack",
                "Borikhamxay",
                "Xayabury",
                "Vientiane Capital",
                "Sekong"
            ]
        },
        "Education": {
            "probs": [
                0.01599240434969662,
                0.40111190232468436,
                0.09049505244262465,
                0.49240064088299434
            ],
            "uniqVals": [
                "University completed",
                "Primary completed",
                "Secondary completed",
                "Less than primary completed"
            ]
        },
        "Religion": {
            "probs": [
                0.30947824409927754,
                0.6905217559007225
            ],
            "uniqVals": [
                "Other",
                "Buddhist"
            ]
        },
        "Age": {
            "probs": [
                0.022740358543242332,
                0.02240797628160351,
                0.022137244443650953,
                0.02191979419359014,
                0.021586156606582144,
                0.021563421269340383,
                0.02154082541269519,
                0.021511813448607538,
                0.021469969269634962,
                0.021430217299611014,
                0.021407900404158978,
                0.021289062935876863,
                0.021024468244173616,
                0.020671721815434814,
                0.020329854873228873,
                0.01996860012809898,
                0.01970093686327108,
                0.019590328750186903,
                0.01957958874425061,
                0.019537186642891734,
                0.01947511777741575,
                0.019424067879069206,
                0.019380828894130876,
                0.019327547306239135,
                0.01925892285272411,
                0.019187787748470735,
                0.018996001928179768,
                0.01862861003680056,
                0.018138614701031713,
                0.017642621699610124,
                0.01712570660870225,
                0.016589403714870415,
                0.01604821900015845,
                0.015504523634708129,
                0.014945903845424255,
                0.014375707166624637,
                0.013837451544440748,
                0.013352059068358882,
                0.012906697523494113,
                0.012461475459225916,
                0.012017508720326898,
                0.011613572912644976,
                0.011262918692854798,
                0.010947134622208435,
                0.010639719387356587,
                0.010351970916621846,
                0.01003004969972617,
                0.00964661753974081,
                0.00922859419180479,
                0.00882577422889547,
                0.00842351218837245,
                0.008061420559663104,
                0.007762792602395496,
                0.007505311421117585,
                0.0072446221861184445,
                0.0069909069809480666,
                0.006723522677313314,
                0.006428242254363511,
                0.006116363640421254,
                0.0058131328234666615,
                0.005513110060233301,
                0.00521922444324925,
                0.004935799871008344,
                0.0046592098479996255,
                0.004385967359308711,
                0.004120535784026012,
                0.0038457590087727714,
                0.00355396560073735,
                0.003255616604662892,
                0.0029675891727350026,
                0.0026845830422838218,
                0.0024310073177100187,
                0.002220252136284817,
                0.002040601127895896,
                0.0018668083045631355,
                0.0017027791229906426,
                0.001546979296616089,
                0.0013952244075422179,
                0.0012490487423313568,
                0.001114868408425967,
                0.0009921254834397478,
                0.0008724511315781839,
                0.0007524978185234695,
                0.0006358920397865612,
                0.0005286314610201946,
                0.00042848439267916563,
                0.00034242486459223686,
                0.00027380041107721425,
                0.0002189845366231413,
                0.00016500554574851983,
                0.0001241377309519718,
                9.791537879582495e-05,
                7.22509490259791e-05,
                4.728392223900949e-05,
                2.9290925280802335e-05,
                2.1619492469163628e-05,
                1.7016632782180405e-05,
                1.1716370112320936e-05,
                5.997665652735716e-06,
                2.5106507383544856e-06,
                2.6501313349297353e-06
            ],