{
    "avail_var": [
        "Home location",
        "Age",
        "Sex",
        "Marital status",
        "Religion",
        "Education",
        "Employment"
    ],
    "marginals": {
        "Employment": {
            "probs": [
                0.013652142952512351,
                0.9863478570474876
            ],
            "uniqVals": [
                "Unemployed",
                "Employed"
            ]
        },
        "Home location": {
            "probs": [
                0.029110478140252496,
                0.05954871155814678,
                0.045336537748305074,
                0.07053421751450147,
                0.061306689216253506,
                0.005381488569436409,
                0.025231059088818668,
                0.02464135772249173,
                0.045588737074784516,
                0.15938626552138502,
                0.019745723737890724,
                0.06665108964944294,
                0.03574183690121204,
                0.11207663892474075,
                0.037800228462919284,
                0.06393623807616419,
                0.12384099574228195,
                0.014141706350972451
            ],
            "uniqVals": [
                "Phongsaly",
                "Khammuane",
                "Huaphanh",
                "Luangprabang",
                "Saravane",
                "Xaysomboun SR",
                "Luangnamtha",
                "Bokeo",
                "Oudomxay",
                "Savannakhet",
                "Attapeu",
                "Vientiane",
                "Xiengkhuang",
                "Champasack",
                "Borikhamxay",
                "Xayabury",
                "Vientiane Capital",
                "Sekong"
            ]
        },
        "Education": {
            "probs": [
                0.01599240434969662,
                0.40111190232468436,
                0.09049505244262465,
                0.49240064088299434
            ],
            "uniqVals": [
                "University completed",
                "Primary completed",
                "Secondary completed",
                "Less than primary completed"
            ]
        },
        "Religion": {
            "probs": [
                0.30947824409927754,
                0.6905217559007225
            ],
            "uniqVals": [
                "Other",
                "Buddhist"
            ]
        },
        "Age": {
            "probs": [
                0.0017950657943537022,
                0.005400032637559897,
                0.017624282344563622,
                0.013526043289272628,
                0.0390834779770647,
                0.0094834364383521,
                0.018940911181331316,
                0.024307564496268932,
                0.005878469595145905,
                0.0015984986722447224,
                0.004498790926758349,
                0.0005229427210823802,
                0.005496461791802038,
                0.04007002240123429,
                0.019604788820152208,
                0.015306273829127538,
                0.000248490512854748,
                0.0018284451169759818,
                0.009913658818817037,
                0.020172237304730962,
                0.03437328467369858,
                0.0010792647647870398,
                0.025646446214784815,
                0.030345513077276842,
                0.024303855682644235,
                0.002503449196670969,
                0.0037384841336953138,
                0.010521904253267465,
                0.015232097556633585,
                0.019104098980818017,
                0.023573219398578784,
                0.011393475455071432,
                0.0017616864717314225,
                0.03665420505288768,
                0.012988265313691457,
                0.008096340142715147,
                0.024685863485988103,
                0.017553814885694363,
                0.00025219932647944573,
                0.026692331656949574,
                0.00035975492159568,
                0.014898304330410788,
                0.000856735947305176,
                0.007054163514175086,
                0.01986440577388105,
                0.002848368863767858,
                0.00016689661311139792,
                0.02302060616849882,
                0.0006712952660702894,
                0.014720281276425298,
                0.02085095019805065,
                0.0003820078033438664,
                0.00912368151675642,
                0.0008307742519322919,
                0.022964973964128353,
                0.003189579717240049,
                0.026885189965433858,
                0.007606776744255047,
                0.028097972020710016,
                0.009105137448632932,
                0.03362039550788494,
                0.02882489949115077,
                0.000663877638820894,
                0.007573397421632768,
                0.0006267895025739166,
                0.02928108356698859,
                0.028995504917886866,
                0.0026184224190365984,
                0.02605812452712626,
                0.006308691975610841,
                0.021028973252036138,
                0.015102289079769163
            ],
            "uniqVals": [
                68,
                11,
                39,
                46,
                25,
                55,
                42,
                29,
                58,
                66,
                59,
                74,
                57,
                20,
                31,
                14,
                78,
                70,
                52,
                33,
                18,
                69,
                26,
                35,
                17,
                64,
                65,
                49,
                44,
                37,
                45,
                13,
                67,
                30,
                47,
                54,
                32,
                50,
                77,
                40,
                80,
                43,
                75,
                60,
                34,
                61,
                79,
                38,
                71,
                48,
                36,
                76,
                12,
                81,
                16,
                62,
                21,
                10,
                19,
                51,
                22,
                24,
                73,
                53,
                72,
                28,
                23,
                63,
                27,
                56,
                15,
                41
            ]
        },
        "Marital status": {
            "probs": [
                0.021299716646639072,
                0.6839571557850075,
                0.022913050573382585,
                0.27183007699497086
            ],
            "uniqVals": [
                "Widowed",
                "Married/in union",
                "Separated/divorced/spouse absent",
                "Single/never married"
            ]
        },
        "Sex": {
            "probs": [
                0.49996662067737774,
                0.5000333793226223
            ],
            "uniqVals": [
                "Female",
                "Male"
            ]
        }
    },
    "pop_num": 7276000,