{
    "avail_var": [
        "Home location",
        "Age",
        "Sex",
        "Marital status",
        "Religion",
        "Education",
        "Employment"
    ],
    "marginals": {
        "Employment": {
            "probs": [
                0.1062173681870876,
                0.8937826318129124
            ],
            "uniqVals": [
                "Unemployed",
                "Employed"
            ]
        },
        "Home location": {
            "probs": [
                0.10219913359540474,
                0.04011261516469532,
                0.137099375038134,
                0.5577762863144683,
                0.16281258988729766
            ],
            "uniqVals": [
                "Nimba",
                "Grad Cape Mount",
                "Gbarpolu, Lofa",
                "Bomi, Bong, Grand Bassa, Margibi, Montserrado",
                "Grand Gedeh, Grand Kru, Maryland, River Gee, Rivercess, Sinoe"
            ]
        },
        "Education": {
            "probs": [
                0.019742519197747697,
                0.17536412527129622,
                0.13543455333095086,
                0.6694588022000052
            ],
            "uniqVals": [
                "University completed",
                "Primary completed",
                "Secondary completed",
                "Less than primary completed"
            ]
        },
        "Religion": {
            "probs": [
                0.009073714121348941,
                0.14455184917238315,
                0.8319488873586862,
                0.01442554934758165
            ],
            "uniqVals": [
                "Other",
                "Muslim",
                "Christian",
                "No religion"
            ]
        },
        "Age": {
            "probs": [
                0.0040269509356995305,
                0.0002789230085333008,
                0.008820940144865638,
                0.021006389080164216,
                0.011810646142581956,
                0.0012551535383998535,
                0.03252067952617954,
                0.008812223800848971,
                0.020683884351547586,
                0.025277397648330386,
                0.006964358869315854,
                0.00214422062809975,
                0.004454051792516147,
                0.011627602918231977,
                0.0009675141858498872,
                0.0011592737542165314,
                0.004462768136532813,
                0.02847629590244668,
                0.0005578460170666016,
                0.018199726306797878,
                0.01222031431136524,
                0.0019524610597331056,
                0.005125210281799402,
                0.018417634907214517,
                0.020483408439164276,
                0.009849468738832185,
                0.0021529369721164154,
                0.023568994221063917,
                0.029801180192979858,
                0.0003137883845999634,
                0.01252538635194854,
                0.006981791557349185,
                0.00422742684808284,
                0.01140097797379867,
                0.01180192979856529,
                0.000496831608949942,
                0.019420014469131067,
                0.022810672291614004,
                0.00985818508284885,
                0.0003312210726332947,
                0.0021878023481830783,
                9.587978418332214e-5,
                0.00021790860041664124,
                0.03872671646604548,
                0.007670382734665772,
                0.01005866099523216,
                0.027378036556346807,
                0.018600678131564498,
                0.0006014277371499298,
                0.03469104918632929,
                0.0020744898759664245,
                0.0002091922563999756,
                0.000549129673049936,
                0.013911285050598377,
                0.011488141413965326,
                0.00388748943143288,
                0.011592737542165315,
                0.018687841571731152,
                0.012150583559231916,
                0.0003050720405832977,
                0.003364508790432941,
                0.0008193363375665711,
                0.026053152265813628,
                0.0012987352584831818,
                0.023168042396297297,
                0.01689227470429803,
                0.0012202881623331909,
                0.012900189144665161,
                0.000522980640999939,
                0.01294377086474849,
                0.004035667279716196,
                0.018609394475581163,
                0.01567198654196484,
                0.01692714008036469,
                0.007356594350065808,
                0.02267992713136402,
                0.011793213454548625,
                0.023752037445413897,
                0.0009239324657665589,
                0.0004009518247666199,
                0.00011331247221665345,
                0.006092724467649289,
                0.0018565812755497835,
                0.03361893887227941,
                0.022584047347180697,
                0.0031988982541162935,
                0.025007190983813748,
                0.007217132845799158,
                0.012298761407515232,
                0.014347102251431659
            ],
            "uniqVals": [
                68,
                89,
                11,
                39,
                46,
                85,
                25,
                55,
                42,
                29,
                58,
                66,
                59,
                8,
                74,
                95,
                57,
                20,
                90,
                31,
                14,
                78,
                70,
                33,
                18,
                52,
                69,
                26,
                35,
                83,
                17,
                65,
                64,
                49,
                44,
                84,
                37,
                45,
                13,
                86,
                67,
                93,
                94,
                30,
                54,
                47,
                32,
                50,
                77,
                40,
                80,
                91,
                82,
                43,
                9,
                75,
                60,
                34,
                7,
                87,
                61,
                79,
                38,
                71,
                36,
                48,
                76,
                12,
                81,
                16,
                62,
                21,
                10,
                19,
                51,
                22,
                6,
                24,
                73,
                88,
                92,
                53,
                72,
                28,
                23,
                63,
                27,
                56,
                41,
                15
            ]
        },
        "Marital status": {
            "probs": [
                0.03214587673346292,
                0.5927985565734308,
                0.033514342744079426,
                0.3415412239490268
            ],
            "uniqVals": [
                "Widowed",
                "Married/in union",
                "Separated/divorced/spouse absent",
                "Single/never married"
            ]
        },
        "Sex": {
            "probs": [
                0.4672832027334455,
                0.5327167972665545
            ],
            "uniqVals": [
                "Female",
                "Male"
            ]
        }
    },
    "pop_num": 5058000,