{
    "avail_var": [
        "Home location",
        "Age",
        "Sex",
        "Marital status",
        "Religion",
        "Education",
        "Employment"
    ],
    "marginals": {
        "Employment": {
            "probs": [
                0.1062173681870876,
                0.8937826318129124
            ],
            "uniqVals": [
                "Unemployed",
                "Employed"
            ]
        },
        "Home location": {
            "probs": [
                0.10219913359540474,
                0.04011261516469532,
                0.137099375038134,
                0.5577762863144683,
                0.16281258988729766
            ],
            "uniqVals": [
                "Nimba",
                "Grad Cape Mount",
                "Gbarpolu, Lofa",
                "Bomi, Bong, Grand Bassa, Margibi, Montserrado",
                "Grand Gedeh, Grand Kru, Maryland, River Gee, Rivercess, Sinoe"
            ]
        },
        "Education": {
            "probs": [
                0.019742519197747697,
                0.17536412527129622,
                0.13543455333095086,
                0.6694588022000052
            ],
            "uniqVals": [
                "University completed",
                "Primary completed",
                "Secondary completed",
                "Less than primary completed"
            ]
        },
        "Religion": {
            "probs": [
                0.009073714121348941,
                0.14455184917238315,
                0.8319488873586862,
                0.01442554934758165
            ],
            "uniqVals": [
                "Other",
                "Muslim",
                "Christian",
                "No religion"
            ]
        },
        "Age": {
            "probs": [
                0.030730303193559974,
                0.030109325321517062,
                0.029533918232647553,
                0.028997398212086013,
                0.02851151239505048,
                0.028043247280842,
                0.027589767354063106,
                0.027144793973476584,
                0.0267018459610311,
                0.02625991063265614,
                0.025818380377909386,
                0.025343026475207264,
                0.024817240905793236,
                0.024250745436744305,
                0.02367756625282994,
                0.023098716038120665,
                0.02246943415669949,
                0.021773517663438092,
                0.021032840534259706,
                0.020298644583132647,
                0.01957538561996721,
                0.01883389834353241,
                0.01806972694391796,
                0.01730636569155992,
                0.01656062514202894,
                0.01581427698205564,
                0.015196742235852496,
                0.014769187021278923,
                0.014470647757289602,
                0.014173931324627218,
                0.01389807618381755,
                0.013621410895751465,
                0.013318213285037754,
                0.012996989897868785,
                0.01269662780255253,
                0.012415304167762051,
                0.012090637654753314,
                0.011697716235391524,
                0.011261046864183267,
                0.010831668818282753,
                0.010400467941055305,
                0.009981824346302305,
                0.00958870039012641,
                0.009214007284033982,
                0.008838301493871032,
                0.008466646439990164,
                0.008104105542743975,
                0.00775128641257478,
                0.007408999196738995,
                0.00707542106390968,
                0.00674953933001632,
                0.006443303667091047,
                0.006162182569114674,
                0.005900099931664078,
                0.005644903545893018,
                0.005399023853570744,
                0.005158005044786964,
                0.004918606530516019,
                0.004682043531642529,
                0.004452569321262679,
                0.00422815853123543,
                0.004009216235188989,
                0.0037955398963092518,
                0.0035861168305256997,
                0.0033829724059793722,
                0.0031913725798369736,
                0.0029849875662649817,
                0.0027532854509299876,
                0.002510038737191065,
                0.0022757036432727194,
                0.0020397482548415407,
                0.0018493636495837665,
                0.001728044097935461,
                0.001651080108575935,
                0.0015735085087740972,
                0.001507684044190292,
                0.001416542477843485,
                0.0012784123706245465,
                0.0011125347198733576,
                0.0009604295724812419,
                0.0008146030663263508,
                0.0006821439899023245,
                0.00057095127895922,
                0.00047677166040085273,
                0.00038542755723994167,
                0.000298741800803423,
                0.00022623362135418542,
                0.00017114360791789317,
                0.00012962356102656997,
                8.911619820576685e-05,
                6.096358104530869e-05,
                4.516570954519548e-05,
                3.098813255791438e-05,
                1.8228313269361402e-05,
                9.316693448784718e-06,
                6.076104423120467e-06,
                4.658346724392359e-06,
                2.8355153974562184e-06,
                1.2152208846240936e-06,
                4.050736282080312e-07,
                0.0
            ],
            "uniqVals": [
                0,
                1,
                2,
                3,
                4,
                5,
                6,
                7,
                8,
                9,
                10,
                11,
                12,
                13,
                14,
                15,
                16,
                17,
                18,
                19,
                20,
                21,
                22,
                23,
                24,
                25,
                26,
                27,
                28,
                29,
                30,
                31,
                32,
                33,
                34,
                35,
                36,
                37,
                38,
                39,
                40,
                41,
                42,
                43,
                44,
                45,
                46,
                47,
                48,
                49,
                50,
                51,
                52,
                53,
                54,
                55,
                56,
                57,
                58,
                59,
                60,
                61,
                62,
                63,
                64,
                65,
                66,
                67,
                68,
                69,
                70,
                71,
                72,
                73,
                74,
                75,
                76,
                77,
                78,
                79,
                80,
                81,
                82,
                83,
                84,
                85,
                86,
                87,
                88,
                89,
                90,
                91,
                92,
                93,
                94,
                95,
                96,
                97,
                98,
                99,
                100
            ]
        },
        "Marital status": {
            "probs": [
                0.03214587673346292,
                0.5927985565734308,
                0.033514342744079426,
                0.3415412239490268
            ],