{
    "avail_var": [
        "Home location",
        "Age",
        "Sex",
        "Marital status",
        "Education",
        "Employment"
    ],
    "marginals": {
        "Employment": {
            "probs": [
                0.07012269592829898,
                0.929877304071701
            ],
            "uniqVals": [
                "Unemployed",
                "Employed"
            ]
        },
        "Home location": {
            "probs": [
                0.05206591383100656,
                0.2648578568610135,
                0.05169012232013679,
                0.05809736758046636,
                0.03767309896469439,
                0.0862253621690686,
                0.1465398996636666,
                0.1385355404821405,
                0.10206497435222939,
                0.062249863775577306
            ],
            "uniqVals": [
                "Mokhotlong",
                "Maseru",
                "Butha Buthe",
                "Thaba Tseka",
                "Qacha's Nek",
                "Mohale's Hoek",
                "Leribe",
                "Berea",
                "Mafeteng",
                "Quthing"
            ]
        },
        "Education": {
            "probs": [
                0.021382536968489883,
                0.3818793333458597,
                0.12230134721256647,
                0.4744367824730839
            ],
            "uniqVals": [
                "University completed",
                "Primary completed",
                "Secondary completed",
                "Less than primary completed"
            ]
        },
        "Age": {
            "probs": [
                0.0031942278423930403,
                9.394787771744236e-5,
                0.0017286409500009395,
                0.018150729975009865,
                0.015670506003269385,
                0.0006012664173916312,
                0.036620882734259036,
                0.010973112117397267,
                0.018789575543488472,
                0.030345164502733883,
                0.005486556058698634,
                0.007497040641851901,
                0.0064636139869600345,
                0.0019541158565228012,
                0.008755942203265627,
                0.028109205013058754,
                7.51583021739539e-5,
                0.004190075346197929,
                0.0286916818549069,
                0.0012025328347832623,
                0.003776704684241183,
                0.026023562127731534,
                0.018620469363597077,
                0.010672478908701452,
                0.0033257548711974594,
                0.03419702748914902,
                0.02423855245110013,
                0.0003382123597827925,
                0.005298660303263749,
                0.0159711392119652,
                0.005486556058698634,
                0.012250803254354485,
                0.01452434189511659,
                0.0003382123597827925,
                0.021739538903816163,
                0.017192461622291953,
                0.002743278029349317,
                0.00024426448206535015,
                0.003663967230980252,
                3.757915108697695e-5,
                0.0002818436331523271,
                0.03408429003588809,
                0.016196614118487062,
                0.010559741455440521,
                0.013979444204355424,
                0.02457676481088292,
                0.0015595347701095432,
                0.020217583284793596,
                0.0008643204750004697,
                0.0006576351440220965,
                7.51583021739539e-5,
                0.0185828902125101,
                0.001785009676631405,
                0.006858195073373293,
                0.020499426917945925,
                0.00046973938858721183,
                0.005317449878807238,
                0.0007327934461960504,
                0.01843257360816219,
                0.003062700813588621,
                0.023599706882621523,
                0.014731027226094963,
                0.0015407451945660547,
                0.002179590763044663,
                0.0007327934461960504,
                0.010371845700005636,
                0.004622235583698164,
                0.029480844027733412,
                0.0014280077413051239,
                0.022566280227729656,
                0.012776911369572161,
                0.02951842317882039,
                0.0002818436331523271,
                0.032994494654365755,
                0.004096127468480487,
                7.51583021739539e-5,
                0.01328422990924635,
                0.005091974972285376,
                0.030589428984799234,
                0.03429097536686646,
                0.0065199827135905,
                0.0347231356043667,
                0.009188102440765863,
                0.00725277615978655,
                0.019992108378271735
            ],
            "uniqVals": [
                68,
                89,
                11,
                39,
                46,
                85,
                25,
                55,
                42,
                29,
                66,
                58,
                59,
                74,
                57,
                20,
                90,
                14,
                31,
                78,
                70,
                33,
                18,
                52,
                69,
                26,
                35,
                83,
                64,
                17,
                65,
                49,
                44,
                84,
                37,
                45,
                13,
                86,
                67,
                93,
                94,
                30,
                47,
                54,
                50,
                32,
                77,
                40,
                80,
                82,
                91,
                43,
                75,
                60,
                34,
                87,
                61,
                79,
                38,
                71,
                36,
                48,
                76,
                12,
                81,
                16,
                62,
                21,
                10,
                19,
                51,
                22,
                88,
                24,
                73,
                92,
                53,
                72,
                28,
                23,
                63,
                27,
                56,
                15,
                41
            ]
        },
        "Marital status": {
            "probs": [
                0.09067849157287537,
                0.5595347701095432,
                0.04539561451306815,
                0.3043911238045133
            ],
            "uniqVals": [
                "Widowed",
                "Married/in union",
                "Separated/divorced/spouse absent",
                "Single/never married"
            ]
        },
        "Sex": {
            "probs": [
                0.37466413633716017,
                0.6253358636628399
            ],
            "uniqVals": [
                "Female",
                "Male"
            ]
        }
    },
    "pop_num": 2142000,