{
    "avail_var": [
        "Home location",
        "Age",
        "Sex",
        "Marital status",
        "Education",
        "Employment"
    ],
    "marginals": {
        "Employment": {
            "probs": [
                0.07012269592829898,
                0.929877304071701
            ],
            "uniqVals": [
                "Unemployed",
                "Employed"
            ]
        },
        "Home location": {
            "probs": [
                0.05206591383100656,
                0.2648578568610135,
                0.05169012232013679,
                0.05809736758046636,
                0.03767309896469439,
                0.0862253621690686,
                0.1465398996636666,
                0.1385355404821405,
                0.10206497435222939,
                0.062249863775577306
            ],
            "uniqVals": [
                "Mokhotlong",
                "Maseru",
                "Butha Buthe",
                "Thaba Tseka",
                "Qacha's Nek",
                "Mohale's Hoek",
                "Leribe",
                "Berea",
                "Mafeteng",
                "Quthing"
            ]
        },
        "Education": {
            "probs": [
                0.021382536968489883,
                0.3818793333458597,
                0.12230134721256647,
                0.4744367824730839
            ],
            "uniqVals": [
                "University completed",
                "Primary completed",
                "Secondary completed",
                "Less than primary completed"
            ]
        },
        "Age": {
            "probs": [
                0.025360107694703773,
                0.024449633857769403,
                0.02363891219315032,
                0.022922766880584887,
                0.02264844840671784,
                0.02198500235499822,
                0.02142224953382328,
                0.02095736676850485,
                0.020584707709666597,
                0.02027792272688561,
                0.020007368485936122,
                0.01988973620726243,
                0.019969726156760542,
                0.020170642088735206,
                0.020385673894150715,
                0.02065105231483856,
                0.02075692136564488,
                0.020591295117272326,
                0.020251573096462704,
                0.019939612293420075,
                0.019609771384019047,
                0.01931992544936707,
                0.019118068459163015,
                0.018964675967772522,
                0.018773641147206446,
                0.01856143251647911,
                0.018325226900902335,
                0.01805608424729693,
                0.017757768788580448,
                0.01744298481084965,
                0.017103733319154726,
                0.016750365954018954,
                0.01638570589013051,
                0.016001283603424888,
                0.01559662856478739,
                0.01518585664765886,
                0.014690389489885273,
                0.014077290053437993,
                0.013388435429524856,
                0.012706168213217447,
                0.012023430467795342,
                0.011361396003419807,
                0.010744061804940273,
                0.010166722581209797,
                0.009597852881543826,
                0.009040275880630529,
                0.008556101421609615,
                0.008172620193133381,
                0.0078653646812377,
                0.0075755187465857245,
                0.007304964505636234,
                0.007079110530582747,
                0.006900309466998735,
                0.006754445441443358,
                0.006622226760214129,
                0.006508358714457996,
                0.006370964212967124,
                0.006190281032924335,
                0.005979483989541079,
                0.005776685941107635,
                0.005579534242050529,
                0.005360267674602768,
                0.005112298831158627,
                0.0048464498813560845,
                0.004579659873324152,
                0.004308635103259967,
                0.004049844090177846,
                0.0038150500619451586,
                0.0035962540236120924,
                0.003376516927049637,
                0.0031614851216341293,
                0.0029436301415304528,
                0.0027205993411651337,
                0.0024961569534557304,
                0.0022801840898108335,
                0.002069857575542273,
                0.0018745879929439456,
                0.0016976690458187138,
                0.0015367480885931039,
                0.0013824145389732209,
                0.0012351389260737593,
                0.0010982149536975826,
                0.0009725836800740802,
                0.0008563629887444732,
                0.0007490823505940667,
                0.0006512122947375553,
                0.0005571064717986023,
                0.0004630006488596492,
                0.00037218852972355947,
                0.0002790237650139959,
                0.00020515069400691774,
                0.00016280307368438882,
                0.0001213965115912495,
                7.998994949811014e-05,
                4.799396969886607e-05,
                3.293703802863359e-05,
                2.5408572193517334e-05,
                1.7880106358401085e-05,
                9.41058229389531e-06,
                3.7642329175581237e-06,
                5.17582026164242e-06
            ],
            "uniqVals": [
                0,
                1,
                2,
                3,
                4,
                5,
                6,
                7,
                8,
                9,
                10,
                11,
                12,
                13,
                14,
                15,
                16,
                17,
                18,
                19,
                20,
                21,
                22,
                23,
                24,
                25,
                26,
                27,
                28,
                29,
                30,
                31,
                32,
                33,
                34,
                35,
                36,
                37,
                38,
                39,
                40,
                41,
                42,
                43,
                44,
                45,
                46,
                47,
                48,
                49,
                50,
                51,
                52,
                53,
                54,
                55,
                56,
                57,
                58,
                59,
                60,
                61,
                62,
                63,
                64,
                65,
                66,
                67,
                68,
                69,
                70,
                71,
                72,
                73,
                74,
                75,
                76,
                77,
                78,
                79,
                80,
                81,
                82,
                83,
                84,
                85,
                86,
                87,
                88,
                89,
                90,
                91,
                92,
                93,
                94,
                95,
                96,
                97,
                98,
                99,
                100
            ]
        },
        "Marital status": {
            "probs": [
                0.09067849157287537,
                0.5595347701095432,
                0.04539561451306815,
                0.3043911238045133
            ],
            "uniqVals": [
                "Widowed",
                "Married/in union",
                "Separated/divorced/spouse absent",
                "Single/never married"
            ]
        },