{
    "avail_var": [
        "Home location",
        "Age",
        "Sex",
        "Marital status",
        "Education",
        "Employment"
    ],
    "marginals": {
        "Employment": {
            "probs": [
                0.16066681025048982,
                0.8393331897495102
            ],
            "uniqVals": [
                "Unemployed",
                "Employed"
            ]
        },
        "Home location": {
            "probs": [
                0.073770984964681,
                0.037278313407444676,
                0.004075571595864437,
                0.11356404986602234,
                0.06501120912983843,
                0.14280021589891467,
                0.010320595936810329,
                0.010932716446073666,
                0.06768989033276859,
                0.00016654560864572262,
                0.12379657718255405,
                0.1301741404371866,
                0.22041918919319553
            ],
            "uniqVals": [
                "Souss‐Massa",
                "Drâa‐Tafilalet",
                "Dakhla‐Oued Ed Dahab",
                "Tanger‐Tétouan‐Al Hoceïma",
                "Oriental",
                "Rabat‐Salé‐Kénitra",
                "Guelmim‐Oued Noun",
                "Laâyoune‐Sakia El Hamra",
                "Béni Mellal‐Khénifra",
                "Unknown",
                "Fès‐Meknès",
                "Marrakech‐Safi",
                "Casablanca‐Settat"
            ]
        },
        "Education": {
            "probs": [
                0.051587284286378224,
                0.2937010009303883,
                0.15303099928237154,
                0.5016807155008619
            ],
            "uniqVals": [
                "University completed",
                "Primary completed",
                "Secondary completed",
                "Less than primary completed"
            ]
        },
        "Age": {
            "probs": [
                0.015368410221889325,
                0.09238485463881838,
                0.13937338740688487,
                0.009256796761167493,
                0.029551817919435525,
                0.0004385991683183166,
                0.021046656313517313,
                0.00012643514792476325,
                0.0002127598351285671,
                0.005948555718225757,
                0.00039325690837288427,
                0.112033748592864,
                0.016310134082294456,
                0.01174190139279215,
                0.0001892167386184388,
                0.02586601536579432,
                0.03053103634094938,
                0.1224459010161026,
                0.007534662849778477,
                0.057866315322283195,
                0.02097689899052434,
                0.026380475622867498,
                0.0011291966659487476,
                0.00226449709765938,
                0.01154832482148665,
                0.14799277662920407,
                0.0061351565572319595,
                0.08419970475213043,
                0.0007525071217866944
            ],
            "uniqVals": [
                18,
                47,
                32,
                16,
                62,
                11,
                21,
                7,
                9,
                75,
                10,
                42,
                19,
                17,
                8,
                22,
                24,
                37,
                72,
                57,
                20,
                23,
                13,
                14,
                67,
                27,
                15,
                52,
                12
            ]
        },
        "Marital status": {
            "probs": [
                0.014571432806694611,
                0.5695615665053237,
                0.025369866406006802,
                0.3904971342819748
            ],
            "uniqVals": [
                "Widowed",
                "Married/in union",
                "Separated/divorced/spouse absent",
                "Single/never married"
            ]
        },
        "Sex": {
            "probs": [
                0.2178372962759181,
                0.7821627037240819
            ],
            "uniqVals": [
                "Female",
                "Male"
            ]
        }
    },
    "pop_num": 36911000,
    "corr": [
        [
            0.9999999999999999,
            0.10959376263421301,
            0.1273135618840774,
            0.06237624027447619,
            0.1641628766824112,
            0.12537384039745464
        ],
        [
            0.10959376263421301,
            0.9999999999999993,
            0.14141475129734898,
            0.7555090247673599,
            0.4592781053547023,
            0.3704374928711973
        ],
        [
            0.1273135618840774,
            0.14141475129734898,
            0.9999999999999989,
            0.46120345695747866,
            0.24442526428944095,
            0.3411970323542265
        ],
        [
            0.06237624027447619,
            0.7555090247673599,
            0.46120345695747866,
            0.9999999999999994,
            0.3736179948638534,
            0.5271650208711071
        ],
        [
            0.1641628766824112,
            0.4592781053547023,
            0.24442526428944095,
            0.3736179948638534,
            0.9999999999999996,
            0.2826836258025302
        ],
        [
            0.12537384039745464,
            0.3704374928711973,
            0.3411970323542265,
            0.5271650208711071,
            0.2826836258025302,
            1.0000000000000013
        ]
    ]
}
