{
    "avail_var": [
        "Home location",
        "Age",
        "Sex",
        "Marital status",
        "Education",
        "Employment"
    ],
    "marginals": {
        "Employment": {
            "probs": [
                0.16066681025048982,
                0.8393331897495102
            ],
            "uniqVals": [
                "Unemployed",
                "Employed"
            ]
        },
        "Home location": {
            "probs": [
                0.073770984964681,
                0.037278313407444676,
                0.004075571595864437,
                0.11356404986602234,
                0.06501120912983843,
                0.14280021589891467,
                0.010320595936810329,
                0.010932716446073666,
                0.06768989033276859,
                0.00016654560864572262,
                0.12379657718255405,
                0.1301741404371866,
                0.22041918919319553
            ],
            "uniqVals": [
                "Souss‐Massa",
                "Drâa‐Tafilalet",
                "Dakhla‐Oued Ed Dahab",
                "Tanger‐Tétouan‐Al Hoceïma",
                "Oriental",
                "Rabat‐Salé‐Kénitra",
                "Guelmim‐Oued Noun",
                "Laâyoune‐Sakia El Hamra",
                "Béni Mellal‐Khénifra",
                "Unknown",
                "Fès‐Meknès",
                "Marrakech‐Safi",
                "Casablanca‐Settat"
            ]
        },
        "Education": {
            "probs": [
                0.051587284286378224,
                0.2937010009303883,
                0.15303099928237154,
                0.5016807155008619
            ],
            "uniqVals": [
                "University completed",
                "Primary completed",
                "Secondary completed",
                "Less than primary completed"
            ]
        },
        "Age": {
            "probs": [
                0.017430579040236215,
                0.0181318063951167,
                0.01862147284011418,
                0.01892236312329926,
                0.019305426559273267,
                0.01913351275614128,
                0.01888551270042695,
                0.018579522581933648,
                0.018233748264342337,
                0.017844433417345346,
                0.01740784912910441,
                0.017051573537733265,
                0.016837599802543145,
                0.016718384297596114,
                0.01659124485499276,
                0.016484970867602075,
                0.016364850553164875,
                0.016206042778405625,
                0.01603651438211135,
                0.015886864376131384,
                0.01572449220035026,
                0.01569041104288725,
                0.015849328491524095,
                0.016121210034084992,
                0.016375159897658913,
                0.016654033149916564,
                0.016784490227317202,
                0.01667245836135272,
                0.016403784779711512,
                0.016145639890319537,
                0.015848972051421908,
                0.015626005058268905,
                0.01554432543792916,
                0.015537224054354808,
                0.015487075673823961,
                0.015437393407272898,
                0.015253909010054512,
                0.01486440223377173,
                0.014344794820190495,
                0.013842598134677652,
                0.01332759702395546,
                0.012873218149074543,
                0.01253059695546412,
                0.01226463780229342,
                0.011987245147383318,
                0.01171402009982187,
                0.011467034527475306,
                0.011247960956976964,
                0.011052768873325187,
                0.010866981324677283,
                0.010682427607152335,
                0.01053582105127566,
                0.010440432196236395,
                0.010372077952024585,
                0.010293469200257532,
                0.010211981509203582,
                0.01008045511149638,
                0.009871498956206285,
                0.009603264070075463,
                0.009323842448429832,
                0.009026818169430016,
                0.00868943390347481,
                0.008306260793623208,
                0.007885359869878523,
                0.007458234953580255,
                0.0070402129691224695,
                0.006554302854432657,
                0.005972373259907402,
                0.005343201642607598,
                0.004727958607762508,
                0.0040954419371960205,
                0.003617291249346137,
                0.0033791892610848615,
                0.003297674151561511,
                0.003205109398870347,
                0.0031365906438421427,
                0.0030245587778776595,
                0.0028188928389154496,
                0.002555236837174267,
                0.002323687863099362,
                0.0021115237468895794,
                0.0018874051780218152,
                0.0016465339243512361,
                0.0013994660965964737,
                0.0011610076682330103,
                0.000927128124259187,
                0.0007255201187680352,
                0.0005712363914596292,
                0.00045287085906396733,
                0.0003247169330928477,
                0.00022642172029728412,
                0.00017265410180576388,
                0.00012305409066289794,
                7.614108952113806e-05,
                4.052449777178324e-05,
                2.5362084194113326e-05,
                1.9275183987526126e-05,
                1.2777006739953308e-05,
                5.785297043197742e-06,
                1.974129796730983e-06,
                1.4805973475482373e-06
            ],
            "uniqVals": [
                0,
                1,
                2,
                3,
                4,
                5,
                6,
                7,
                8,
                9,
                10,
                11,
                12,
                13,
                14,
                15,
                16,
                17,
                18,
                19,
                20,
                21,
                22,
                23,
                24,
                25,
                26,
                27,
                28,
                29,
                30,
                31,
                32,
                33,
                34,
                35,
                36,
                37,
                38,
                39,
                40,
                41,
                42,
                43,
                44,
                45,
                46,
                47,
                48,
                49,
                50,
                51,
                52,
                53,
                54,
                55,
                56,
                57,
                58,
                59,
                60,
                61,
                62,
                63,
                64,
                65,
                66,
                67,
                68,
                69,
                70,
                71,
                72,
                73,
                74,
                75,
                76,
                77,
                78,
                79,
                80,
                81,
                82,
                83,
                84,
                85,
                86,
                87,
                88,
                89,
                90,
                91,
                92,
                93,
                94,
                95,
                96,
                97,
                98,
                99,
                100
            ]
        },