{
    "avail_var": [
        "Home location",
        "Age",
        "Sex",
        "Marital status",
        "Education",
        "Employment"
    ],
    "marginals": {
        "Employment": {
            "probs": [
                0.04270201934660912,
                0.9572979806533909
            ],
            "uniqVals": [
                "Unemployed",
                "Employed"
            ]
        },
        "Home location": {
            "probs": [
                0.00915484708607506,
                0.021624460435747346,
                0.026042855875803964,
                0.06697772391221546,
                0.05011272894551956,
                0.017845538977270876,
                0.006496104070059249,
                0.025520002503076483,
                0.09371616612463511,
                0.012173278055337125,
                0.019106386180742292,
                0.008574329864624418,
                0.01837899422353042,
                0.014646100411119968,
                0.04178896531144555,
                0.02406056410758988,
                0.03344477367715123,
                0.03558014615587702,
                0.08342355700097305,
                0.02407271747480956,
                0.08877776171694497,
                0.06123409428065125,
                0.018362962122091694,
                0.013562640652599618,
                0.07339134023454964,
                0.03080775157276208,
                0.01026183783219096,
                0.004643103442480053,
                0.00761369668970721,
                0.033538121880689616,
                0.014214268001399447,
                0.010852181180329852
            ],
            "uniqVals": [
                "Quintana Roo",
                "Sonora",
                "Nuevo León",
                "Chiapas",
                "Michoacán de Ocampo",
                "Zacatecas",
                "Colima",
                "Chihuahua",
                "México",
                "Tabasco",
                "Morelos",
                "Aguascalientes",
                "Coahuila de Zaragoza",
                "Sinaloa",
                "Guerrero",
                "San Luis Potosí",
                "Guanajuato",
                "Hidalgo",
                "Oaxaca",
                "Tlaxcala",
                "Veracruz de Ignacio de la Llave",
                "Jalisco",
                "Tamaulipas",
                "Querétaro",
                "Puebla",
                "Yucatán",
                "Nayarit",
                "Baja California Sur",
                "Campeche",
                "Distrito Federal",
                "Durango",
                "Baja California"
            ]
        },
        "Education": {
            "probs": [
                0.10603450883976458,
                0.5105445975567594,
                0.19301124496766559,
                0.1904096486358104
            ],
            "uniqVals": [
                "University completed",
                "Primary completed",
                "Secondary completed",
                "Less than primary completed"
            ]
        },
        "Age": {
            "probs": [
                0.01698346083283731,
                0.017176036949844826,
                0.017326935795030095,
                0.01744047637850673,
                0.01761755579316469,
                0.017611441767958494,
                0.0175948241609878,
                0.01757097946268363,
                0.017543199840464704,
                0.017505386946112526,
                0.017451426754420907,
                0.017431611041957742,
                0.017468036522897742,
                0.017535792463772577,
                0.017593664063897396,
                0.01765685016285529,
                0.017669133082724664,
                0.017600593292464422,
                0.017480828944867636,
                0.01735694154950359,
                0.017204616098436872,
                0.017108774834082796,
                0.01711162804584569,
                0.017164349755508363,
                0.017190632225401157,
                0.017223412806699003,
                0.01713276062527634,
                0.016851985775422493,
                0.0164500905185351,
                0.01606077604428354,
                0.01565485180155514,
                0.015303718630866898,
                0.015055622461890792,
                0.01487500788650463,
                0.01467682724639143,
                0.014476608597876165,
                0.01428512987000822,
                0.01409877751712086,
                0.013917888594449803,
                0.013738637916994255,
                0.013552481526453244,
                0.013390020902833177,
                0.013263076494866034,
                0.013150837101369182,
                0.013027843294304507,
                0.012907859468879805,
                0.012714711141820937,
                0.012410671642208123,
                0.012032918946391358,
                0.01165544843635334,
                0.011262379323545664,
                0.010886570574204713,
                0.010551490638929666,
                0.010239965377686186,
                0.009913398046736691,
                0.009581923818634529,
                0.009238072608736743,
                0.008875056281365685,
                0.008500783876820139,
                0.00812803214008229,
                0.007751980397431862,
                0.007391299941229325,
                0.007055835919755426,
                0.006735876439124936,
                0.006417429787808288,
                0.006110043251319773,
                0.005778231967981885,
                0.00540508830655133,
                0.0050112431828520975,
                0.004630245350579734,
                0.0042506898011765255,
                0.0039183533387504126,
                0.0036579350574356623,
                0.0034464211392766396,
                0.0032378466563129046,
                0.0030435225551759225,
                0.00284067017272568,
                0.0026140357999220997,
                0.002376686206019965,
                0.0021556406793343573,
                0.0019438680908781497,
                0.0017528988651107221,
                0.0015906655578124234,
                0.001449619699401756,
                0.0013146800277034321,
                0.0011892954800132554,
                0.0010666465666781598,
                0.000941951806447144,
                0.0008190128688394465,
                0.0006987782116114134,
                0.0006033445489377512,
                0.0005237916748124947,
                0.000431924526842448,
                0.0003278920364108387,
                0.0002546021188750078,
                0.0002185685626277121,
                0.00018233120554020984,
                0.00013863944079745892,
                8.748542990560517e-05,
                5.5088934806611695e-05,
                9.902369285883972e-05
            ],