{
    "avail_var": [
        "Home location",
        "Age",
        "Sex",
        "Marital status",
        "Education",
        "Employment"
    ],
    "marginals": {
        "Employment": {
            "probs": [
                0.04270201934660912,
                0.9572979806533909
            ],
            "uniqVals": [
                "Unemployed",
                "Employed"
            ]
        },
        "Home location": {
            "probs": [
                0.00915484708607506,
                0.021624460435747346,
                0.026042855875803964,
                0.06697772391221546,
                0.05011272894551956,
                0.017845538977270876,
                0.006496104070059249,
                0.025520002503076483,
                0.09371616612463511,
                0.012173278055337125,
                0.019106386180742292,
                0.008574329864624418,
                0.01837899422353042,
                0.014646100411119968,
                0.04178896531144555,
                0.02406056410758988,
                0.03344477367715123,
                0.03558014615587702,
                0.08342355700097305,
                0.02407271747480956,
                0.08877776171694497,
                0.06123409428065125,
                0.018362962122091694,
                0.013562640652599618,
                0.07339134023454964,
                0.03080775157276208,
                0.01026183783219096,
                0.004643103442480053,
                0.00761369668970721,
                0.033538121880689616,
                0.014214268001399447,
                0.010852181180329852
            ],
            "uniqVals": [
                "Quintana Roo",
                "Sonora",
                "Nuevo León",
                "Chiapas",
                "Michoacán de Ocampo",
                "Zacatecas",
                "Colima",
                "Chihuahua",
                "México",
                "Tabasco",
                "Morelos",
                "Aguascalientes",
                "Coahuila de Zaragoza",
                "Sinaloa",
                "Guerrero",
                "San Luis Potosí",
                "Guanajuato",
                "Hidalgo",
                "Oaxaca",
                "Tlaxcala",
                "Veracruz de Ignacio de la Llave",
                "Jalisco",
                "Tamaulipas",
                "Querétaro",
                "Puebla",
                "Yucatán",
                "Nayarit",
                "Baja California Sur",
                "Campeche",
                "Distrito Federal",
                "Durango",
                "Baja California"
            ]
        },
        "Education": {
            "probs": [
                0.10603450883976458,
                0.5105445975567594,
                0.19301124496766559,
                0.1904096486358104
            ],
            "uniqVals": [
                "University completed",
                "Primary completed",
                "Secondary completed",
                "Less than primary completed"
            ]
        },
        "Age": {
            "probs": [
                0.003996389157024349,
                0.00010886314041457463,
                0.022173689201164345,
                0.017561357050155393,
                0.00040959433353132116,
                0.02738334642190647,
                0.013202952699353364,
                0.026133876838810924,
                0.023475650987357655,
                0.010739180723414963,
                0.004528551491877543,
                0.009080116806788096,
                0.0023967991650895304,
                3.128845603364259e-5,
                0.010208311299968117,
                0.02402824132243116,
                0.00011713777341520738,
                0.02070804483092727,
                0.001464610041111997,
                0.0035004283415489236,
                0.004195238931320805,
                0.023541589469081445,
                0.018465360705474523,
                0.016416096126411567,
                0.0029535268166633525,
                2.2238076189200517e-5,
                0.02493922669934457,
                0.025781946354002765,
                0.00047630856209892274,
                0.0065581638175639945,
                0.012049934307171443,
                0.0075443966383269105,
                0.016394375214784908,
                0.019753359048479264,
                0.00045924213153511766,
                0.023658468660215384,
                0.021999146161307246,
                0.0017824076647925484,
                0.0002580651167072339,
                0.004431065971838838,
                9.826126688251392e-6,
                3.3098532002531005e-5,
                2.9995544627293723e-5,
                0.030301188883754594,
                0.01744990808692812,
                0.014261071394309276,
                0.02069330564089489,
                0.02727060454727285,
                0.0013265271029139379,
                0.02914067160541585,
                0.0010710478090194017,
                0.0005546589933236641,
                4.861346887871741e-5,
                0.020853109490719612,
                0.002330860683365738,
                0.010631093329844197,
                0.024605914138787835,
                0.0001967811160462976,
                0.005238618436244341,
                0.000892626034943258,
                0.02673171907310664,
                0.002070726908408346,
                0.023874384865075645,
                0.018792725873562056,
                0.0015993314096535488,
                0.0010679448216441643,
                1.629068371999573e-5,
                0.0004765671443801925,
                1.4480607751107314e-5,
                0.008684744498726612,
                0.006813901693739801,
                0.022260314265389717,
                0.0199643621899954,
                0.01199692493951114,
                0.027150105204201136,
                0.00015333929279297566,
                0.027718469058432095,
                0.002400160734746037,
                4.421757009713126e-5,
                0.013460759233779327,
                0.0029566298040385897,
                0.026877818062024064,
                0.027204666065549058,
                0.006648667616008415,
                0.025799012784566568,
                0.011512083162130315,
                1.629068371999573e-5,
                0.01786519123064738,
                0.005960063000987009
            ],