{
    "avail_var": [
        "Home location",
        "Age",
        "Sex",
        "Marital status",
        "Religion",
        "Education",
        "Employment"
    ],
    "marginals": {
        "Employment": {
            "probs": [
                0.016814295063883836,
                0.9831857049361161
            ],
            "uniqVals": [
                "Unemployed",
                "Employed"
            ]
        },
        "Home location": {
            "probs": [
                0.11430535676485039,
                0.04728510697799072,
                0.1581374934698467,
                0.18296469930222034,
                0.03566580374777392,
                0.15907550507943968,
                0.13719827778738014,
                0.16536775687049807
            ],
            "uniqVals": [
                "Bamako",
                "Tombouctou",
                "Koulikoro",
                "Sikasso",
                "Gao and Kidal",
                "Ségou",
                "Kayes",
                "Mopti"
            ]
        },
        "Education": {
            "probs": [
                0.014138145999662084,
                0.0819837683208427,
                0.01712502354739289,
                0.8867530621321024
            ],
            "uniqVals": [
                "University completed",
                "Primary completed",
                "Secondary completed",
                "Less than primary completed"
            ]
        },
        "Religion": {
            "probs": [
                0.023240548513455514,
                0.9499222207764716,
                0.023533798519767186,
                0.00330343219030566
            ],
            "uniqVals": [
                "Other",
                "Muslim",
                "Christian",
                "No religion"
            ]
        },
        "Age": {
            "probs": [
                0.03804589098303527,
                0.03692568677938773,
                0.03587898945890947,
                0.034895574188716735,
                0.03393164205780001,
                0.03310938236261093,
                0.03230273970073186,
                0.031502404895955204,
                0.030699068772073363,
                0.0299039226884616,
                0.02912815800449516,
                0.02826006460568288,
                0.027249281374836117,
                0.026148102482126505,
                0.025065796290908805,
                0.02398867882085599,
                0.02292926404654222,
                0.021907391195950882,
                0.020921228955729676,
                0.019945952855991673,
                0.01898268203267439,
                0.018092714613265025,
                0.01730301159989486,
                0.016590274617137236,
                0.015904600376141588,
                0.015256010230530304,
                0.01463534761354181,
                0.014032947260261115,
                0.013455371376867345,
                0.012912539577352208,
                0.012394990076062073,
                0.011930955620511786,
                0.011533102794721523,
                0.011182660636830061,
                0.010847275944279849,
                0.010532391787312486,
                0.010211504992134763,
                0.009867828519683795,
                0.009511027634874575,
                0.009167758120946343,
                0.008832729517103524,
                0.008494852203601551,
                0.008151175731150583,
                0.007803734892364304,
                0.007461075816220175,
                0.007125385904777911,
                0.006779318551005866,
                0.0064163115487249145,
                0.006046284511926759,
                0.0056867875269044086,
                0.005335073623629395,
                0.005004623303167363,
                0.004704084434126463,
                0.00442887873312591,
                0.004163541776301716,
                0.003908378782545936,
                0.0036821607137197876,
                0.003491704125079109,
                0.003328717236723144,
                0.003174225607529302,
                0.0030275679298981386,
                0.002895916847792883,
                0.002779272361213536,
                0.0026716827017650756,
                0.00257111307683382,
                0.0024829556868460273,
                0.002366158590820654,
                0.0022018490872657945,
                0.0020095611852728014,
                0.0018251581046578283,
                0.0016381606634604101,
                0.0014798537981159142,
                0.0013682962930707731,
                0.0012869045885234745,
                0.0012031728724704411,
                0.0011266646701959804,
                0.0010348446535035593,
                0.0009143340609582153,
                0.0007782573049182005,
                0.0006525579912079663,
                0.0005312334816171494,
                0.000427713407396054,
                0.00035110346549090924,
                0.0002940784024924581,
                0.00023974943970713635,
                0.0001906600679020469,
                0.00014915029858292463,
                0.00011440621470429657,
                8.581737848205793e-05,
                6.0942038779789804e-05,
                4.400239027088329e-05,
                3.296364034165592e-05,
                2.3196635795980093e-05,
                1.4396157741803434e-05,
                8.139170454729857e-06,
                5.595679687626777e-06,
                4.323934304075237e-06,
                2.8995794744975116e-06,
                1.3734850142356633e-06,
                3.5608870739443124e-07,
                3.5608870739443124e-07
            ],
            "uniqVals": [
                0,
                1,
                2,
                3,
                4,
                5,
                6,
                7,
                8,
                9,
                10,
                11,
                12,
                13,
                14,
                15,
                16,
                17,
                18,
                19,
                20,
                21,
                22,
                23,
                24,
                25,
                26,
                27,
                28,
                29,
                30,
                31,
                32,
                33,
                34,
                35,
                36,
                37,
                38,
                39,
                40,
                41,
                42,
                43,
                44,
                45,
                46,
                47,
                48,
                49,
                50,
                51,
                52,
                53,
                54,
                55,
                56,
                57,
                58,
                59,
                60,
                61,
                62,
                63,
                64,
                65,
                66,
                67,
                68,
                69,
                70,
                71,
                72,
                73,
                74,
                75,
                76,
                77,
                78,
                79,
                80,
                81,
                82,
                83,
                84,
                85,
                86,
                87,
                88,
                89,
                90,
                91,
                92,
                93,
                94,
                95,
                96,
                97,
                98,
                99,
                100
            ]
        },