{
    "avail_var": [
        "Home location",
        "Age",
        "Sex",
        "Marital status",
        "Religion",
        "Education",
        "Employment"
    ],
    "marginals": {
        "Employment": {
            "probs": [
                0.016814295063883836,
                0.9831857049361161
            ],
            "uniqVals": [
                "Unemployed",
                "Employed"
            ]
        },
        "Home location": {
            "probs": [
                0.11430535676485039,
                0.04728510697799072,
                0.1581374934698467,
                0.18296469930222034,
                0.03566580374777392,
                0.15907550507943968,
                0.13719827778738014,
                0.16536775687049807
            ],
            "uniqVals": [
                "Bamako",
                "Tombouctou",
                "Koulikoro",
                "Sikasso",
                "Gao and Kidal",
                "Ségou",
                "Kayes",
                "Mopti"
            ]
        },
        "Education": {
            "probs": [
                0.014138145999662084,
                0.0819837683208427,
                0.01712502354739289,
                0.8867530621321024
            ],
            "uniqVals": [
                "University completed",
                "Primary completed",
                "Secondary completed",
                "Less than primary completed"
            ]
        },
        "Religion": {
            "probs": [
                0.023240548513455514,
                0.9499222207764716,
                0.023533798519767186,
                0.00330343219030566
            ],
            "uniqVals": [
                "Other",
                "Muslim",
                "Christian",
                "No religion"
            ]
        },
        "Age": {
            "probs": [
                0.002260549717528388,
                0.00019032119614929727,
                0.016886151025695302,
                0.014151740370815603,
                0.009976326373662654,
                0.00033403311977223604,
                0.03201668611956444,
                0.010735669105237912,
                0.01182127674449768,
                0.020034218974246436,
                0.005295978590807486,
                0.00255379972384006,
                0.006265063048751357,
                0.022657932606876034,
                0.0013128278428257648,
                6.991390878953777e-5,
                0.006286425631992605,
                0.03185161161270025,
                0.0002854817942239459,
                0.015750050007865314,
                0.022139404450020293,
                0.0007574006785533258,
                0.004688115994942894,
                0.016039415908133126,
                0.027767474107578086,
                0.008172159116288193,
                0.003035428873279098,
                2.3304636263179258e-5,
                0.02091202694015952,
                0.02508744093731247,
                0.0002446986807633822,
                0.022722020356599777,
                0.004971655736144908,
                0.003684074582604254,
                0.011390140973628862,
                0.010679349567601895,
                0.00035345364999155206,
                0.014365366203228081,
                0.01750178183364762,
                0.018511649405052056,
                0.00018643709010543406,
                0.0026742070111998198,
                2.9130795328974073e-5,
                2.7188742307042468e-5,
                0.0353880901656377,
                0.007583717050642916,
                0.009659771731087802,
                0.017662972234467944,
                0.019028235508885865,
                0.0009011126021762646,
                0.025359328360382894,
                0.0014176987060100716,
                0.0003689900741670049,
                4.6609272526358516e-5,
                0.024815553514242045,
                0.020193467322044828,
                0.011081354543141736,
                0.010667697249470306,
                0.01587434140126894,
                0.0018585447419885459,
                0.00018643709010543406,
                0.003670480211450733,
                0.0010797814801939722,
                0.01453432481613613,
                0.001262334464255543,
                0.00981513597284233,
                0.015427669206224669,
                0.0008078940571235476,
                0.02158591933876979,
                0.0002777135821362195,
                0.0003165546425748516,
                0.02240158160798106,
                0.003998687172157174,
                0.01706093579766915,
                0.02480972735517625,
                0.020469238851159113,
                0.007307945521528629,
                0.021618934240142624,
                0.025202022065606434,
                0.020191525269022896,
                0.0014623659255144983,
                0.00013400165851328074,
                3.8841060438632095e-5,
                0.007766270034704487,
                0.0014720761906241563,
                0.020861533561589297,
                0.01881849378251725,
                0.003649117628209485,
                0.020783851440712035,
                0.006544718683909508,
                1.1652318131589629e-5,
                0.025765217441966602,
                0.012060149266195266
            ],
            "uniqVals": [
                68,
                89,
                11,
                39,
                46,
                85,
                25,
                55,
                42,
                29,
                58,
                66,
                59,
                8,
                74,
                95,
                57,
                20,
                90,
                31,
                14,
                78,
                70,
                33,
                18,
                52,
                69,
                96,
                26,
                35,
                83,
                17,
                65,
                64,
                49,
                44,
                84,
                37,
                45,
                13,
                86,
                67,
                93,
                94,
                30,
                54,
                47,
                50,
                32,
                77,
                40,
                80,
                82,
                91,
                7,
                9,
                43,
                60,
                34,
                75,
                87,
                61,
                79,
                38,
                71,
                48,
                36,
                76,
                12,
                98,
                81,
                16,
                62,
                21,
                10,
                19,
                51,
                22,
                6,
                24,
                73,
                88,
                92,
                53,
                72,
                28,
                23,
                63,
                27,
                56,
                97,
                15,
                41
            ]
        },
        "Marital status": {
            "probs": [
                0.017748422567432937,
                0.5482260316671166,
                0.0053522981284435025,
                0.428673247637007
            ],
            "uniqVals": [
                "Widowed",
                "Married/in union",
                "Separated/divorced/spouse absent",
                "Single/never married"
            ]
        },
        "Sex": {
            "probs": [
                0.3587768173246666,
                0.6412231826753334
            ],