{
    "avail_var": [
        "Home location",
        "Age",
        "Sex",
        "Marital status",
        "Education",
        "Employment"
    ],
    "marginals": {
        "Employment": {
            "probs": [
                0.2505435549908231,
                0.7494564450091769
            ],
            "uniqVals": [
                "Unemployed",
                "Employed"
            ]
        },
        "Home location": {
            "probs": [
                0.03086262882959198,
                0.023709351028283684,
                0.036679373146971624,
                0.050694150312955905,
                0.029780224951762437,
                0.03407219163254741,
                0.03344157372111629,
                0.02814250082356817,
                0.3068850298837592,
                0.030787331168525577,
                0.05171066873735235,
                0.04159254553155443,
                0.04422796366887854,
                0.038430043766765495,
                0.02983669819756224,
                0.029441385476963622,
                0.0337333521577486,
                0.02434938114734811,
                0.03893830297896372,
                0.040387782954491976,
                0.022297519883288625
            ],
            "uniqVals": [
                "Dornod",
                "Dundgovi",
                "Bayankhongor",
                "Ovorkhangai",
                "Khentii",
                "Khovd",
                "Bayan-Olgii",
                "Bulgan",
                "Ulaanbaatar",
                "Orkhon",
                "Khovsgol",
                "Arkhangai",
                "Tov",
                "Uvs",
                "Govi-Altai",
                "Dornogovi, Govisumber",
                "Darkhan-Uul",
                "Sukhbaatar",
                "Selenge",
                "Zavkhan",
                "Omnogovi"
            ]
        },
        "Education": {
            "probs": [
                0.10537907666243117,
                0.3756317944373853,
                0.3491929031954445,
                0.16979622570473904
            ],
            "uniqVals": [
                "University completed",
                "Primary completed",
                "Secondary completed",
                "Less than primary completed"
            ]
        },
        "Age": {
            "probs": [
                0.02237807294260203,
                0.023304226821193083,
                0.023822339687321527,
                0.023976750344013305,
                0.02391690846300625,
                0.023369649810273334,
                0.022632013359932486,
                0.02174368699161532,
                0.020742498215595727,
                0.019656972695358942,
                0.01851501597127094,
                0.01740933644965872,
                0.016401016257767822,
                0.015495326442111821,
                0.014619092474619915,
                0.013761772262264953,
                0.013202111147147158,
                0.013062893506876859,
                0.013228466379715031,
                0.013441478671175377,
                0.013730456044743126,
                0.014118963178949553,
                0.01458498570306149,
                0.015111470231299726,
                0.015659349007151883,
                0.016184903350711252,
                0.016789833453533867,
                0.017504525348462686,
                0.018235650506051478,
                0.01891933624501809,
                0.01963712875554313,
                0.019866574309663442,
                0.01936458464463535,
                0.018388820916504768,
                0.01743507155910735,
                0.01639636533437349,
                0.015547416784128324,
                0.015072092413227725,
                0.014837065751034212,
                0.014514911790586907,
                0.014160511427938907,
                0.013844868760243663,
                0.013567053602822307,
                0.013312803123932229,
                0.013076226153940607,
                0.0128694150936727,
                0.012594080428728322,
                0.012204333048283408,
                0.0117457520016024,
                0.011293372186113834,
                0.010810606337782306,
                0.010420858957337393,
                0.010186452418263124,
                0.010036072561846432,
                0.00985716704194451,
                0.009693454538464069,
                0.009375331378291848,
                0.00881380989381632,
                0.00809880793732788,
                0.007410161213407312,
                0.006711592519578839,
                0.006076586445472885,
                0.005559713825582933,
                0.005125007518992822,
                0.004683169796531404,
                0.004253734536454869,
                0.003850654508946207,
                0.0034729995293265536,
                0.0031235601516325056,
                0.0027986156371486,
                0.0024910345700035292,
                0.0022423651991866473,
                0.0020696609104771664,
                0.0019499771484630562,
                0.0018433159719530722,
                0.0017592892892954973,
                0.0016563488515009773,
                0.001509379672240127,
                0.0013372955066498905,
                0.0011841250961965991,
                0.0010405665940915912,
                0.000909100492811843,
                0.0007940676541920634,
                0.000692367462636032,
                0.000595318194474331,
                0.0005047802190646932,
                0.00042137365952636246,
                0.00034540857741896085,
                0.00027688497274248837,
                0.00020867142962563794,
                0.00015410059513215756,
                0.00012185419293146464,
                9.115809852888194e-05,
                6.07720656859213e-05,
                4.0308002750866166e-05,
                3.162627908144883e-05,
                2.4804924769763796e-05,
                1.7673508898456705e-05,
                9.61190834828347e-06,
                4.650923394330711e-06,
                6.201231192440949e-06
            ],