{
    "avail_var": [
        "Home location",
        "Age",
        "Sex",
        "Marital status",
        "Education",
        "Employment"
    ],
    "marginals": {
        "Employment": {
            "probs": [
                0.2505435549908231,
                0.7494564450091769
            ],
            "uniqVals": [
                "Unemployed",
                "Employed"
            ]
        },
        "Home location": {
            "probs": [
                0.03086262882959198,
                0.023709351028283684,
                0.036679373146971624,
                0.050694150312955905,
                0.029780224951762437,
                0.03407219163254741,
                0.03344157372111629,
                0.02814250082356817,
                0.3068850298837592,
                0.030787331168525577,
                0.05171066873735235,
                0.04159254553155443,
                0.04422796366887854,
                0.038430043766765495,
                0.02983669819756224,
                0.029441385476963622,
                0.0337333521577486,
                0.02434938114734811,
                0.03893830297896372,
                0.040387782954491976,
                0.022297519883288625
            ],
            "uniqVals": [
                "Dornod",
                "Dundgovi",
                "Bayankhongor",
                "Ovorkhangai",
                "Khentii",
                "Khovd",
                "Bayan-Olgii",
                "Bulgan",
                "Ulaanbaatar",
                "Orkhon",
                "Khovsgol",
                "Arkhangai",
                "Tov",
                "Uvs",
                "Govi-Altai",
                "Dornogovi, Govisumber",
                "Darkhan-Uul",
                "Sukhbaatar",
                "Selenge",
                "Zavkhan",
                "Omnogovi"
            ]
        },
        "Education": {
            "probs": [
                0.10537907666243117,
                0.3756317944373853,
                0.3491929031954445,
                0.16979622570473904
            ],
            "uniqVals": [
                "University completed",
                "Primary completed",
                "Secondary completed",
                "Less than primary completed"
            ]
        },
        "Age": {
            "probs": [
                0.0006870911572309285,
                0.02752129511977034,
                0.013177090686620548,
                3.764883053320156e-5,
                0.03674525860040472,
                0.005082592121982211,
                0.020857452115393665,
                0.03520165654854346,
                0.0037460586380535553,
                0.0009318085556967386,
                0.0051014165372488115,
                0.00017883194503270743,
                0.004960233422749306,
                0.03206739140665443,
                4.706103816650195e-5,
                0.03182267400818862,
                0.00016000752976610665,
                0.0003200150595322133,
                0.03060849922349287,
                0.03080615558379218,
                0.006805026118876183,
                0.0006776789495976281,
                0.03586992329050779,
                0.030712033507459175,
                2.8236622899901173e-5,
                0.02627888371217469,
                0.0011200527083627466,
                0.0009318085556967386,
                0.011294649159960469,
                0.015473669349145841,
                3.764883053320156e-5,
                0.029620217421996328,
                0.014099487034683986,
                3.764883053320156e-5,
                0.0007906254411972328,
                0.032208574521153936,
                0.005713210033413337,
                0.012414701868323216,
                0.03232152101275354,
                0.007736834674572921,
                9.41220763330039e-5,
                0.02456586192291402,
                0.00016941973739940702,
                1.882441526660078e-5,
                0.01945503317803191,
                0.0001976563602993082,
                0.0020989223022259873,
                0.029055484963998304,
                9.41220763330039e-6,
                0.0018447926961268765,
                0.0001035342839663043,
                0.02511176996564544,
                0.0003953127205986164,
                0.02984611040519554,
                0.008941597251635371,
                0.0001976563602993082,
                2.8236622899901173e-5,
                0.018212621770436255,
                0.0014024189373617582,
                0.03429808461574663,
                0.030984987528824885,
                0.007595651560073415,
                0.03479693162031154,
                9.41220763330039e-6,
                0.03423219916231352,
                0.0002917784366323121,
                0.005957927431879147,
                0.0003011906442656125,
                0.032425055296719844,
                0.03541813732410937,
                0.0014588921831615606,
                0.03602993082027389,
                0.004536684079250788,
                0.02282460351075345,
                0.012857075627088333
            ],
            "uniqVals": [
                68,
                39,
                46,
                85,
                25,
                55,
                42,
                29,
                58,
                66,
                59,
                74,
                57,
                20,
                90,
                31,
                78,
                70,
                33,
                18,
                52,
                69,
                26,
                35,
                83,
                17,
                64,
                65,
                49,
                44,
                84,
                37,
                45,
                86,
                67,
                30,
                54,
                47,
                32,
                50,
                80,
                40,
                77,
                82,
                43,
                75,
                60,
                34,
                87,
                61,
                79,
                38,
                71,
                36,
                48,
                76,
                81,
                16,
                62,
                21,
                19,
                51,
                22,
                88,
                24,
                73,
                53,
                72,
                28,
                23,
                63,
                27,
                56,
                41,
                15
            ]
        },
        "Marital status": {
            "probs": [
                0.02576121229234317,
                0.646844557390936,
                0.031728551931855614,
                0.2956656783848652
            ],
            "uniqVals": [
                "Widowed",
                "Married/in union",
                "Separated/divorced/spouse absent",
                "Single/never married"
            ]
        },
        "Sex": {
            "probs": [
                0.44971528071909267,
                0.5502847192809074
            ],
            "uniqVals": [
                "Female",
                "Male"
            ]
        }
    },
    "pop_num": 3278000,