{
    "avail_var": [
        "Home location",
        "Age",
        "Sex",
        "Marital status",
        "Religion",
        "Race",
        "Education",
        "Employment"
    ],
    "marginals": {
        "Employment": {
            "probs": [
                0.009585451529185544,
                0.9904145484708144
            ],
            "uniqVals": [
                "Unemployed",
                "Employed"
            ]
        },
        "Home location": {
            "probs": [
                0.05825546541659073,
                0.092032651111935,
                0.06253605384040167,
                0.05601211534715371,
                0.06624355115403709,
                0.19113216913728423,
                0.04602198106034423,
                0.05056146590673445,
                0.20478832703896643,
                0.09171971320308916,
                0.08069650678346331
            ],
            "uniqVals": [
                "Gaza",
                "Cabo Delgado",
                "Inhambane",
                "Niassa",
                "Manica",
                "Zambézia",
                "Maputo city",
                "Maputo province",
                "Nampula",
                "Tete",
                "Sofala"
            ]
        },
        "Education": {
            "probs": [
                0.0035667380935923134,
                0.10119456820224083,
                0.018421862923141696,
                0.8768168307810251
            ],
            "uniqVals": [
                "University completed",
                "Primary completed",
                "Secondary completed",
                "Less than primary completed"
            ]
        },
        "Religion": {
            "probs": [
                0.06500562408490797,
                0.18986910649314742,
                0.548254648510403,
                0.19687062091154162
            ],
            "uniqVals": [
                "Other",
                "Muslim",
                "Christian",
                "No religion"
            ]
        },
        "Age": {
            "probs": [
                0.0350338040422323,
                0.034076814025456,
                0.0331785079801145,
                0.03233285943776079,
                0.031610704101288405,
                0.030838196468338002,
                0.03009977296021085,
                0.029389934012805027,
                0.02870314713049705,
                0.0280332870502752,
                0.02737416264608464,
                0.02672340284837244,
                0.02607675949085628,
                0.02542679004966172,
                0.024781463953008297,
                0.024152570685617485,
                0.023448198370792005,
                0.022627610716351814,
                0.021736483742712212,
                0.020861822529856786,
                0.01998696372787195,
                0.019158340782169082,
                0.01840809485779889,
                0.017715775479867427,
                0.01702760547365358,
                0.016352805665196483,
                0.015711826529390082,
                0.015108949164038264,
                0.014539233840905778,
                0.013988585868761366,
                0.01345397554762074,
                0.01295387746108375,
                0.012494285146075831,
                0.01206314566570297,
                0.011645639835259404,
                0.011248419822101945,
                0.0108306834710074,
                0.010371848580995555,
                0.009890686119360366,
                0.009427603063066201,
                0.008975519134975867,
                0.008540790118752055,
                0.008131154921963325,
                0.007742793488107752,
                0.007363751674856023,
                0.006995643126764985,
                0.00664887420465024,
                0.0063272978965352835,
                0.00602725880352603,
                0.005739634894148045,
                0.005464261510793487,
                0.005206868738215248,
                0.004968740905754497,
                0.004746255546038711,
                0.004535230355828713,
                0.004337443637289192,
                0.004140183823094764,
                0.003936930471974897,
                0.0037332819425962083,
                0.003539282349037048,
                0.00335061766197196,
                0.0031791432291655517,
                0.0030311160397158104,
                0.002899060638226719,
                0.0027695409638983912,
                0.002645323264542568,
                0.0025168903304259955,
                0.0023781498300585297,
                0.0022333169982009177,
                0.0020936214837079694,
                0.0019580424094110646,
                0.0018200593340396704,
                0.0016780256815153688,
                0.001534641836606765,
                0.0013948475275491114,
                0.0012580499869541777,
                0.0011273777093709575,
                0.0010050700382660987,
                0.0008903366171219609,
                0.0007801806774758238,
                0.0006754913704100333,
                0.0005779811350461434,
                0.0004884403279017947,
                0.0004066713598475771,
                0.0003312911069776197,
                0.00026187145951153397,
                0.00020272644677477402,
                0.00015573316549673594,
                0.00011858640916763504,
                8.219707783460623e-05,
                5.6016518187766514e-05,
                4.149371717612334e-05,
                2.8848012893876226e-05,
                1.7552500995931543e-05,
                9.451346690116983e-06,
                6.256989097986853e-06,
                4.808002148979371e-06,
                3.1614260705617783e-06,
                1.4489869490074816e-06,
                3.951782588202223e-07,
                3.293152156835186e-07
            ],