{
    "avail_var": [
        "Home location",
        "Age",
        "Sex",
        "Marital status",
        "Religion",
        "Race",
        "Education",
        "Employment"
    ],
    "marginals": {
        "Employment": {
            "probs": [
                0.009585451529185544,
                0.9904145484708144
            ],
            "uniqVals": [
                "Unemployed",
                "Employed"
            ]
        },
        "Home location": {
            "probs": [
                0.05825546541659073,
                0.092032651111935,
                0.06253605384040167,
                0.05601211534715371,
                0.06624355115403709,
                0.19113216913728423,
                0.04602198106034423,
                0.05056146590673445,
                0.20478832703896643,
                0.09171971320308916,
                0.08069650678346331
            ],
            "uniqVals": [
                "Gaza",
                "Cabo Delgado",
                "Inhambane",
                "Niassa",
                "Manica",
                "Zambézia",
                "Maputo city",
                "Maputo province",
                "Nampula",
                "Tete",
                "Sofala"
            ]
        },
        "Education": {
            "probs": [
                0.0035667380935923134,
                0.10119456820224083,
                0.018421862923141696,
                0.8768168307810251
            ],
            "uniqVals": [
                "University completed",
                "Primary completed",
                "Secondary completed",
                "Less than primary completed"
            ]
        },
        "Religion": {
            "probs": [
                0.06500562408490797,
                0.18986910649314742,
                0.548254648510403,
                0.19687062091154162
            ],
            "uniqVals": [
                "Other",
                "Muslim",
                "Christian",
                "No religion"
            ]
        },
        "Age": {
            "probs": [
                0.0038583107636816077,
                0.0002752345463342906,
                0.009034982436516964,
                0.01875993640699523,
                0.010069311348083726,
                0.0006673495164543758,
                0.034188152346720124,
                0.009789049686747896,
                0.0029370919396494843,
                0.02471958124132037,
                0.016873511502667513,
                0.007138503302186167,
                0.005945820268070908,
                0.00929890597409779,
                0.0015408107479718733,
                0.00011059653003387018,
                0.010056743560579878,
                0.03397575673790507,
                0.00029157267008929414,
                0.011637771228564067,
                0.01768790413291692,
                0.0014352413329395428,
                0.0040644224787447295,
                0.011415321389745943,
                0.02441292722622646,
                0.01931291905716458,
                0.003045174912182585,
                4.39872562634711e-5,
                0.022517704870646048,
                0.028156871123623042,
                0.0004348454476331714,
                0.01633812375500355,
                0.005567529864205056,
                0.00394377171870778,
                0.011341171443473234,
                0.010519238140721516,
                0.0003506412713573839,
                0.02221230763430252,
                0.018380389224378995,
                0.011123748719656648,
                0.000338073483853535,
                0.006079038815611706,
                7.163638877193865e-5,
                0.00010808297253310041,
                5.278470751616532e-5,
                0.03692290290755764,
                0.015753721636074577,
                0.007682688501102823,
                0.03181912440224461,
                0.014106084694319988,
                0.001294482112896435,
                0.022096683989267108,
                0.0027900488258544524,
                0.0007352155689751597,
                9.551518502925152e-5,
                0.015563948044766459,
                0.00980036069550136,
                0.0025462337482797842,
                0.009342893230361261,
                0.01737622300282147,
                0.008887939322721932,
                0.0008005680639951739,
                0.004058138584992805,
                0.0010695187165775401,
                0.020087094767401673,
                0.001937952833093498,
                0.011886613421140276,
                0.01611190357993427,
                0.0013698888379195286,
                0.012372986797539226,
                0.00044364289888586565,
                0.0005190496239089589,
                6.660927377039909e-5,
                0.014460496301928527,
                0.006170783664389803,
                0.020998259361430717,
                0.0120675895611957,
                0.02228645758057523,
                0.009336609336609337,
                0.029309337237725986,
                0.0002626667588304417,
                0.025244914758981257,
                0.0019442367268454224,
                0.00011688042378579463,
                0.009315244097852794,
                0.0028365496396186934,
                0.030450492343075463,
                0.026281757228048788,
                0.004604837341410231,
                0.031472253467138375,
                0.006949986489628433,
                9.677196377963642e-5,
                0.015863061387358064,
                0.012269930940007666
            ],
            "uniqVals": [
                68,
                89,
                11,
                39,
                46,
                85,
                25,
                55,
                66,
                29,
                42,
                58,
                59,
                8,
                74,
                95,
                57,
                20,
                90,
                14,
                31,
                78,
                70,
                52,
                18,
                33,
                69,
                96,
                26,
                35,
                83,
                17,
                65,
                64,
                49,
                44,
                84,
                37,
                45,
                13,
                86,
                67,
                99,
                93,
                94,
                30,
                47,
                54,
                32,
                50,
                80,
                40,
                77,
                82,
                91,
                43,
                7,
                75,
                60,
                34,
                9,
                87,
                61,
                79,
                38,
                71,
                48,
                36,
                76,
                12,
                100,
                81,
                98,
                16,
                62,
                21,
                10,
                19,
                51,
                22,
                88,
                24,
                73,
                92,
                53,
                72,
                28,
                23,
                63,
                27,
                56,
                97,
                15,
                41
            ]
        },
        "Marital status": {
            "probs": [
                0.053685817880191285,
                0.6850726103923035,
                0.0514223593507481,
                0.20981921237675713
            ],