{
    "avail_var": [
        "Home location",
        "Age",
        "Sex",
        "Marital status",
        "Religion",
        "Education",
        "Employment"
    ],
    "marginals": {
        "Employment": {
            "probs": [
                0.18342469175716783,
                0.8165753082428322
            ],
            "uniqVals": [
                "Unemployed",
                "Employed"
            ]
        },
        "Home location": {
            "probs": [
                0.03999074169324143,
                0.021182050641468397,
                0.022436698164503947,
                0.012943259805722515,
                0.059164988904727614,
                0.04025710170911282,
                0.04317420312431114,
                0.022137272767351977,
                0.036555615971313946,
                0.02565689890810763,
                0.033616470968595234,
                0.060460049671550546,
                0.024077108469146326,
                0.011161403147824298,
                0.05015650947139477,
                0.03884631210780784,
                0.01942040060546387,
                0.045088321307331695,
                0.15472945170249974,
                0.05079944744073949,
                0.015786882595852866,
                0.01650881008714565,
                0.07110159154701898,
                0.01771937043514042,
                0.017723044366393815,
                0.049305994386233044
            ],
            "uniqVals": [
                "Machinga",
                "Balaka",
                "Chiradzulu",
                "Chitipa",
                "Mzimba, Mzuzu city",
                "Ntcheu",
                "Dowa",
                "Nkhota Kota",
                "Mchinji",
                "Phalombe",
                "Chikwawa",
                "Mangochi",
                "Salima",
                "Rumphi",
                "Zomba, Zomba city",
                "Mulanje",
                "Nsanje",
                "Thyolo",
                "Lilongwe, Lilongwe city",
                "Dedza",
                "Mwanza, Neno",
                "Karonga",
                "Blantyre, Blantyre city",
                "Nkhata Bay, Likoma",
                "Ntchisi",
                "Kasungu"
            ]
        },
        "Education": {
            "probs": [
                0.004798154216938293,
                0.20270915690625596,
                0.08389605713697885,
                0.7085966317398269
            ],
            "uniqVals": [
                "University completed",
                "Primary completed",
                "Secondary completed",
                "Less than primary completed"
            ]
        },
        "Religion": {
            "probs": [
                0.020981821388158184,
                0.12883007333166782,
                0.8123466133701707,
                0.03784149191000338
            ],
            "uniqVals": [
                "Other",
                "Muslim",
                "Christian",
                "No religion"
            ]
        },
        "Age": {
            "probs": [
                0.0317753489512366,
                0.03130988559671934,
                0.030893861954981512,
                0.03051573672499425,
                0.029949944572230793,
                0.0297424695560609,
                0.02951110673078476,
                0.029245120002422055,
                0.028933880637932254,
                0.028599343949505137,
                0.02826346524933048,
                0.027752534536806518,
                0.026990808668902026,
                0.026065357367797477,
                0.025137973569776473,
                0.02417489225927087,
                0.0232812197963481,
                0.02252513037778328,
                0.02185922414865324,
                0.021168785944778147,
                0.020478186699493344,
                0.019797679382550053,
                0.01912135914225909,
                0.01845502346936984,
                0.017801571109256984,
                0.01714972916324118,
                0.016548454219872732,
                0.016019057425702605,
                0.015532497646513996,
                0.015052916328412602,
                0.014604684404733777,
                0.014072979350357876,
                0.013402617642226,
                0.012654204530857116,
                0.011934671512295322,
                0.011212025026479232,
                0.01059335761086265,
                0.010139381876904345,
                0.009794645899195913,
                0.009444971318256529,
                0.00911505115024095,
                0.008766557539639402,
                0.00836969782565646,
                0.007947017805650824,
                0.007551446422945522,
                0.007172784388259243,
                0.006808562399976507,
                0.006462860173809845,
                0.006133476810493285,
                0.005813863292698828,
                0.0055050395493546015,
                0.005211353698522643,
                0.004934469834769902,
                0.004672831224469233,
                0.004422197110498401,
                0.004181815966278787,
                0.003958022087258785,
                0.0037530700531742626,
                0.003563041189722401,
                0.003382943213202346,
                0.00321513806428977,
                0.0030464203473888657,
                0.0028700800037619266,
                0.0026925050093272495,
                0.002523357848667132,
                0.0023567336700923928,
                0.0022133531349850704,
                0.002103254491216774,
                0.0020143059525897307,
                0.0019262699819510153,
                0.0018457492770985317,
                0.0017470308929493869,
                0.0016160505463893467,
                0.0014655305087851037,
                0.0013230625416661094,
                0.001183708041801411,
                0.0010517077663132395,
                0.0009323224012519572,
                0.0008229752840622844,
                0.0007160974684880878,
                0.0006131383272167121,
                0.0005190901439490112,
                0.00043556333278203487,
                0.00036143060384784823,
                0.00029320272660284376,
                0.00023082602057711976,
                0.00017821916007349712,
                0.00013656311542981225,
                0.00010403275066940886,
                7.295175859635018e-05,
                5.115748781627794e-05,
                3.8542577389388835e-05,
                2.7054956830434504e-05,
                1.6372543320005006e-05,
                8.749916593969889e-06,
                5.851171219280478e-06,
                4.455479001837428e-06,
                3.0061063144927226e-06,
                1.342011747541394e-06,
                3.2208281940993456e-07,
                2.684023495082788e-07
            ],