{
    "avail_var": [
        "Home location",
        "Age",
        "Sex",
        "Marital status",
        "Religion",
        "Education",
        "Employment"
    ],
    "marginals": {
        "Employment": {
            "probs": [
                0.055116324679463605,
                0.9448836753205364
            ],
            "uniqVals": [
                "Unemployed",
                "Employed"
            ]
        },
        "Home location": {
            "probs": [
                0.05219901448849011,
                0.06690814150180187,
                0.026090314039861735,
                0.0338555073423059,
                0.1116667892427251,
                0.08485327645804222,
                0.2581942095069991,
                0.063261503763085,
                0.12385084945208502,
                0.007826481331666298,
                0.0866061140937952,
                0.0469588879899978,
                0.037728910789144664
            ],
            "uniqVals": [
                "Pahang",
                "Kedah",
                "Melaka",
                "Terengganu",
                "Sabah, Labuan Federal Territory",
                "Perak",
                "Selangor, Kuala Lumpur Federal Territory",
                "Pulau Pinang",
                "Johor",
                "Perlis",
                "Sarawak",
                "Kelantan",
                "Negeri Sembilan"
            ]
        },
        "Education": {
            "probs": [
                0.1067514892991101,
                0.556679169424628,
                0.03785761565051114,
                0.29871172562575077
            ],
            "uniqVals": [
                "University completed",
                "Primary completed",
                "Secondary completed",
                "Less than primary completed"
            ]
        },
        "Religion": {
            "probs": [
                0.04024171998725209,
                0.20500845774803264,
                0.06972126204309774,
                0.586514182049962,
                0.09009953175945674,
                0.00841484641219877
            ],
            "uniqVals": [
                "Other",
                "Buddhist",
                "Hindu",
                "Muslim",
                "Christian",
                "No religion"
            ]
        },
        "Age": {
            "probs": [
                0.016741456414626085,
                0.016562863685891632,
                0.016373973549559277,
                0.016181484015434344,
                0.016152688833093704,
                0.015887647959114848,
                0.01565772468794708,
                0.015468834551614722,
                0.015326830483919628,
                0.015216125527464359,
                0.015121070126629005,
                0.015155217456991657,
                0.015367488029420163,
                0.01569922730945109,
                0.01603706991617378,
                0.01639685319987559,
                0.016735133994155642,
                0.01701657560242417,
                0.017255200026516607,
                0.017506531889772418,
                0.01776700309351026,
                0.01796080719030727,
                0.01805808482804065,
                0.018089196144613035,
                0.018103812829562034,
                0.01807936822368373,
                0.018094297899745128,
                0.01818850822457701,
                0.018317804853108733,
                0.01838854084451074,
                0.01840810278903563,
                0.018377335762686884,
                0.01828362622363484,
                0.01811958758162691,
                0.01793295098130382,
                0.017764968651279668,
                0.017346123944668307,
                0.016563207976115272,
                0.015562262398665606,
                0.014579971091514876,
                0.013542280357469653,
                0.012762838590264242,
                0.012413258816826615,
                0.012341959441422289,
                0.01222765508717444,
                0.012136762468133984,
                0.011991033806201349,
                0.01171982700730825,
                0.011373251948549644,
                0.011068805493519848,
                0.010779226116328968,
                0.010507111643209912,
                0.010264355736433816,
                0.010037781470168707,
                0.00980225565808901,
                0.009562660961548133,
                0.009305663959157915,
                0.009022000113991362,
                0.008717647556295284,
                0.008411604846592258,
                0.008104654462663275,
                0.007773791557747064,
                0.007410909662032509,
                0.007027808540457028,
                0.006641640105980043,
                0.006245643750573752,
                0.005872683541039973,
                0.005539817493004414,
                0.00523105176062352,
                0.004922567720243787,
                0.004629921030151404,
                0.004297993955453039,
                0.003900401345373517,
                0.0034698194720472176,
                0.003057891869019855,
                0.002645432181101415,
                0.0023118775526185793,
                0.0020992000917439547,
                0.0019670552440894055,
                0.0018355676777708923,
                0.0017233916630873523,
                0.0015914972083227216,
                0.001413280068923147,
                0.0012102114351991494,
                0.0010302415455701443,
                0.0008636989746630251,
                0.0007148404016064081,
                0.0005906142290955349,
                0.00048623169311071195,
                0.00037868794689066646,
                0.00029095653808543145,
                0.00023565100852465724,
                0.0001815035460797566,
                0.00012729348541237629,
                9.114301193037613e-05,
                7.414759452715009e-05,
                5.971870424558985e-05,
                4.385005484699758e-05,
                2.6572945442613093e-05,
                1.693281918074639e-05,
                3.0266240568912675e-05
            ],