{
    "avail_var": [
        "Home location",
        "Age",
        "Sex",
        "Marital status",
        "Religion",
        "Education",
        "Employment"
    ],
    "marginals": {
        "Employment": {
            "probs": [
                0.055116324679463605,
                0.9448836753205364
            ],
            "uniqVals": [
                "Unemployed",
                "Employed"
            ]
        },
        "Home location": {
            "probs": [
                0.05219901448849011,
                0.06690814150180187,
                0.026090314039861735,
                0.0338555073423059,
                0.1116667892427251,
                0.08485327645804222,
                0.2581942095069991,
                0.063261503763085,
                0.12385084945208502,
                0.007826481331666298,
                0.0866061140937952,
                0.0469588879899978,
                0.037728910789144664
            ],
            "uniqVals": [
                "Pahang",
                "Kedah",
                "Melaka",
                "Terengganu",
                "Sabah, Labuan Federal Territory",
                "Perak",
                "Selangor, Kuala Lumpur Federal Territory",
                "Pulau Pinang",
                "Johor",
                "Perlis",
                "Sarawak",
                "Kelantan",
                "Negeri Sembilan"
            ]
        },
        "Education": {
            "probs": [
                0.1067514892991101,
                0.556679169424628,
                0.03785761565051114,
                0.29871172562575077
            ],
            "uniqVals": [
                "University completed",
                "Primary completed",
                "Secondary completed",
                "Less than primary completed"
            ]
        },
        "Religion": {
            "probs": [
                0.04024171998725209,
                0.20500845774803264,
                0.06972126204309774,
                0.586514182049962,
                0.09009953175945674,
                0.00841484641219877
            ],
            "uniqVals": [
                "Other",
                "Buddhist",
                "Hindu",
                "Muslim",
                "Christian",
                "No religion"
            ]
        },
        "Age": {
            "probs": [
                0.0014402686867201098,
                2.4515211688852935e-5,
                0.0005148194454659116,
                0.025226152827829668,
                0.018018680591306905,
                5.51592262999191e-5,
                0.03530803363487044,
                0.008114535069010321,
                0.023908460199553824,
                0.02892794979284646,
                0.005313672133558873,
                0.0018999289058861024,
                0.0046885342354931235,
                0.0005270770513103381,
                1.83864087666397e-5,
                0.005920423622857983,
                0.029657277340589837,
                1.83864087666397e-5,
                0.026212890098305998,
                0.002322816307518815,
                0.00036159937241058077,
                0.0019550881321860215,
                0.012361795494104091,
                0.022069819322889855,
                0.025220024024907455,
                0.0011154421318428085,
                6.128802922213234e-6,
                0.030306930450344438,
                0.030821749895810352,
                7.35456350665588e-5,
                0.0030827878698732564,
                0.011889877669093673,
                0.0030031134318844843,
                0.01467235419577848,
                0.019869579073815303,
                1.2257605844426467e-5,
                0.02568581304699566,
                0.02303204138167733,
                0.001342207839964698,
                5.51592262999191e-5,
                0.001789610453286264,
                4.2901620455492636e-5,
                1.2257605844426467e-5,
                0.03429678115270526,
                0.017822558897796083,
                0.00886837782844255,
                0.029767595793189675,
                0.017338383466941238,
                0.00031869775195508815,
                0.030429506508788704,
                0.00039224338702164695,
                0.00011644725552205144,
                2.4515211688852935e-5,
                0.02235174425731166,
                0.0007844867740432939,
                0.006588463141379226,
                0.027021892084038147,
                2.4515211688852935e-5,
                0.0037692137971611383,
                0.00019612169351082348,
                0.027401877865215366,
                0.0008580324091098527,
                0.017559020372140913,
                0.026813512784682896,
                0.0004167585987104999,
                0.0009928660733985438,
                9.19320438331985e-5,
                0.006864259272878821,
                0.003861145840994337,
                0.02821087985094751,
                0.00036159937241058077,
                0.024895197470030155,
                0.012141158588904416,
                0.029289549165257042,
                3.064401461106617e-5,
                0.03141011497634282,
                0.0006619107155990292,
                6.128802922213234e-6,
                0.011393444632394402,
                0.0008519036061876395,
                0.03180848716628668,
                0.030288544041577797,
                0.003285038366306293,
                0.031324311735431834,
                0.0063984702507906156,
                0.021530484665735088,
                0.004241131622171558
            ],
            "uniqVals": [
                68,
                89,
                11,
                39,
                46,
                85,
                25,
                55,
                42,
                29,
                58,
                66,
                59,
                74,
                95,
                57,
                20,
                90,
                31,
                14,
                78,
                70,
                52,
                18,
                33,
                69,
                96,
                26,
                35,
                83,
                64,
                17,
                65,
                49,
                44,
                84,
                37,
                45,
                13,
                86,
                67,
                99,
                93,
                30,
                47,
                54,
                32,
                50,
                77,
                40,
                80,
                82,
                91,
                43,
                75,
                60,
                34,
                87,
                61,
                79,
                38,
                71,
                48,
                36,
                76,
                12,
                81,
                16,
                62,
                21,
                10,
                19,
                51,
                22,
                88,
                24,
                73,
                92,
                53,
                72,
                28,
                23,
                63,
                27,
                56,
                41,
                15
            ]
        },
        "Marital status": {
            "probs": [
                0.019207668358216273,
                0.630518987031453,
                0.009518030938197152,
                0.3407553136721336
            ],
            "uniqVals": [
                "Widowed",
                "Married/in union",
                "Separated/divorced/spouse absent",
                "Single/never married"
            ]
        },