{
    "avail_var": [
        "Home location",
        "Age",
        "Sex",
        "Marital status",
        "Religion",
        "Education",
        "Employment"
    ],
    "marginals": {
        "Employment": {
            "probs": [
                0.02889193168602153,
                0.9711080683139784
            ],
            "uniqVals": [
                "Unemployed",
                "Employed"
            ]
        },
        "Home location": {
            "probs": [
                0.03314293571359003,
                0.03151013767065604,
                0.02505915312208173,
                0.016643081806046508,
                0.07135040991824551,
                0.09777309263407563,
                0.3325980967876847,
                0.03272471024996133,
                0.028817453178799978,
                0.03168774026479974,
                0.11289222960005042,
                0.18580095905400837
            ],
            "uniqVals": [
                "Rivas",
                "Granada",
                "Madriz",
                "Río San Juan",
                "Chinandega",
                "Nueva Segovia, Jinotega",
                "Managua, Masaya",
                "Carazo",
                "Boaco",
                "Chontales",
                "Estelí, León",
                "Matagalpa, Atlantico Norte, Atlantico Sur, Zelaya"
            ]
        },
        "Education": {
            "probs": [
                0.07667275862661632,
                0.3180747878794823,
                0.15580903710748395,
                0.44944341638641744
            ],
            "uniqVals": [
                "University completed",
                "Primary completed",
                "Secondary completed",
                "Less than primary completed"
            ]
        },
        "Religion": {
            "probs": [
                0.01503892934281311,
                6.302027534131208e-5,
                0.8195099314224822,
                0.16538811895936337
            ],
            "uniqVals": [
                "Other",
                "Muslim",
                "Christian",
                "No religion"
            ]
        },
        "Age": {
            "probs": [
                0.002589560404933915,
                9.739497098202777e-5,
                0.0035864265785146695,
                0.020464402138106068,
                0.014064979632992834,
                0.00039530899986823034,
                0.034729900829003076,
                0.010593135373280549,
                0.019794095573112114,
                0.02568935587549485,
                0.006032759084945602,
                0.0030421605642033376,
                0.005895260302382739,
                0.001535403071951967,
                1.1458231880238561e-5,
                0.006542650403616218,
                0.030788269062201012,
                0.00010885320286226633,
                0.021363873340704796,
                0.010965527909388302,
                0.0007791597678562222,
                0.003013514984502741,
                0.02324302336906392,
                0.02473259351349493,
                0.01138948248895713,
                0.002251542564466877,
                2.8645579700596402e-5,
                0.02865130881653652,
                0.02485290494823744,
                0.00024635198542512904,
                0.021048771963998236,
                0.004543188940514589,
                0.004073401433424808,
                0.012993634952190528,
                0.017370679530441656,
                0.000326559608586799,
                0.02111179223933955,
                0.018751396472010403,
                0.007522329229376615,
                0.00017760259414369769,
                0.00286455797005964,
                5.729115940119281e-6,
                5.7291159401192804e-5,
                2.2916463760477122e-5,
                0.029550780019135248,
                0.013904564386669493,
                0.00995720350392731,
                0.026863824643219306,
                0.014918617908070605,
                0.00079634711567658,
                0.023283127180644753,
                0.0009682205938801584,
                0.0003494760723472761,
                2.8645579700596402e-5,
                0.016219127226477684,
                0.001861962680538766,
                0.007493683649676019,
                0.023271668948764517,
                0.00016614436226345913,
                0.0038327785639397983,
                0.0007333268403352679,
                0.021707620297111953,
                0.0014380081009699394,
                0.02236073951428555,
                0.014872784980549652,
                0.0010255117532813511,
                0.006004113505245006,
                5.729115940119281e-6,
                0.00026926844918560616,
                1.718734782035784e-5,
                0.01758838593616619,
                0.004314024302909818,
                0.029109638091746062,
                0.002990598520742264,
                0.02665757646937501,
                0.009493145112777648,
                0.03558926822002097,
                0.00013176966662274345,
                0.03613926335027242,
                0.001392175173448985,
                5.7291159401192804e-5,
                0.008983253794107032,
                0.001678630970454949,
                0.027917981976201253,
                0.03526270861143417,
                0.0036437177379158624,
                0.029573696482895723,
                0.007533787461256853,
                4.010381158083496e-5,
                0.015222261052896927,
                0.016431104516262094
            ],
            "uniqVals": [
                68,
                89,
                11,
                39,
                46,
                85,
                25,
                55,
                42,
                29,
                58,
                66,
                59,
                74,
                95,
                57,
                20,
                90,
                31,
                14,
                78,
                70,
                33,
                18,
                52,
                69,
                96,
                26,
                35,
                83,
                17,
                65,
                64,
                49,
                44,
                84,
                37,
                45,
                13,
                86,
                67,
                99,
                93,
                94,
                30,
                47,
                54,
                32,
                50,
                80,
                40,
                77,
                82,
                91,
                43,
                75,
                60,
                34,
                87,
                61,
                79,
                38,
                71,
                36,
                48,
                76,
                12,
                100,
                81,
                98,
                16,
                62,
                21,
                10,
                19,
                51,
                22,
                88,
                24,
                73,
                92,
                53,
                72,
                28,
                23,
                63,
                27,
                56,
                97,
                15,
                41
            ]
        },
        "Marital status": {
            "probs": [
                0.020240966616441418,
                0.5958738906999261,
                0.07867222008971796,
                0.3052129225939145
            ],
            "uniqVals": [
                "Widowed",
                "Married/in union",
                "Separated/divorced/spouse absent",
                "Single/never married"
            ]
        },