{
    "avail_var": [
        "Age",
        "Sex",
        "Marital status",
        "Employment"
    ],
    "marginals": {
        "Employment": {
            "probs": [
                0.060148157727763205,
                0.9398518422722368
            ],
            "uniqVals": [
                "Unemployed",
                "Employed"
            ]
        },
        "Age": {
            "probs": [
                0.13675289667352358,
                0.088567283249609,
                0.058871075295325315,
                0.12589365459769883,
                0.06956461996694134,
                0.08787216243195292,
                0.10145934957706748,
                0.0022510598571769203,
                0.1012734451723455,
                0.008701134421008814,
                0.09022021589159349,
                0.12857310286575682
            ],
            "uniqVals": [
                47,
                32,
                62,
                42,
                17,
                22,
                37,
                72,
                57,
                67,
                27,
                52
            ]
        },
        "Marital status": {
            "probs": [
                0.010273239060940272,
                0.5350773321909642,
                0.08168882027489603,
                0.37296060847319945
            ],
            "uniqVals": [
                "Widowed",
                "Married/in union",
                "Separated/divorced/spouse absent",
                "Single/never married"
            ]
        },
        "Sex": {
            "probs": [
                0.4735833882290181,
                0.526416611770982
            ],
            "uniqVals": [
                "Female",
                "Male"
            ]
        }
    },
    "pop_num": 17135000,
    "corr": [
        [
            1.0000000000000002,
            0.09347532621096243,
            0.7684517898639989,
            0.2672554224302986
        ],
        [
            0.09347532621096243,
            1.0,
            0.123156717616525,
            0.09396362316317695
        ],
        [
            0.7684517898639989,
            0.123156717616525,
            1.0000000000000009,
            0.24973725157904433
        ],
        [
            0.2672554224302986,
            0.09396362316317695,
            0.24973725157904433,
            1.0
        ]
    ]
}
