{
    "avail_var": [
        "Age",
        "Sex",
        "Marital status",
        "Employment"
    ],
    "marginals": {
        "Employment": {
            "probs": [
                0.060148157727763205,
                0.9398518422722368
            ],
            "uniqVals": [
                "Unemployed",
                "Employed"
            ]
        },
        "Age": {
            "probs": [
                0.00992125985173061,
                0.009996828121316083,
                0.010076022732011695,
                0.0101593115987994,
                0.010340862611797319,
                0.01037999200216317,
                0.01043532294877916,
                0.010506855451645286,
                0.010594355553270571,
                0.010687821570915761,
                0.01077719333246886,
                0.010912303783507903,
                0.011113214778884143,
                0.01134968731288884,
                0.011583586314492795,
                0.011836669830356838,
                0.011999504244076621,
                0.012018045375236524,
                0.011947975106689003,
                0.011888725372099155,
                0.011808594931439634,
                0.011806313845902612,
                0.011937330040849563,
                0.01214800876147408,
                0.012329267327608277,
                0.012502688317794754,
                0.01263124795908645,
                0.012685526096993045,
                0.012684824224520113,
                0.012687046820684392,
                0.012691725970503926,
                0.012641776046180402,
                0.012518246490944705,
                0.012349036735595809,
                0.012192168237895932,
                0.01204892776404545,
                0.011910892844369195,
                0.01178373694802336,
                0.011681789971330264,
                0.011597331317087676,
                0.011512697194726857,
                0.011571479014334751,
                0.011838424511539164,
                0.012243580396538062,
                0.012639845896879843,
                0.013041258462023112,
                0.013442437069675408,
                0.013820746332584727,
                0.014169869398494708,
                0.014510862441593244,
                0.01484483675996248,
                0.015069377461927365,
                0.01513699117681963,
                0.015086865784377875,
                0.01501562572837547,
                0.014915959837219397,
                0.014747568933088918,
                0.014503902206236687,
                0.014206015830850606,
                0.013887716664376808,
                0.01354953111116999,
                0.01321590772903722,
                0.012904802755410954,
                0.012614403019736127,
                0.012293530320861586,
                0.011914811632343056,
                0.011675297650955662,
                0.011655879179204597,
                0.011750514984304669,
                0.011807600612102984,
                0.011900072310411524,
                0.011700038655626447,
                0.011042793574100158,
                0.010097195884945087,
                0.009188563479364337,
                0.008241620534636148,
                0.0074453462140969566,
                0.00692321158360971,
                0.00657853371002829,
                0.006190281253752459,
                0.005801385414376442,
                0.00540903870200852,
                0.004989377452569067,
                0.0045567315623804075,
                0.004154617124764207,
                0.003780519096692467,
                0.003395659024035798,
                0.0029869352872995063,
                0.0025717192301886113,
                0.0021415883830279516,
                0.001787259762943742,
                0.0015346441620616522,
                0.0012471688950240342,
                0.0009235471956305163,
                0.0007010536217116764,
                0.0006016216880465796,
                0.000498563413271344,
                0.00036871700577927643,
                0.00021214095494312112,
                0.00011721270297932582,
                0.00016248347748331693
            ],
            "uniqVals": [
                0,
                1,
                2,
                3,
                4,
                5,
                6,
                7,
                8,
                9,
                10,
                11,
                12,
                13,
                14,
                15,
                16,
                17,
                18,
                19,
                20,
                21,
                22,
                23,
                24,
                25,
                26,
                27,
                28,
                29,
                30,
                31,
                32,
                33,
                34,
                35,
                36,
                37,
                38,
                39,
                40,
                41,
                42,
                43,
                44,
                45,
                46,
                47,
                48,
                49,
                50,
                51,
                52,
                53,
                54,
                55,
                56,
                57,
                58,
                59,
                60,
                61,
                62,
                63,
                64,
                65,
                66,
                67,
                68,
                69,
                70,
                71,
                72,
                73,
                74,
                75,
                76,
                77,
                78,
                79,
                80,
                81,
                82,
                83,
                84,
                85,
                86,
                87,
                88,
                89,
                90,
                91,
                92,
                93,
                94,
                95,
                96,
                97,
                98,
                99,
                100
            ]
        },
        "Marital status": {
            "probs": [
                0.010273239060940272,
                0.5350773321909642,
                0.08168882027489603,
                0.37296060847319945
            ],
            "uniqVals": [
                "Widowed",
                "Married/in union",
                "Separated/divorced/spouse absent",
                "Single/never married"
            ]
        },
        "Sex": {
            "probs": [
                0.4735833882290181,
                0.526416611770982
            ],
            "uniqVals": [
                "Female",
                "Male"
            ]
        }
    },
    "pop_num": 17135000,
    "corr": [
        [
            1.0000000000000002,
            0.09347532621096243,
            0.7684517898639989,
            0.2672554224302986
        ],
        [
            0.09347532621096243,
            1.0,
            0.123156717616525,
            0.09396362316317695
        ],
        [
            0.7684517898639989,
            0.123156717616525,
            1.0000000000000009,
            0.24973725157904433
        ],
        [
            0.2672554224302986,
            0.09396362316317695,
            0.24973725157904433,
            1.0
        ]
    ]
}