{
    "avail_var": [
        "Home location",
        "Age",
        "Sex",
        "Marital status",
        "Religion",
        "Education",
        "Employment"
    ],
    "marginals": {
        "Employment": {
            "probs": [
                0.020627991120995125,
                0.9793720088790049
            ],
            "uniqVals": [
                "Unemployed",
                "Employed"
            ]
        },
        "Home location": {
            "probs": [
                0.09984313093708712,
                0.1547174073172899,
                0.07745461883475102,
                0.062383894886932204,
                0.06137408662593662,
                0.03792012715611918,
                0.0930925294949547,
                0.10795647527090847,
                0.02237522515153352,
                0.01622087562666658,
                0.062083277625023976,
                0.09174224311964319,
                0.05441172440538819,
                0.05842438354776534
            ],
            "uniqVals": [
                "Narayani",
                "Bagmati",
                "Sagarmatha",
                "Gandaki",
                "Mechi",
                "Mahakali",
                "Koshi",
                "Lumbini",
                "Dhawalagiri",
                "Karnali",
                "Bheri",
                "Janakpur",
                "Rapti",
                "Seti"
            ]
        },
        "Education": {
            "probs": [
                0.03907277013824242,
                0.2289391449348898,
                0.16809487547220578,
                0.563893209454662
            ],
            "uniqVals": [
                "University completed",
                "Primary completed",
                "Secondary completed",
                "Less than primary completed"
            ]
        },
        "Religion": {
            "probs": [
                0.0408224954720563,
                0.10286176007254676,
                0.8073541611823393,
                0.03381778109582466,
                0.015143802177232976
            ],
            "uniqVals": [
                "Other",
                "Buddhist",
                "Hindu",
                "Muslim",
                "Christian"
            ]
        },
        "Age": {
            "probs": [
                0.005751588828663939,
                1.4117385227734185e-5,
                0.0008835822283711278,
                0.013176503024026958,
                0.013224668220686287,
                0.00029148248323145287,
                0.03708554055883254,
                0.023792776715283067,
                0.020994212702491053,
                0.016486614642718046,
                0.011258199501905432,
                0.003977780896520396,
                0.006773853606036926,
                0.0012215690394115873,
                1.7439122928377523e-5,
                0.008358322489243798,
                0.02425698955894797,
                4.235215568320255e-5,
                0.014860624038253131,
                0.0012049603509083706,
                0.004022624355479082,
                0.007811896637487969,
                0.017612683723236138,
                0.01894220923791863,
                0.014863945775953775,
                0.0024904728410573423,
                0.025184584811852623,
                0.04732230571779015,
                0.00020096513088892193,
                0.010416138994792346,
                0.004685311026757428,
                0.013387433368017811,
                0.010273304273664682,
                0.011976525279669553,
                0.0002150825161166561,
                0.015322345578642555,
                0.03739197086171689,
                0.002061968677674352,
                4.235215568320255e-5,
                0.004231893830619612,
                3.3217377006433375e-6,
                8.304344251608343e-6,
                0.0457012977198762,
                0.011270656018282844,
                0.008790148390327431,
                0.028110205291694244,
                0.03531920653651545,
                0.0008553474579156594,
                0.04700507976737871,
                0.0010945125723619798,
                0.0002773650980037187,
                7.473909826447509e-6,
                0.01356514633500223,
                0.003014476963333829,
                0.023193203060316945,
                0.017699879337878026,
                3.653911470707671e-5,
                0.006603614548878955,
                0.0004708563190661931,
                0.02395720273146491,
                0.0018427339894318915,
                0.017998835730935924,
                0.020268413014900486,
                0.001013129998696218,
                0.0023086077019471196,
                0.00027653466357855787,
                0.009209517775033654,
                0.007748783621175746,
                0.017728944542758654,
                0.0014142298260489009,
                0.013153250860122456,
                0.010057391323122866,
                0.027802944554384736,
                3.4878245856755046e-5,
                0.024438024263633035,
                0.0016334645142913613,
                6.643475401286675e-6,
                0.00939470465184452,
                0.0027537205538333267,
                0.03259372075313759,
                0.0213197429971541,
                0.005251667304717117,
                0.02389575058400301,
                0.010188599962298277,
                0.01235188163984225,
                0.006200853852675951
            ],
            "uniqVals": [
                68,
                89,
                11,
                39,
                46,
                85,
                25,
                55,
                42,
                29,
                58,
                66,
                59,
                74,
                95,
                57,
                20,
                90,
                31,
                78,
                14,
                70,
                33,
                18,
                52,
                69,
                26,
                35,
                83,
                17,
                64,
                65,
                49,
                44,
                84,
                37,
                45,
                13,
                86,
                67,
                93,
                94,
                30,
                47,
                54,
                32,
                50,
                77,
                40,
                80,
                82,
                91,
                43,
                75,
                60,
                34,
                87,
                61,
                79,
                38,
                71,
                48,
                36,
                76,
                12,
                81,
                16,
                62,
                21,
                10,
                19,
                51,
                22,
                88,
                24,
                73,
                92,
                53,
                72,
                28,
                23,
                63,
                27,
                56,
                41,
                15
            ]
        },
        "Marital status": {
            "probs": [
                0.027087940514321257,
                0.8578304568468903,
                0.004571541510510394,
                0.11051006112827803
            ],
            "uniqVals": [
                "Widowed",
                "Married/in union",
                "Separated/divorced/spouse absent",
                "Single/never married"
            ]
        },
        "Sex": {
            "probs": [
                0.4271090335487203,
                0.5728909664512797
            ],