{
    "avail_var": [
        "Home location",
        "Age",
        "Sex",
        "Marital status",
        "Religion",
        "Education"
    ],
    "marginals": {
        "Home location": {
            "probs": [
                0.5782055810255227,
                0.04987446720292345,
                0.13786497885066254,
                0.2340549729208914
            ],
            "uniqVals": [
                "Punjab, Islamabad",
                "Baluchistan",
                "North-West Frontier Province",
                "Sind"
            ]
        },
        "Education": {
            "probs": [
                0.021218756109491792,
                0.24445851975562122,
                0.024787664711000666,
                0.7095350594238863
            ],
            "uniqVals": [
                "University completed",
                "Primary completed",
                "Secondary completed",
                "Less than primary completed"
            ]
        },
        "Religion": {
            "probs": [
                0.0054727575824602345,
                0.015717171379725642,
                0.9625787706290344,
                0.016231300408779726
            ],
            "uniqVals": [
                "Other",
                "Hindu",
                "Muslim",
                "Christian"
            ]
        },
        "Age": {
            "probs": [
                0.0027472900011917016,
                0.00012258272919804763,
                0.02341069695510787,
                0.005854694833214298,
                0.006134704320129691,
                0.0007664788232273527,
                0.028870881949958047,
                0.00917394776646634,
                0.00948700519795674,
                0.009196309011572798,
                0.0018391899589567876,
                0.0054581194983142406,
                0.002870501359770252,
                0.043240361742082886,
                0.001134137206624281,
                0.0001619169675780805,
                0.003853228689890571,
                0.034746950182109444,
                0.000844428866409701,
                0.02680960621128934,
                0.008324040844026544,
                0.0009471648680233028,
                0.007184066364583308,
                0.010891004017211154,
                0.03670198755547317,
                0.0064265679610774245,
                0.001420343183147488,
                5.2355846976162466e-5,
                0.0148951037584224,
                0.022677355880652738,
                0.0004983234903442977,
                0.0060996806832159635,
                0.017263689459959767,
                0.002473387199686907,
                0.004593843904320094,
                0.006719239839800089,
                0.0003628987609445498,
                0.007268661918359543,
                0.01564523821775668,
                0.02435651476017295,
                0.00018221271614859971,
                0.0019852115836278684,
                0.0004519845245815192,
                0.0001171944773651664,
                8.082377749321821e-5,
                0.030324991511258257,
                0.00615113848821998,
                0.0044639870351476565,
                0.016709597563145148,
                0.014405940296193999,
                0.0007171763189564896,
                0.022510858899016706,
                0.0033082070169946362,
                0.0006363525414632714,
                0.00014018435185212625,
                0.03507509471873191,
                0.027212108623205566,
                0.007286622757802481,
                0.012191278988682606,
                0.009224507529498209,
                0.0024117815203976312,
                0.00019038489809513622,
                0.002433693744518015,
                0.0004599770981336263,
                0.011646975749364389,
                0.0012234025786556797,
                0.008797578375939587,
                0.008617880177312999,
                0.0006573667236115081,
                0.035746291288714475,
                0.0005126921618986475,
                7.139433678567609e-5,
                0.022634968299567404,
                0.003605189497183606,
                0.014282908546009878,
                0.041587964513332645,
                0.022269914237889703,
                0.004794825697686563,
                0.024933057706291242,
                0.03947172860596855,
                0.0014194451411753412,
                0.015948327383356248,
                0.00027058004620785165,
                0.00014907496737638024,
                0.0051896947528395415,
                0.001863167679613109,
                0.02037028605420743,
                0.03876200603538088,
                0.01546589923591895,
                0.003261239421851355,
                0.013430936127034143,
                0.003763424492675884,
                4.885348328478968e-5,
                0.0061534733973475616,
                0.022853641519785167
            ],
            "uniqVals": [
                68,
                89,
                11,
                39,
                46,
                85,
                25,
                55,
                42,
                29,
                66,
                58,
                59,
                8,
                74,
                95,
                57,
                20,
                90,
                14,
                31,
                78,
                70,
                33,
                18,
                52,
                69,
                96,
                26,
                35,
                83,
                65,
                17,
                64,
                49,
                44,
                84,
                37,
                45,
                13,
                86,
                67,
                99,
                93,
                94,
                30,
                47,
                54,
                50,
                32,
                77,
                40,
                80,
                82,
                91,
                7,
                9,
                43,
                60,
                34,
                75,
                87,
                61,
                79,
                38,
                71,
                48,
                36,
                76,
                12,
                81,
                98,
                16,
                62,
                21,
                10,
                19,
                51,
                22,
                6,
                73,
                24,
                88,
                92,
                53,
                72,
                28,
                5,
                23,
                63,
                27,
                56,
                97,
                41,
                15
            ]
        },
        "Marital status": {
            "probs": [
                0.03611691321061949,
                0.4205943654870975,
                0.0022812062176474765,
                0.5410075150846355
            ],
            "uniqVals": [
                "Widowed",
                "Married/in union",
                "Separated/divorced/spouse absent",
                "Single/never married"
            ]
        },
        "Sex": {
            "probs": [
                0.47801894096245134,
                0.5219810590375487
            ],
            "uniqVals": [
                "Female",
                "Male"
            ]
        }
    },
    "pop_num": 220892000,