{
    "avail_var": [
        "Home location",
        "Age",
        "Sex",
        "Marital status",
        "Religion",
        "Education"
    ],
    "marginals": {
        "Home location": {
            "probs": [
                0.5782055810255227,
                0.04987446720292345,
                0.13786497885066254,
                0.2340549729208914
            ],
            "uniqVals": [
                "Punjab, Islamabad",
                "Baluchistan",
                "North-West Frontier Province",
                "Sind"
            ]
        },
        "Education": {
            "probs": [
                0.021218756109491792,
                0.24445851975562122,
                0.024787664711000666,
                0.7095350594238863
            ],
            "uniqVals": [
                "University completed",
                "Primary completed",
                "Secondary completed",
                "Less than primary completed"
            ]
        },
        "Religion": {
            "probs": [
                0.0054727575824602345,
                0.015717171379725642,
                0.9625787706290344,
                0.016231300408779726
            ],
            "uniqVals": [
                "Other",
                "Hindu",
                "Muslim",
                "Christian"
            ]
        },
        "Age": {
            "probs": [
                0.026657828132285837,
                0.026071773995094513,
                0.025514039258650083,
                0.024983982084259594,
                0.024530899377576697,
                0.02405278496186903,
                0.023597061019701507,
                0.023163875312499832,
                0.02275339407186793,
                0.022363063795667708,
                0.02199034945193925,
                0.021648909737471952,
                0.021344294940819172,
                0.021068567502893362,
                0.020802906312094284,
                0.020544711690838286,
                0.020307956328944398,
                0.020095641630372422,
                0.019896920982966075,
                0.019695669921144392,
                0.019492377904630036,
                0.019269378207961155,
                0.019015311671536028,
                0.01873394159416579,
                0.01844232980297579,
                0.018139391174995946,
                0.017798662562389895,
                0.017409398938981534,
                0.016982003632650004,
                0.01654444511075612,
                0.01609930458070532,
                0.015619948045512753,
                0.015098585707516592,
                0.01455175761130763,
                0.014003539634188053,
                0.013448769361346995,
                0.012924881226480046,
                0.012452898909939489,
                0.012018337174460858,
                0.011587030807892475,
                0.011167411446589113,
                0.010758172325442121,
                0.010355781022868034,
                0.009964822760608522,
                0.009589601090187493,
                0.009224662691487206,
                0.00889552411571055,
                0.008613835427766118,
                0.008365457706230955,
                0.00812209002053639,
                0.0078863782237116,
                0.007653104490411084,
                0.00741580887580443,
                0.007174625288683691,
                0.006937736017997747,
                0.00670546429186535,
                0.006453272478528961,
                0.006170364758822392,
                0.005866664235991214,
                0.005568772584208393,
                0.005278430617770619,
                0.004971867217316242,
                0.004642220711638697,
                0.004303879369566827,
                0.003973036919849913,
                0.0036403936277571167,
                0.0033622973894753424,
                0.0031665088828604993,
                0.00302608935298721,
                0.0028853881528961537,
                0.0027544022665457555,
                0.002618470989978511,
                0.002464291177335658,
                0.0022991585490117978,
                0.0021461192698736704,
                0.0020035387291493217,
                0.0018492203901698625,
                0.0016753744552734636,
                0.001491328364458285,
                0.0013144625554238677,
                0.001141586304883713,
                0.0009830105898258861,
                0.0008457263727044529,
                0.0007254670423519385,
                0.0006103331864538586,
                0.0005019547982376143,
                0.0004071104331078092,
                0.00032776716504425313,
                0.000261574663869192,
                0.00019661042954537358,
                0.0001475305484857485,
                0.00011709631233333636,
                8.728544469565271e-05,
                5.7599250760914775e-05,
                3.677412482442883e-05,
                2.7668326964838972e-05,
                2.1767105025409034e-05,
                1.5210191759375763e-05,
                7.992969622185625e-06,
                3.190723286499287e-06,
                3.791004078460079e-06
            ],
            "uniqVals": [
                0,
                1,
                2,
                3,
                4,
                5,
                6,
                7,
                8,
                9,
                10,
                11,
                12,
                13,
                14,
                15,
                16,
                17,
                18,
                19,
                20,
                21,
                22,
                23,
                24,
                25,
                26,
                27,
                28,
                29,
                30,
                31,
                32,
                33,
                34,
                35,
                36,
                37,
                38,
                39,
                40,
                41,
                42,
                43,
                44,
                45,
                46,
                47,
                48,
                49,
                50,
                51,
                52,
                53,
                54,
                55,
                56,
                57,
                58,
                59,
                60,
                61,
                62,
                63,
                64,
                65,
                66,
                67,
                68,
                69,
                70,
                71,
                72,
                73,
                74,
                75,
                76,
                77,
                78,
                79,
                80,
                81,
                82,
                83,
                84,
                85,
                86,
                87,
                88,
                89,
                90,
                91,
                92,
                93,
                94,
                95,
                96,
                97,
                98,
                99,
                100
            ]
        },
        "Marital status": {
            "probs": [
                0.03611691321061949,
                0.4205943654870975,
                0.0022812062176474765,
                0.5410075150846355
            ],
            "uniqVals": [
                "Widowed",
                "Married/in union",
                "Separated/divorced/spouse absent",
                "Single/never married"
            ]
        },
        "Sex": {
            "probs": [
                0.47801894096245134,
                0.5219810590375487
            ],
            "uniqVals": [
                "Female",
                "Male"
            ]
        }
    },