{
    "avail_var": [
        "Home location",
        "Age",
        "Sex",
        "Marital status",
        "Education",
        "Employment"
    ],
    "marginals": {
        "Employment": {
            "probs": [
                0.07195619313806577,
                0.9280438068619342
            ],
            "uniqVals": [
                "Unemployed",
                "Employed"
            ]
        },
        "Home location": {
            "probs": [
                0.06157487950260959,
                0.033582408807004534,
                0.5663020848187548,
                0.21809314662179505,
                0.07828052362889656,
                0.014060405555714,
                0.02810655106522545
            ],
            "uniqVals": [
                "Coclé",
                "Herrera",
                "Panamá",
                "Bocas de Toro, Chiriquí, Comarca Ngäbe Buglé, Veraguas",
                "Colón, Comarca Kuna Yala (San Blas)",
                "Comarca Emberá, Darién",
                "Los Santos"
            ]
        },
        "Education": {
            "probs": [
                0.18490288908536065,
                0.38403730428086585,
                0.3324872372586487,
                0.09857256937512478
            ],
            "uniqVals": [
                "University completed",
                "Primary completed",
                "Secondary completed",
                "Less than primary completed"
            ]
        },
        "Age": {
            "probs": [
                0.01821996778477972,
                0.018316048266312487,
                0.01836079162781059,
                0.018360320645057975,
                0.018365265963960396,
                0.01826235623251476,
                0.018139665225459442,
                0.01800190277032055,
                0.01785283672911898,
                0.01769293808460734,
                0.017523148802290858,
                0.017365369580165973,
                0.01723043302154275,
                0.017112922824766154,
                0.016987876903947777,
                0.01685294034532455,
                0.016746733734610636,
                0.01668244458887915,
                0.016640762615273027,
                0.01659554827102231,
                0.01656046005595275,
                0.016469324893322406,
                0.01628893849907216,
                0.01605344712276636,
                0.015826197944631266,
                0.01558882263731502,
                0.015394306760486427,
                0.01527255771893633,
                0.015196258513013252,
                0.015109362195156411,
                0.015025998247944159,
                0.014920733602735466,
                0.014775670914931094,
                0.01460705908949614,
                0.014443628074339916,
                0.014275958214410186,
                0.014127127664584922,
                0.01401055943331355,
                0.013912124038017726,
                0.013800972108401388,
                0.013679929540980207,
                0.0135497028098831,
                0.013406524053089175,
                0.013247802865459065,
                0.013079662022776726,
                0.012905398404310433,
                0.012687568881227568,
                0.012409218074434113,
                0.012088478819905614,
                0.011759968349959024,
                0.011416857414681474,
                0.011075394919038063,
                0.010747355431844085,
                0.010425674211810362,
                0.01009221842296135,
                0.009752639858328388,
                0.009404112621395802,
                0.009043575324271623,
                0.008675737794481966,
                0.008309077721573835,
                0.007943595105547234,
                0.007580702894659997,
                0.0072220495285462635,
                0.006868576972711259,
                0.0065198142444023695,
                0.006175996834995902,
                0.005844660468533641,
                0.005530985955294316,
                0.005231205433257034,
                0.004938725143885231,
                0.004653074104426296,
                0.00438202353029832,
                0.004127457352511751,
                0.0038865496745509177,
                0.0036534132120081757,
                0.0034292254217650545,
                0.003208805493542826,
                0.0029883855653205973,
                0.0027705560422377332,
                0.002561675191454489,
                0.002361036538841947,
                0.0021660496792607455,
                0.0019771855954634943,
                0.0017946797788264994,
                0.0016201806689839016,
                0.0014534527745593954,
                0.0012956735524345096,
                0.0011480204594907734,
                0.0010100225129755747,
                0.0008727310405892935,
                0.0007601661627151214,
                0.0006654986294401898,
                0.0005590565273499684,
                0.00044083985644445696,
                0.0003565339437269807,
                0.00031131959947626713,
                0.0002642213242151072,
                0.0002088808507832443,
                0.0001455336705569842,
                0.00010526464520869245,
                0.00023949472970299823
            ],
            "uniqVals": [
                0,
                1,
                2,
                3,
                4,
                5,
                6,
                7,
                8,
                9,
                10,
                11,
                12,
                13,
                14,
                15,
                16,
                17,
                18,
                19,
                20,
                21,
                22,
                23,
                24,
                25,
                26,
                27,
                28,
                29,
                30,
                31,
                32,
                33,
                34,
                35,
                36,
                37,
                38,
                39,
                40,
                41,
                42,
                43,
                44,
                45,
                46,
                47,
                48,
                49,
                50,
                51,
                52,
                53,
                54,
                55,
                56,
                57,
                58,
                59,
                60,
                61,
                62,
                63,
                64,
                65,
                66,
                67,
                68,
                69,
                70,
                71,
                72,
                73,
                74,
                75,
                76,
                77,
                78,
                79,
                80,
                81,
                82,
                83,
                84,
                85,
                86,
                87,
                88,
                89,
                90,
                91,
                92,
                93,
                94,
                95,
                96,
                97,
                98,
                99,
                100
            ]
        },
        "Marital status": {
            "probs": [
                0.012563100704446283,
                0.5979665174115164,
                0.1079770698457063,
                0.281493312038331
            ],
            "uniqVals": [
                "Widowed",
                "Married/in union",
                "Separated/divorced/spouse absent",
                "Single/never married"
            ]
        },
        "Sex": {
            "probs": [
                0.3576134386675413,
                0.6423865613324587
            ],