{
    "avail_var": [
        "Home location",
        "Age",
        "Sex",
        "Marital status",
        "Education",
        "Employment"
    ],
    "marginals": {
        "Employment": {
            "probs": [
                0.07195619313806577,
                0.9280438068619342
            ],
            "uniqVals": [
                "Unemployed",
                "Employed"
            ]
        },
        "Home location": {
            "probs": [
                0.06157487950260959,
                0.033582408807004534,
                0.5663020848187548,
                0.21809314662179505,
                0.07828052362889656,
                0.014060405555714,
                0.02810655106522545
            ],
            "uniqVals": [
                "Coclé",
                "Herrera",
                "Panamá",
                "Bocas de Toro, Chiriquí, Comarca Ngäbe Buglé, Veraguas",
                "Colón, Comarca Kuna Yala (San Blas)",
                "Comarca Emberá, Darién",
                "Los Santos"
            ]
        },
        "Education": {
            "probs": [
                0.18490288908536065,
                0.38403730428086585,
                0.3324872372586487,
                0.09857256937512478
            ],
            "uniqVals": [
                "University completed",
                "Primary completed",
                "Secondary completed",
                "Less than primary completed"
            ]
        },
        "Age": {
            "probs": [
                0.0028947893791175885,
                6.417020791147363e-5,
                0.0003137210164560933,
                0.025347232125032086,
                0.021054958218064627,
                0.00010695034651912272,
                0.028890853606365684,
                0.013012292159826598,
                0.02554687277186778,
                0.028092291019022903,
                0.009860821949063115,
                0.0034937113196246757,
                0.009682571371531244,
                0.0011479337193052506,
                7.130023101274848e-6,
                0.011122836037988764,
                0.022637823346547643,
                5.7040184810198784e-5,
                0.02560391295667798,
                0.0014901748281664433,
                0.0006203120098109118,
                0.0022245672075977526,
                0.026602116190856458,
                0.01573596098451359,
                0.015600490545589367,
                0.002780709009497191,
                7.130023101274848e-6,
                0.02675184667598323,
                0.02632404528990674,
                0.00021390069303824544,
                0.007172803239882497,
                0.004163933491144511,
                0.004605994923423552,
                0.0187947408949605,
                0.020890967686735304,
                0.0001782505775318712,
                0.025511222656361406,
                0.021625360066166614,
                0.0007700424949376836,
                0.00011408036962039757,
                0.0033653709038017282,
                2.8520092405099392e-5,
                2.1390069303824544e-5,
                0.028434532127884094,
                0.02062002680888686,
                0.01364686421584006,
                0.026580726121552635,
                0.018801870918061774,
                0.0005917919174058124,
                0.025988934204146823,
                0.0004349314091777657,
                3.565011550637424e-5,
                0.00029233094715226877,
                0.023065624732624135,
                0.001026723326583578,
                0.008349257051592847,
                0.02685166699940108,
                7.130023101274848e-5,
                0.007144283147477398,
                0.00048484157088668966,
                0.027557539286427287,
                0.001597125174685566,
                0.01916550209622679,
                0.02528306191712061,
                0.0007629124718364087,
                0.0004991016170892394,
                7.130023101274848e-6,
                0.0002709408778484442,
                1.4260046202549696e-5,
                0.004584604854119727,
                0.006659441576590708,
                0.02377862704275162,
                0.00030659099335481846,
                0.020270655676924394,
                0.015878561446539086,
                0.024498759375980377,
                4.9910161708923936e-5,
                0.027037047600034225,
                0.0014188745971536949,
                1.4260046202549696e-5,
                0.015079998859196303,
                0.0018395459601289108,
                0.028078030972820352,
                0.026644896329464107,
                0.00538316744146251,
                0.02834184182756752,
                0.012056869064255769,
                7.130023101274848e-6,
                0.022844594016484615,
                0.0031158200952571087
            ],
            "uniqVals": [
                68,
                89,
                11,
                39,
                46,
                85,
                25,
                55,
                42,
                29,
                58,
                66,
                59,
                74,
                95,
                57,
                20,
                90,
                31,
                14,
                78,
                70,
                33,
                18,
                52,
                69,
                96,
                26,
                35,
                83,
                17,
                65,
                64,
                49,
                44,
                84,
                37,
                45,
                13,
                86,
                67,
                99,
                93,
                30,
                47,
                54,
                32,
                50,
                77,
                40,
                80,
                91,
                82,
                43,
                75,
                60,
                34,
                87,
                61,
                79,
                38,
                71,
                48,
                36,
                76,
                12,
                100,
                81,
                98,
                16,
                62,
                21,
                10,
                19,
                51,
                22,
                88,
                24,
                73,
                92,
                53,
                72,
                28,
                23,
                63,
                27,
                56,
                97,
                41,
                15
            ]
        },
        "Marital status": {
            "probs": [
                0.012563100704446283,
                0.5979665174115164,
                0.1079770698457063,
                0.281493312038331
            ],
            "uniqVals": [
                "Widowed",
                "Married/in union",
                "Separated/divorced/spouse absent",
                "Single/never married"
            ]
        },
        "Sex": {
            "probs": [
                0.3576134386675413,
                0.6423865613324587
            ],
            "uniqVals": [
                "Female",
                "Male"
            ]
        }
    },
    "pop_num": 4315000,