{
    "avail_var": [
        "Home location",
        "Age",
        "Sex",
        "Marital status",
        "Religion",
        "Education",
        "Employment"
    ],
    "marginals": {
        "Employment": {
            "probs": [
                0.04447560956265262,
                0.9555243904373474
            ],
            "uniqVals": [
                "Unemployed",
                "Employed"
            ]
        },
        "Home location": {
            "probs": [
                0.3522759400621996,
                0.0424377467432918,
                0.040983063531119863,
                0.05592552469835618,
                0.010905925198117776,
                0.006835798083625156,
                0.026580859951983324,
                0.028761485139183977,
                0.05249736169545708,
                0.046043196346776324,
                0.004770875730490776,
                0.009308479618106,
                0.04375526611185292,
                0.03374230552826275,
                0.027197630704546283,
                0.03430215795116407,
                0.04559344823371226,
                0.037386944801350366,
                0.018456468208313623,
                0.007264085187144669,
                0.014739981207620339,
                0.012022830781805915,
                0.023133102114282676,
                0.01244738553583942,
                0.012632136835396856
            ],
            "uniqVals": [
                "Lima",
                "Cajamarca",
                "Cusco",
                "La Libertad",
                "Apurímac",
                "Moquegua",
                "Ica",
                "Loreto",
                "Piura",
                "Arequipa",
                "Madre de Dios",
                "Pasco",
                "Junín",
                "Ancash",
                "San Martín",
                "Callao",
                "Puno",
                "Lambayeque",
                "Ayacucho",
                "Tumbes",
                "Ucayali",
                "Amazonas",
                "Huánuco",
                "Tacna",
                "Huancavelica"
            ]
        },
        "Education": {
            "probs": [
                0.1314953378289483,
                0.19633557927463655,
                0.468991173926553,
                0.2031779089698622
            ],
            "uniqVals": [
                "University completed",
                "Primary completed",
                "Secondary completed",
                "Less than primary completed"
            ]
        },
        "Religion": {
            "probs": [
                0.032914657029740294,
                0.9346642891600441,
                0.03242105381021563
            ],
            "uniqVals": [
                "Other",
                "Christian",
                "No religion"
            ]
        },
        "Age": {
            "probs": [
                0.0036194459140570547,
                9.984034875073598e-5,
                0.022314784489475242,
                0.01698405633608314,
                0.0004254878414050056,
                0.029958636236821306,
                0.011201713894883975,
                0.02420988494099622,
                0.0264017071766549,
                0.008781285253207255,
                0.004217554919189968,
                0.0071875720226814875,
                0.0019650820043836444,
                0.010367533784761004,
                0.025968754636277878,
                0.00011663592143777567,
                0.02325347038520646,
                0.004744749284088714,
                0.0014770773090879911,
                0.004067327852378113,
                0.0259360965782753,
                0.019220666765573928,
                0.015097353670905683,
                0.002680760018325836,
                0.027537274507773084,
                0.025594586600305492,
                0.00036577024962886447,
                0.005418438366313306,
                0.013619343274446189,
                0.006043606905219784,
                0.014725984897047805,
                0.017880753300096763,
                0.00031818279368225205,
                0.02626640950778708,
                0.01937369309450029,
                0.00300827368572311,
                0.00023887036710456457,
                0.004582392081447331,
                0.03216072243356651,
                0.019460470220049996,
                0.012354076798689198,
                0.027422504761078312,
                0.017078298160604865,
                0.001208348146095356,
                0.026569662903525297,
                0.0014556162995434403,
                0.0005215958406697327,
                0.01985143382870942,
                0.0022879302349234076,
                0.009637859460246279,
                0.02421828272733974,
                0.00019594834801546312,
                0.005135712892748138,
                0.0008705705176115575,
                0.024197754805166692,
                0.001885769577805957,
                0.023433556247906384,
                0.01714921280083903,
                0.0014668133480014668,
                0.002135836993368548,
                0.00037976656020139755,
                0.00884660136921241,
                0.0067144967253298694,
                0.02259750996304041,
                0.02143395001077716,
                0.01125863222454561,
                0.027529809808801067,
                0.00014369545521133962,
                0.029285880241968217,
                0.0020686547026203895,
                0.013293695781791919,
                0.0026285071255217124,
                0.02819136875519613,
                0.027999152756666677,
                0.005918573197438488,
                0.030430778446801424,
                0.0104505785608247,
                0.0066827717546987945,
                0.01817654199686296
            ],
            "uniqVals": [
                68,
                89,
                39,
                46,
                85,
                25,
                55,
                42,
                29,
                58,
                66,
                59,
                74,
                57,
                20,
                90,
                31,
                14,
                78,
                70,
                33,
                18,
                52,
                69,
                26,
                35,
                83,
                64,
                17,
                65,
                49,
                44,
                84,
                37,
                45,
                13,
                86,
                67,
                30,
                47,
                54,
                32,
                50,
                80,
                40,
                77,
                82,
                43,
                75,
                60,
                34,
                87,
                61,
                79,
                38,
                71,
                36,
                48,
                76,
                12,
                81,
                16,
                62,
                21,
                19,
                51,
                22,
                88,
                24,
                73,
                53,
                72,
                28,
                23,
                63,
                27,
                56,
                15,
                41
            ]
        },
        "Marital status": {
            "probs": [
                0.023353310733957196,
                0.6086109034991709,
                0.0491653066918227,
                0.3188704790750492
            ],
            "uniqVals": [
                "Widowed",
                "Married/in union",
                "Separated/divorced/spouse absent",
                "Single/never married"
            ]
        },