{
    "avail_var": [
        "Home location",
        "Age",
        "Sex",
        "Marital status",
        "Religion",
        "Education",
        "Employment"
    ],
    "marginals": {
        "Employment": {
            "probs": [
                0.021456188608480344,
                0.9785438113915197
            ],
            "uniqVals": [
                "Unemployed",
                "Employed"
            ]
        },
        "Home location": {
            "probs": [
                0.028974437096891858,
                0.0232499259761493,
                0.019027348058000368,
                0.0064797689597610635,
                0.034334193011290245,
                0.05928774036295289,
                0.0946475391897285,
                0.06842378547244382,
                0.040444915526985446,
                0.12197414100148905,
                0.06457025399836075,
                0.03587903859110083,
                0.09209425274531934,
                0.04167650075311222,
                0.016628546171572268,
                0.034836267824728685,
                0.10102431844416886,
                0.03188389627220179,
                0.06032192865388164,
                0.02424120188986109
            ],
            "uniqVals": [
                "North Solomons",
                "Western",
                "New Ireland",
                "Manus",
                "West New Britain",
                "East Sepik",
                "Western Highlands, Jiwaka",
                "Enga",
                "Milne Bay",
                "Southern Highlands, Hela",
                "Madang",
                "National Capital Dist",
                "Eastern Highlands",
                "East New Britain",
                "Gulf",
                "Central",
                "Morobe",
                "West Sepik",
                "Chimbu",
                "Northern"
            ]
        },
        "Education": {
            "probs": [
                0.005690181218968987,
                0.33039526590654544,
                0.03560869061463398,
                0.6283058622598516
            ],
            "uniqVals": [
                "University completed",
                "Primary completed",
                "Secondary completed",
                "Less than primary completed"
            ]
        },
        "Religion": {
            "probs": [
                0.005750258547072732,
                0.00015877579570275455,
                0.0001373196070942742,
                0.00018023198431123489,
                0.9873537224341616,
                0.006419691631657319
            ],
            "uniqVals": [
                "Other",
                "Buddhist",
                "Hindu",
                "Muslim",
                "Christian",
                "No religion"
            ]
        },
        "Age": {
            "probs": [
                0.003501649980903992,
                6.0077328103744966e-5,
                0.009620954972042586,
                0.019967129119051807,
                0.013045362673956049,
                0.0001373196070942742,
                0.034355649199898725,
                0.008569601730227049,
                0.01764986074933593,
                0.025464204640544472,
                0.008809911042642029,
                0.002175657524899907,
                0.005488493046049272,
                0.0007166366995232435,
                0.0056429776040303305,
                0.03477189925890325,
                0.0001630670334244506,
                0.023430157960460534,
                0.016023481652813122,
                0.0005707346169855771,
                0.0037762891950925406,
                0.009161792535821106,
                0.02732231057403887,
                0.018070402046062146,
                0.0022700647547772203,
                0.027802929198868828,
                0.027790055485703742,
                9.869846759900958e-5,
                0.0049091759536203025,
                0.02026751575957053,
                0.003420116464191767,
                0.011543429471362426,
                0.011019898469315505,
                0.00011157218076409779,
                0.018804203696472174,
                0.018181974226826242,
                0.01308827505117301,
                9.440722987731352e-5,
                0.0025189565426355924,
                0.04026897478039591,
                0.01115721807640978,
                0.008166225384387618,
                0.01761553084756236,
                0.026541305308690186,
                0.0007037629863581552,
                0.03248037831551755,
                0.00039050263267434226,
                0.00018881445975462704,
                0.012307269785824325,
                0.0010384795286504486,
                0.010324717958400741,
                0.021250209197838932,
                7.295104126883317e-5,
                0.004153918114601795,
                0.0004548711984997833,
                0.023910776585290495,
                0.0010127321023202722,
                0.015302553715568181,
                0.024327026644295015,
                0.0005406959529337047,
                0.014143919530710243,
                0.0001501933202593624,
                0.02203979693863101,
                0.004518673320945961,
                0.02514665304913896,
                0.011856689825046238,
                0.024344191595181797,
                0.008582475443392138,
                0.02549853454231804,
                7.295104126883317e-5,
                0.028613973128269386,
                0.000806752691678861,
                0.006617088566855338,
                0.0012916625542305168,
                0.03158350963168307,
                0.022752142400432558,
                0.0033986602755832866,
                0.02635249084893556,
                0.00634244935266679,
                0.01884282483596744,
                0.014418558744898792
            ],
            "uniqVals": [
                68,
                89,
                11,
                39,
                46,
                85,
                25,
                55,
                42,
                29,
                58,
                66,
                59,
                74,
                57,
                20,
                90,
                31,
                14,
                78,
                70,
                52,
                18,
                33,
                69,
                26,
                35,
                83,
                65,
                17,
                64,
                49,
                44,
                84,
                37,
                45,
                13,
                86,
                67,
                30,
                47,
                54,
                50,
                32,
                80,
                40,
                77,
                82,
                43,
                75,
                60,
                34,
                87,
                61,
                79,
                38,
                71,
                48,
                36,
                76,
                12,
                81,
                16,
                62,
                21,
                10,
                19,
                51,
                22,
                88,
                24,
                73,
                53,
                72,
                28,
                23,
                63,
                27,
                56,
                15,
                41
            ]
        },
        "Marital status": {
            "probs": [
                0.03530401273639356,
                0.6431578360146417,
                0.028871447391571152,
                0.2926667038573936
            ],