{
    "avail_var": [
        "Home location",
        "Age",
        "Sex",
        "Marital status",
        "Education"
    ],
    "marginals": {
        "Home location": {
            "probs": [
                0.1060252152434417,
                0.054041637851562234,
                0.07157887476683629,
                0.06320222383839977,
                0.04459500486187532,
                0.06265260715369993,
                0.03709219827583553,
                0.07440116414048265,
                0.03125887161385317,
                0.04674451414808798,
                0.06235270426804298,
                0.0946021175483832,
                0.035880578301441195,
                0.12989397478475656,
                0.027939925818682532,
                0.057738387384618985
            ],
            "uniqVals": [
                "Śląskie",
                "Pomorskie",
                "Dolnośląskie",
                "Łódzkie",
                "Warmińsko mazurskie",
                "Podkarpackie",
                "Świętokrzyskie",
                "Małopolskie",
                "Lubuskie",
                "Zachodniopomorskie",
                "Lubelskie",
                "Wielkopolskie",
                "Podlaskie",
                "Mazowieckie",
                "Opolskie",
                "Kujawsko pomorskie"
            ]
        },
        "Education": {
            "probs": [
                0.15158181837216161,
                0.5905586630366306,
                0.241338379748488,
                0.016521138842719718
            ],
            "uniqVals": [
                "University completed",
                "Primary completed",
                "Secondary completed",
                "Less than primary completed"
            ]
        },
        "Age": {
            "probs": [
                0.01012099656113314,
                0.01000882316354794,
                0.009949833153288429,
                0.009934973477325967,
                0.009574197436951357,
                0.009830348689554735,
                0.010055487296943385,
                0.010243648273739827,
                0.010388787453344773,
                0.010524160948924654,
                0.010682919298683471,
                0.010663203174449083,
                0.010380710968718638,
                0.009946929841821519,
                0.009549123383373489,
                0.009139518922873556,
                0.008921189900561845,
                0.009011113374814262,
                0.00931691125350182,
                0.009612521148314582,
                0.00992293793160859,
                0.010322539164417985,
                0.010819111000222205,
                0.011379318144632998,
                0.01196750265408857,
                0.012597494848667658,
                0.013148543365087376,
                0.013559018819027381,
                0.013879254073827672,
                0.014197113891973217,
                0.014466039715031003,
                0.014817551552452107,
                0.015316393249948641,
                0.015879186980939042,
                0.016375046185746842,
                0.016851162872579647,
                0.01710496508226889,
                0.01702897750305765,
                0.01672402422406955,
                0.016406956218142258,
                0.01604493967195906,
                0.015657426772348257,
                0.01527936283187522,
                0.014902064309879826,
                0.014498108109870067,
                0.014092409922980158,
                0.013665438381159977,
                0.013211175711550829,
                0.012760608165626844,
                0.012346120863114377,
                0.011955731045777275,
                0.011702008017309857,
                0.011642595707200614,
                0.011731384250606875,
                0.011822337080743017,
                0.011893837724050851,
                0.012150833576353697,
                0.012664218224925397,
                0.013316143617949968,
                0.013933097304668567,
                0.014567919553778973,
                0.014928590019191149,
                0.014857775613139128,
                0.01448559747682174,
                0.014103653656479287,
                0.01365847043363939,
                0.01316337664730923,
                0.01265571944044953,
                0.012117366313262396,
                0.011530686247021497,
                0.010944797992998846,
                0.01020506062497052,
                0.009247680471886297,
                0.008178522827325996,
                0.0071316151060984816,
                0.0060371986517760556,
                0.00526824341289436,
                0.005010270992189009,
                0.005079950467394874,
                0.005115318079809973,
                0.0051970331007332145,
                0.005149788305044389,
                0.0048525156045733054,
                0.004397408335264695,
                0.004003323394242432,
                0.0036332567571737058,
                0.003257779403280282,
                0.0028864458666623587,
                0.002522185852527455,
                0.002126675649512345,
                0.0017966219232057748,
                0.001542687744813491,
                0.001241904676841506,
                0.0008943519005116451,
                0.0006492068377419193,
                0.0005394352705520733,
                0.0004391918437218172,
                0.00031469256927254966,
                0.00016596384094487898,
                9.599403459232266e-05,
                0.00011734657074442302
            ],
            "uniqVals": [
                0,
                1,
                2,
                3,
                4,
                5,
                6,
                7,
                8,
                9,
                10,
                11,
                12,
                13,
                14,
                15,
                16,
                17,
                18,
                19,
                20,
                21,
                22,
                23,
                24,
                25,
                26,
                27,
                28,
                29,
                30,
                31,
                32,
                33,
                34,
                35,
                36,
                37,
                38,
                39,
                40,
                41,
                42,
                43,
                44,
                45,
                46,
                47,
                48,
                49,
                50,
                51,
                52,
                53,
                54,
                55,
                56,
                57,
                58,
                59,
                60,
                61,
                62,
                63,
                64,
                65,
                66,
                67,
                68,
                69,
                70,
                71,
                72,
                73,
                74,
                75,
                76,
                77,
                78,
                79,
                80,
                81,
                82,
                83,
                84,
                85,
                86,
                87,
                88,
                89,
                90,
                91,
                92,
                93,
                94,
                95,
                96,
                97,
                98,
                99,
                100
            ]
        },
        "Marital status": {
            "probs": [
                0.09699949318259775,
                0.5609732741574238,
                0.04096260820674701,
                0.30106462445323146
            ],