{
    "avail_var": [
        "Home location",
        "Age",
        "Sex",
        "Marital status",
        "Education"
    ],
    "marginals": {
        "Home location": {
            "probs": [
                0.1060252152434417,
                0.054041637851562234,
                0.07157887476683629,
                0.06320222383839977,
                0.04459500486187532,
                0.06265260715369993,
                0.03709219827583553,
                0.07440116414048265,
                0.03125887161385317,
                0.04674451414808798,
                0.06235270426804298,
                0.0946021175483832,
                0.035880578301441195,
                0.12989397478475656,
                0.027939925818682532,
                0.057738387384618985
            ],
            "uniqVals": [
                "Śląskie",
                "Pomorskie",
                "Dolnośląskie",
                "Łódzkie",
                "Warmińsko mazurskie",
                "Podkarpackie",
                "Świętokrzyskie",
                "Małopolskie",
                "Lubuskie",
                "Zachodniopomorskie",
                "Lubelskie",
                "Wielkopolskie",
                "Podlaskie",
                "Mazowieckie",
                "Opolskie",
                "Kujawsko pomorskie"
            ]
        },
        "Education": {
            "probs": [
                0.15158181837216161,
                0.5905586630366306,
                0.241338379748488,
                0.016521138842719718
            ],
            "uniqVals": [
                "University completed",
                "Primary completed",
                "Secondary completed",
                "Less than primary completed"
            ]
        },
        "Age": {
            "probs": [
                0.00786552280709101,
                0.015117076051553737,
                0.014638278323425864,
                0.015686398880690997,
                0.017264737886725386,
                0.018362123805084063,
                0.014155477784709141,
                0.01691895663355008,
                0.01711694180344476,
                0.008376650928436521,
                0.016870922906483874,
                0.008153725169488238,
                0.017538468549301387,
                0.016778858262940316,
                0.017209622264001984,
                0.01407326621338429,
                0.006840803296345311,
                0.008392046353778253,
                0.016643378519933073,
                0.018178610335010614,
                0.016652923683644946,
                0.008324614390781465,
                0.017619756395105733,
                0.01684013205580041,
                0.00436429517587426,
                0.012726166495982717,
                0.009498977435848802,
                0.01607374778228898,
                0.015744593588482743,
                0.01426016667703292,
                0.003828842282488812,
                0.015942270849870585,
                0.014364855569356698,
                0.013423271355456354,
                0.008626672635986252,
                0.016969145720164128,
                0.018274061972129354,
                0.014960042713068068,
                0.016893400227482806,
                0.007143477358563767,
                0.016358255242604192,
                0.014743890941270148,
                0.00639064105935306,
                0.005050623237608684,
                0.01400952915246952,
                0.007924641240403261,
                0.01630714243046964,
                0.017094156573938993,
                0.015369868935664981,
                0.006634504596766099,
                0.01558786815850391,
                0.008762152378993497,
                0.015232541741616729,
                0.016417989492930114,
                0.00744461187824805,
                0.0056270279624031395,
                0.015267335402889043,
                0.014761133817652887,
                0.01650789877692583,
                0.01673667479750397,
                0.0176905753516777,
                0.016391817269849167,
                0.008266419682989717,
                0.016676632638671213,
                0.018604755708469763,
                0.008496119429088364,
                0.017766936661372693,
                0.016579333550511468,
                0.013897142547474874,
                0.01811548909110951,
                0.017826670911698615,
                0.014360544850261014,
                0.014385793347821455
            ],
            "uniqVals": [
                68,
                39,
                46,
                85,
                25,
                55,
                42,
                29,
                58,
                66,
                59,
                74,
                57,
                20,
                31,
                14,
                78,
                70,
                33,
                52,
                18,
                69,
                26,
                35,
                83,
                64,
                65,
                17,
                49,
                44,
                84,
                37,
                45,
                13,
                67,
                30,
                54,
                47,
                32,
                77,
                50,
                40,
                80,
                82,
                43,
                75,
                60,
                34,
                61,
                79,
                38,
                71,
                48,
                36,
                76,
                81,
                16,
                62,
                21,
                19,
                51,
                22,
                73,
                24,
                53,
                72,
                28,
                23,
                63,
                27,
                56,
                41,
                15
            ]
        },
        "Marital status": {
            "probs": [
                0.09699949318259775,
                0.5609732741574238,
                0.04096260820674701,
                0.30106462445323146
            ],
            "uniqVals": [
                "Widowed",
                "Married/in union",
                "Separated/divorced/spouse absent",
                "Single/never married"
            ]
        },
        "Sex": {
            "probs": [
                0.5213294380854495,
                0.4786705619145505
            ],
            "uniqVals": [
                "Female",
                "Male"
            ]
        }
    },
    "pop_num": 37847000,
    "corr": [
        [
            0.9999999999999993,
            1.5265566588595902e-16,
            -5.93275428784068e-16,
            0.08035372119257636,
            0.093531079332099
        ],
        [
            1.5265566588595902e-16,
            0.9999999999999999,
            0.12812776624212288,
            0.8287249164515822,
            0.523879050299905
        ],
        [
            -5.93275428784068e-16,
            0.12812776624212288,
            1.0000000000000004,
            0.33158908085658373,
            0.15341204679676762
        ],
        [
            0.08035372119257636,
            0.8287249164515822,
            0.33158908085658373,
            0.9999999999999991,
            0.22661949769081938
        ],
        [
            0.093531079332099,
            0.523879050299905,
            0.15341204679676762,
            0.22661949769081938,
            1.0000000000000004
        ]
    ]
}
