{
    "avail_var": [
        "Home location",
        "Age",
        "Sex",
        "Marital status",
        "Religion",
        "Education",
        "Employment"
    ],
    "marginals": {
        "Employment": {
            "probs": [
                0.12959016606460666,
                0.8704098339353933
            ],
            "uniqVals": [
                "Unemployed",
                "Employed"
            ]
        },
        "Home location": {
            "probs": [
                0.04017342793038627,
                0.03833692836785433,
                0.12725989067629961,
                0.027751067681939065,
                0.04320538475532108,
                0.023203132444536846,
                0.019772689865467746,
                0.03424378665419233,
                0.01607370253904727,
                0.022834966258651904,
                0.053319126449925064,
                0.054215719396727216,
                0.030562124795342913,
                0.02469312265564767,
                0.024151701794052165,
                0.017775929727903532,
                0.07151519876642672,
                0.1979261415317446,
                0.04398936216291137,
                0.02120204094007987,
                0.041550802602285226,
                0.02624375200325719
            ],
            "uniqVals": [
                "Other Center",
                "Baixo Vouga",
                "Grande Porto",
                "Entre Douro e Vouga",
                "Algarve",
                "Região Autónoma dos Açores",
                "Médio Tejo",
                "Oeste",
                "Alto Trás-os-Montes",
                "Lezíria do Tejo",
                "Ave",
                "Tâmega",
                "Baixo Mondego",
                "Pinhal Litoral",
                "Dão-Lafões",
                "Douro",
                "Península de Setúbal",
                "Grande Lisboa",
                "Other Alentejo",
                "Minho-Lima",
                "Cávado",
                "Região Autónoma da Madeira"
            ]
        },
        "Education": {
            "probs": [
                0.20221419475558097,
                0.37345045349411365,
                0.2188942886596152,
                0.20544106309069016
            ],
            "uniqVals": [
                "University completed",
                "Primary completed",
                "Secondary completed",
                "Less than primary completed"
            ]
        },
        "Religion": {
            "probs": [
                0.004417994230619299,
                0.00038982302034876165,
                0.0029756490553288807,
                0.9015956755632942,
                0.0906208581304088
            ],
            "uniqVals": [
                "Other",
                "Jewish",
                "Muslim",
                "Christian",
                "No religion"
            ]
        },
        "Age": {
            "probs": [
                0.0012647591326870934,
                1.7325467571056072e-5,
                0.028539376456422117,
                0.026737527829032284,
                5.630776960593224e-5,
                0.019980595476320417,
                0.019512807851901903,
                0.0270970312811317,
                0.02512625934492407,
                0.014817606140145706,
                0.001871150497674056,
                0.013154361253324325,
                0.0004504621568474579,
                4.331366892764018e-6,
                0.015796495057910375,
                0.010213363133137556,
                4.331366892764018e-6,
                0.02705371761220406,
                0.00019491151017438083,
                0.0008402851771962196,
                0.02992108249521384,
                0.022146278922702427,
                0.004651888042828556,
                0.0011174926583331168,
                4.331366892764018e-6,
                0.02178244410371025,
                0.03137642177118255,
                8.229597096251635e-5,
                0.005700078830877448,
                0.003044950925613105,
                0.0014943215780035865,
                0.02409106265755347,
                0.026230757902578897,
                8.229597096251635e-5,
                0.029596229978256536,
                0.026845812001351388,
                4.3313668927640185e-5,
                0.0016719076206069112,
                4.331366892764018e-6,
                0.025676342940305102,
                0.02537314725781162,
                0.019937281807392775,
                0.023930802082521203,
                0.027434877898767293,
                0.00015159784124674065,
                0.027768393149510122,
                0.000238225179102021,
                7.363323717698831e-5,
                4.331366892764018e-6,
                0.026187444233651255,
                0.0004244739554908738,
                0.01153443003543058,
                0.03040619558720341,
                2.5988201356584112e-5,
                0.009498687595831492,
                0.00016892330881779672,
                0.029960064797248716,
                0.0006670305014856589,
                0.029778147387752626,
                0.024849051863787174,
                0.0002468879128875491,
                8.662733785528037e-5,
                8.662733785528036e-6,
                0.0004937758257750982,
                0.007956720982007502,
                0.012032537228098444,
                0.007939395514436447,
                0.022687699784297927,
                0.01419388930758769,
                1.7325467571056072e-5,
                0.01830435648882074,
                0.0005024385595606261,
                4.331366892764018e-6,
                0.02171747360031879,
                0.000701681436627771,
                0.024641146252934502,
                0.016307596351256528,
                0.006566352209430252,
                0.023255108847250017,
                0.017775929727903532,
                4.331366892764018e-6,
                0.02775539904883183,
                9.095870474804439e-5
            ],
            "uniqVals": [
                68,
                89,
                39,
                46,
                85,
                25,
                55,
                42,
                29,
                58,
                66,
                59,
                74,
                95,
                57,
                20,
                90,
                31,
                78,
                70,
                33,
                52,
                18,
                69,
                96,
                26,
                35,
                83,
                64,
                65,
                17,
                49,
                44,
                84,
                37,
                45,
                86,
                67,
                94,
                30,
                47,
                54,
                50,
                32,
                80,
                40,
                77,
                82,
                91,
                43,
                75,
                60,
                34,
                87,
                61,
                79,
                38,
                71,
                36,
                48,
                76,
                81,
                98,
                16,
                62,
                21,
                19,
                51,
                22,
                88,
                24,
                73,
                92,
                53,
                72,
                28,
                23,
                63,
                27,
                56,
                97,
                41,
                15
            ]
        },