{
    "avail_var": [
        "Home location",
        "Age",
        "Sex",
        "Marital status",
        "Religion",
        "Education",
        "Employment"
    ],
    "marginals": {
        "Employment": {
            "probs": [
                0.05694773705511187,
                0.9430522629448881
            ],
            "uniqVals": [
                "Unemployed",
                "Employed"
            ]
        },
        "Home location": {
            "probs": [
                0.03441856638160229,
                0.02667400326032737,
                0.2836381962264539,
                0.02933266138363357,
                0.12281766336348536,
                0.08327205220637769,
                0.034747684601895514,
                0.022971423282028603,
                0.04098036089869844,
                0.05015453128937205,
                0.03895422685501828,
                0.023675941972343784,
                0.20836268827876314
            ],
            "uniqVals": [
                "Guaira",
                "Alto Paraguay, Boquerón, Presidente Hayes",
                "Central",
                "Concepción",
                "Asunción",
                "Itapúa",
                "Misiones, Ñeembucú",
                "Caazapá",
                "Cordillera",
                "San Pedro",
                "Paraguarí",
                "Amambay",
                "Caaguazú, Canindeyú, Alto Paraná"
            ]
        },
        "Education": {
            "probs": [
                0.05547184753598445,
                0.4418052134383083,
                0.1867694475442124,
                0.3159534914814948
            ],
            "uniqVals": [
                "University completed",
                "Primary completed",
                "Secondary completed",
                "Less than primary completed"
            ]
        },
        "Religion": {
            "probs": [
                0.010583207771303976,
                0.00037025799782987675,
                0.0004011128309823665,
                0.00021598383206742808,
                0.9758972328357134,
                0.012532204732102911
            ],
            "uniqVals": [
                "Other",
                "Jewish",
                "Buddhist",
                "Muslim",
                "Christian",
                "No religion"
            ]
        },
        "Age": {
            "probs": [
                0.02016001103818095,
                0.019973770125055378,
                0.019816061546943712,
                0.019683762361705118,
                0.01944187629770667,
                0.01942739720232648,
                0.019412634203115304,
                0.019395599973256256,
                0.019374307185932454,
                0.019359544186721277,
                0.019362241273115626,
                0.019314829333341284,
                0.019189343840046308,
                0.019022692291258643,
                0.01885973149227377,
                0.01866667688720458,
                0.018598256063937415,
                0.018728000114697146,
                0.018972867168920934,
                0.019184801378750567,
                0.01940454294393226,
                0.019496243881340122,
                0.019380411118298607,
                0.0191251815742439,
                0.018872507164668054,
                0.01858902918943043,
                0.01832031421340398,
                0.01810170826354622,
                0.017902407774195384,
                0.01765782462380258,
                0.017382437907748006,
                0.017056942165524735,
                0.016665864638344137,
                0.016221980998600498,
                0.015764044119223143,
                0.01529787402874725,
                0.014770380710778793,
                0.01416367822396577,
                0.013508144278223482,
                0.012860133784002274,
                0.012218369174062715,
                0.011599174918686395,
                0.011019869151563338,
                0.01048272310334142,
                0.009957926871767312,
                0.009434976015094599,
                0.009033677949998573,
                0.008805419269887357,
                0.008693135304733146,
                0.008587948935353536,
                0.008512004660565288,
                0.00840326949329838,
                0.008220151522313635,
                0.00799061527496299,
                0.007785210853245993,
                0.007590168921359916,
                0.007390442576262602,
                0.007185464010292081,
                0.006976368838772292,
                0.006761453638717328,
                0.006536601804577921,
                0.006321686604522957,
                0.006124941249650976,
                0.005935009586722613,
                0.005739257895259075,
                0.005548048665091285,
                0.005312124581543496,
                0.005008063578559526,
                0.004662410664336384,
                0.004324423153549813,
                0.003983028796791433,
                0.0036715862942018744,
                0.0034116723369359307,
                0.003187672214289476,
                0.0029609750052486724,
                0.002737400738348693,
                0.0025281636149134114,
                0.002334541202182255,
                0.002152984702267923,
                0.0019813648364380345,
                0.001823514306410875,
                0.0016555851903837797,
                0.001466505238948369,
                0.0012684823168369593,
                0.0010828092113733577,
                0.0009030980863604225,
                0.0007512095367839288,
                0.0006390675235452094,
                0.0005557417491513759,
                0.00047355159008147897,
                0.0004142156894058021,
                0.0003553056444766013,
                0.00028432968673057626,
                0.00020256538340715543,
                0.0001429455789004944,
                0.0001148390996330685,
                9.312045656278484e-05,
                6.870472709815222e-05,
                4.144995932367861e-05,
                2.4699633295616708e-05,
                4.187581507015476e-05
            ],