{
    "avail_var": [
        "Home location",
        "Age",
        "Sex",
        "Marital status",
        "Religion",
        "Education",
        "Employment"
    ],
    "marginals": {
        "Employment": {
            "probs": [
                0.05694773705511187,
                0.9430522629448881
            ],
            "uniqVals": [
                "Unemployed",
                "Employed"
            ]
        },
        "Home location": {
            "probs": [
                0.03441856638160229,
                0.02667400326032737,
                0.2836381962264539,
                0.02933266138363357,
                0.12281766336348536,
                0.08327205220637769,
                0.034747684601895514,
                0.022971423282028603,
                0.04098036089869844,
                0.05015453128937205,
                0.03895422685501828,
                0.023675941972343784,
                0.20836268827876314
            ],
            "uniqVals": [
                "Guaira",
                "Alto Paraguay, Boquerón, Presidente Hayes",
                "Central",
                "Concepción",
                "Asunción",
                "Itapúa",
                "Misiones, Ñeembucú",
                "Caazapá",
                "Cordillera",
                "San Pedro",
                "Paraguarí",
                "Amambay",
                "Caaguazú, Canindeyú, Alto Paraná"
            ]
        },
        "Education": {
            "probs": [
                0.05547184753598445,
                0.4418052134383083,
                0.1867694475442124,
                0.3159534914814948
            ],
            "uniqVals": [
                "University completed",
                "Primary completed",
                "Secondary completed",
                "Less than primary completed"
            ]
        },
        "Religion": {
            "probs": [
                0.010583207771303976,
                0.00037025799782987675,
                0.0004011128309823665,
                0.00021598383206742808,
                0.9758972328357134,
                0.012532204732102911
            ],
            "uniqVals": [
                "Other",
                "Jewish",
                "Buddhist",
                "Muslim",
                "Christian",
                "No religion"
            ]
        },
        "Age": {
            "probs": [
                0.0027769349837240757,
                7.19946106891427e-5,
                0.0038671390884453794,
                0.021521246123861585,
                0.015057158578414987,
                0.00022112630425950971,
                0.027337382173105898,
                0.009719272443034265,
                0.02464786921664721,
                0.003882566505021624,
                0.02331596891889807,
                0.007677710982777861,
                0.006145254269537537,
                0.002190693153826771,
                5.142472192081621e-6,
                0.008130248535681043,
                0.031225091150319604,
                5.6567194112897836e-5,
                0.020986429015885096,
                0.0011210589378737935,
                0.01125687162846667,
                0.0034197440077342782,
                0.02302284800394942,
                0.014630333386472212,
                0.027270530034608838,
                0.0027306527339953407,
                0.02483814068775423,
                0.022200052453216358,
                0.00037540047002195833,
                0.00510647488673705,
                0.005219609274962846,
                0.022338899202402562,
                0.013864105029852051,
                0.016872451262219798,
                0.0002468386652199178,
                0.02191721648265187,
                0.018296916059426408,
                0.007353735234676718,
                0.00013370427699412214,
                0.0034403138965026048,
                5.142472192081621e-6,
                1.5427416576244864e-5,
                2.0569888768326485e-5,
                0.026828277426089817,
                0.009189597807249858,
                0.015998230989565924,
                0.026272890429345004,
                0.0142703603330265,
                0.0007610858844280799,
                0.02308970014244648,
                0.0013781825474778746,
                0.000678806329354774,
                2.0569888768326485e-5,
                0.018728883723561265,
                0.0018255776281889755,
                0.007523436817015412,
                0.0213772569024833,
                8.742202726538756e-5,
                0.0048647786937092135,
                0.0007508009400439167,
                0.022950853393260275,
                0.0020569888768326486,
                0.022719442144616603,
                0.014923454301420865,
                0.0015170292966640783,
                0.0055744398562164775,
                0.0004936773304398356,
                5.142472192081621e-6,
                0.018512899891493836,
                0.007405159956597534,
                0.028905836191690792,
                0.002581521040424974,
                0.02936865868897814,
                0.010907183519405119,
                0.033467209026067195,
                8.742202726538756e-5,
                0.028283597056448916,
                0.0021289834875217913,
                1.5427416576244864e-5,
                0.010608920132264384,
                0.0030340585933281566,
                0.02508497935297415,
                0.029836623658457566,
                0.005240179163731172,
                0.02554265937806941,
                0.008788484976267491,
                1.5427416576244864e-5,
                0.017175857121552614,
                0.01458919360893556
            ],
            "uniqVals": [
                68,
                89,
                11,
                39,
                46,
                85,
                25,
                55,
                42,
                66,
                29,
                58,
                59,
                74,
                95,
                57,
                20,
                90,
                31,
                78,
                14,
                70,
                33,
                52,
                18,
                69,
                26,
                35,
                83,
                65,
                64,
                17,
                49,
                44,
                84,
                37,
                45,
                13,
                86,
                67,
                99,
                93,
                94,
                30,
                54,
                47,
                32,
                50,
                80,
                40,
                77,
                82,
                91,
                43,
                75,
                60,
                34,
                87,
                61,
                79,
                38,
                71,
                36,
                48,
                76,
                12,
                81,
                98,
                16,
                62,
                21,
                10,
                19,
                51,
                22,
                88,
                24,
                73,
                92,
                53,
                72,
                28,
                23,
                63,
                27,
                56,
                97,
                41,
                15
            ]
        },
        "Marital status": {
            "probs": [
                0.017525545230614167,
                0.5671941128978345,
                0.02690027203677896,
                0.38838006983477236
            ],