{
    "avail_var": [
        "Home location",
        "Age",
        "Sex",
        "Marital status",
        "Education",
        "Employment"
    ],
    "marginals": {
        "Employment": {
            "probs": [
                0.27370174905816785,
                0.7262982509418321
            ],
            "uniqVals": [
                "Unemployed",
                "Employed"
            ]
        },
        "Home location": {
            "probs": [
                0.025977330367622314,
                0.017892758357477615,
                0.014798460237858779,
                0.025484869128425684,
                0.04879470111706624,
                0.06161510871081855,
                0.09552927271682658,
                0.1563154050083308,
                0.08101808153516583,
                0.010711031952526737,
                0.13401511856004333,
                0.07541223109564418,
                0.0777185912325484,
                0.0458481413692064,
                0.05257023728424042,
                0.07629866132619811
            ],
            "uniqVals": [
                "Jerusalem",
                "Salfit",
                "Tubas",
                "Qalqiliya",
                "Rafah",
                "Deir Al-Balah",
                "Nablus",
                "Hebron",
                "Ramallah and Al-Bireh",
                "Jericho",
                "Gaza",
                "Jenin",
                "Khan Yunis",
                "Tulkarm",
                "Bethlehem",
                "North Gaza"
            ]
        },
        "Education": {
            "probs": [
                0.2716252041662221,
                0.42727578650163744,
                0.24959577139949277,
                0.051503237932647716
            ],
            "uniqVals": [
                "University completed",
                "Primary completed",
                "Secondary completed",
                "Less than primary completed"
            ]
        },
        "Age": {
            "probs": [
                0.027161320602831877,
                0.02763588389018236,
                0.02788601327090939,
                0.027934593776636468,
                0.027960690742522915,
                0.027570842221357677,
                0.027083029705172536,
                0.02651532032419658,
                0.025885580462767458,
                0.02520966904630846,
                0.024503244254351467,
                0.023795012749371562,
                0.023107658817100817,
                0.022452223481568112,
                0.0217955836706868,
                0.021116861811747725,
                0.02062583736129964,
                0.02041465268351085,
                0.02038413930801285,
                0.020327127474845535,
                0.020266502215632403,
                0.020183192670687203,
                0.020040663087768914,
                0.019836906007963187,
                0.019634754895288934,
                0.01945448508478101,
                0.019058011949198442,
                0.018343356575692644,
                0.017424341884706814,
                0.016518576422555647,
                0.015585108027386555,
                0.014736153652511269,
                0.014050405687371998,
                0.013478480642675924,
                0.01288407205813922,
                0.012284243334533792,
                0.01175909208254189,
                0.011332105571461321,
                0.010972971171685515,
                0.010633108377487393,
                0.010325766417701611,
                0.009992929729703687,
                0.009601675987298405,
                0.009179908869395124,
                0.00878283349613825,
                0.008394590942104483,
                0.00804609607457469,
                0.007757021990909422,
                0.007507093356073827,
                0.007254354278758153,
                0.007005630119271164,
                0.006748474632343936,
                0.0064716460480561564,
                0.006180564505476548,
                0.005899319511577216,
                0.005632528221861147,
                0.005328398196338314,
                0.0049664533540824275,
                0.004574195882219976,
                0.004195187639192182,
                0.003816781633838691,
                0.003495186715761082,
                0.0032613177522402234,
                0.003089278523281103,
                0.002917038548430548,
                0.0027530291551287962,
                0.0026068861461646894,
                0.002476401316732451,
                0.002356957511329094,
                0.002249156967628922,
                0.0021554086363291445,
                0.002040782732320209,
                0.0018886173466130753,
                0.0017141691669567442,
                0.0015493567900892555,
                0.0013871541098104114,
                0.001238802896040528,
                0.001112332984436974,
                0.0010015212523652884,
                0.0008929177250993792,
                0.0007899350827936279,
                0.0006895621370765215,
                0.0005893899372508491,
                0.0004926304175795586,
                0.000403499241782768,
                0.0003203904427290039,
                0.0002501293807270293,
                0.00019653022771409448,
                0.00015557806586151505,
                0.00011583037935754086,
                8.611998742527735e-05,
                6.765136541332977e-05,
                4.998572696711902e-05,
                3.272158030377671e-05,
                2.1479810383460785e-05,
                1.70634007719081e-05,
                1.3249228834658055e-05,
                9.435056897408008e-06,
                4.817901394421111e-06,
                2.2082048057763424e-06,
                2.2082048057763424e-06
            ],
            "uniqVals": [
                0,
                1,
                2,
                3,
                4,
                5,
                6,
                7,
                8,
                9,
                10,
                11,
                12,
                13,
                14,
                15,
                16,
                17,
                18,
                19,
                20,
                21,
                22,
                23,
                24,
                25,
                26,
                27,
                28,
                29,
                30,
                31,
                32,
                33,
                34,
                35,
                36,
                37,
                38,
                39,
                40,
                41,
                42,
                43,
                44,
                45,
                46,
                47,
                48,
                49,
                50,
                51,
                52,
                53,
                54,
                55,
                56,
                57,
                58,
                59,
                60,
                61,
                62,
                63,
                64,
                65,
                66,
                67,
                68,
                69,
                70,
                71,
                72,
                73,
                74,
                75,
                76,
                77,
                78,
                79,
                80,
                81,
                82,
                83,
                84,
                85,
                86,
                87,
                88,
                89,
                90,
                91,
                92,
                93,
                94,
                95,
                96,
                97,
                98,
                99,
                100
            ]
        },