{
    "avail_var": [
        "Home location",
        "Age",
        "Sex",
        "Marital status",
        "Education",
        "Employment"
    ],
    "marginals": {
        "Employment": {
            "probs": [
                0.27370174905816785,
                0.7262982509418321
            ],
            "uniqVals": [
                "Unemployed",
                "Employed"
            ]
        },
        "Home location": {
            "probs": [
                0.025977330367622314,
                0.017892758357477615,
                0.014798460237858779,
                0.025484869128425684,
                0.04879470111706624,
                0.06161510871081855,
                0.09552927271682658,
                0.1563154050083308,
                0.08101808153516583,
                0.010711031952526737,
                0.13401511856004333,
                0.07541223109564418,
                0.0777185912325484,
                0.0458481413692064,
                0.05257023728424042,
                0.07629866132619811
            ],
            "uniqVals": [
                "Jerusalem",
                "Salfit",
                "Tubas",
                "Qalqiliya",
                "Rafah",
                "Deir Al-Balah",
                "Nablus",
                "Hebron",
                "Ramallah and Al-Bireh",
                "Jericho",
                "Gaza",
                "Jenin",
                "Khan Yunis",
                "Tulkarm",
                "Bethlehem",
                "North Gaza"
            ]
        },
        "Education": {
            "probs": [
                0.2716252041662221,
                0.42727578650163744,
                0.24959577139949277,
                0.051503237932647716
            ],
            "uniqVals": [
                "University completed",
                "Primary completed",
                "Secondary completed",
                "Less than primary completed"
            ]
        },
        "Age": {
            "probs": [
                0.0765777226950762,
                0.14425831233533326,
                0.0007058611095151719,
                0.012410023227755116,
                0.0001641537463988772,
                0.09882876301944402,
                0.07180084867486888,
                2.4623061959831578e-5,
                0.17589894695371686,
                0.11777210535387445,
                8.207687319943859e-6,
                0.001518422154189614,
                8.207687319943859e-6,
                0.03668836232014905,
                0.005162635324244687,
                0.19133760680253126,
                0.06105698597306237,
                0.0057782118732404774
            ],
            "uniqVals": [
                47,
                32,
                77,
                62,
                82,
                42,
                17,
                87,
                22,
                37,
                92,
                72,
                95,
                57,
                67,
                27,
                52,
                12
            ]
        },
        "Marital status": {
            "probs": [
                0.003923274538933165,
                0.6621633822237908,
                0.009988755468371677,
                0.32392458776890437
            ],
            "uniqVals": [
                "Widowed",
                "Married/in union",
                "Separated/divorced/spouse absent",
                "Single/never married"
            ]
        },
        "Sex": {
            "probs": [
                0.17649810812807276,
                0.8235018918719272
            ],
            "uniqVals": [
                "Female",
                "Male"
            ]
        }
    },
    "pop_num": 5101000,
    "corr": [
        [
            1.000000000000002,
            0.13275638704670584,
            0.1252279208396181,
            0.04701183412180415,
            0.1268284331877066,
            0.5023555979277895
        ],
        [
            0.13275638704670584,
            0.9999999999999994,
            0.20277401061147274,
            0.8337138910908375,
            0.34649380343160663,
            0.4065856628883464
        ],
        [
            0.1252279208396181,
            0.20277401061147274,
            0.9999999999999976,
            0.2817077934450952,
            0.5873136378397408,
            0.2386694620723443
        ],
        [
            0.04701183412180415,
            0.8337138910908375,
            0.2817077934450952,
            1.0,
            0.10949714339304256,
            0.4690247772969081
        ],
        [
            0.1268284331877066,
            0.34649380343160663,
            0.5873136378397408,
            0.10949714339304256,
            1.0000000000000016,
            0.05386795546836465
        ],
        [
            0.5023555979277895,
            0.4065856628883464,
            0.2386694620723443,
            0.4690247772969081,
            0.05386795546836465,
            1.0000000000000036
        ]
    ]
}
