{
    "avail_var": [
        "Home location",
        "Age",
        "Sex",
        "Marital status",
        "Religion",
        "Education",
        "Employment"
    ],
    "marginals": {
        "Employment": {
            "probs": [
                0.07510476674113123,
                0.9248952332588688
            ],
            "uniqVals": [
                "Unemployed",
                "Employed"
            ]
        },
        "Home location": {
            "probs": [
                0.01392425114200989,
                0.021473978946485683,
                0.020923065455045225,
                0.016329402008446563,
                0.023194273295021745,
                0.018238381315996057,
                0.017826069738892628,
                0.01693738687637874,
                0.02052589526354164,
                0.029335852238712098,
                0.02828061413459993,
                0.03171770866576439,
                0.033391414135531705,
                0.027233529084272293,
                0.01590544321165095,
                0.039526004747406744,
                0.038045643124529745,
                0.017333392345913107,
                0.020035547314500555,
                0.029146002557729443,
                0.012419430357779294,
                0.09586011223260896,
                0.01514255032181268,
                0.03127278487352284,
                0.03429057949576857,
                0.022609582866473944,
                0.011015940384870727,
                0.018655351780976364,
                0.032918537016028905,
                0.025956993806008567,
                0.060665708488726655,
                0.02340858213735799,
                0.025216230633585458,
                0.03186446363388595,
                0.02279593838154894,
                0.015488472746670642,
                0.0118102807678779,
                0.018762506202144487,
                0.010522098269921986
            ],
            "uniqVals": [
                "Mehedinti",
                "Olt",
                "Hunedoara",
                "Braila",
                "Neamt",
                "Gorj",
                "Valcea",
                "Vrancea",
                "Arad",
                "Constanta",
                "Bihor",
                "Dolj",
                "Suceava",
                "Galati",
                "Bistrita Nasaud",
                "Iasi",
                "Prahova",
                "Alba",
                "Vaslui",
                "Dambovita",
                "Caras Severin",
                "Bucharest Sector 1 to 6",
                "Harghita",
                "Cluj",
                "Arges",
                "Botosani",
                "Covasna",
                "Teleorman",
                "Timis",
                "Brasov",
                "Calarasi, Giurgiu, Ialomita, Ilfov",
                "Maramures",
                "Mures",
                "Bacau",
                "Buzau",
                "Satu Mare",
                "Salaj",
                "Sibiu",
                "Tulcea"
            ]
        },
        "Education": {
            "probs": [
                0.21417489930978575,
                0.21317323841625765,
                0.5010913444851579,
                0.07156051778879864
            ],
            "uniqVals": [
                "University completed",
                "Primary completed",
                "Secondary completed",
                "Less than primary completed"
            ]
        },
        "Religion": {
            "probs": [
                0.027301082958486978,
                0.00011647219692187278,
                0.002798826892032603,
                0.9688320401037068,
                0.0009515778488517006
            ],
            "uniqVals": [
                "Other",
                "Jewish",
                "Muslim",
                "Christian",
                "No religion"
            ]
        },
        "Age": {
            "probs": [
                0.010109654968628772,
                0.009821602951123389,
                0.009663530662564052,
                0.009617054001439125,
                0.00934134411949914,
                0.009672051383770289,
                0.01000740631415393,
                0.010333156067905089,
                0.010634892880075034,
                0.01093761086620206,
                0.011266149219620712,
                0.01141012358763882,
                0.011276683929475695,
                0.010969266636501593,
                0.01067914898961288,
                0.010362436364413792,
                0.010153188107882453,
                0.010135475335920399,
                0.010245366819113559,
                0.01035112704354006,
                0.010498974466651913,
                0.010607161805603827,
                0.010628231225313794,
                0.010621466289083389,
                0.010629573884412958,
                0.01056703695483264,
                0.010832470330590557,
                0.011603879623795185,
                0.012655749746521457,
                0.013673072217811532,
                0.014824867161956396,
                0.015365907138185133,
                0.014927374020104155,
                0.013902253797892008,
                0.012978504337666785,
                0.011929887581219259,
                0.011503231832092425,
                0.012111301481810225,
                0.013355739903797443,
                0.014458579431557386,
                0.015614867119610994,
                0.016378840147035632,
                0.016462962903671753,
                0.0161137682564198,
                0.015819674272968175,
                0.015428289145561703,
                0.015258649332455717,
                0.015500844377651172,
                0.015952081116439632,
                0.016322086979728638,
                0.016792275868109153,
                0.016653413932814786,
                0.015563019822089408,
                0.013920689540138228,
                0.012383396512329382,
                0.010717672977611987,
                0.009817213488683812,
                0.010160469451458692,
                0.011286650591250265,
                0.012257548042149995,
                0.01326216689273259,
                0.013971968789579396,
                0.014129266467119986,
                0.013907779356492414,
                0.013761481155418061,
                0.013626750478890353,
                0.013311328872055847,
                0.012773542262105857,
                0.01207887110049194,
                0.011357450038363902,
                0.010610983219962988,
                0.00983828290839378,
                0.00906098657144666,
                0.008303055509968264,
                0.007526740346978229,
                0.006691193261421201,
                0.006135745520243737,
                0.006010155253737267,
                0.006147467966994135,
                0.006254261006112301,
                0.006416929320049547,
                0.006341378925354249,
                0.0058603454827112515,
                0.005123948607554069,
                0.004452154291360536,
                0.003784026467322415,
                0.0031823086279583563,
                0.0027115516914974257,
                0.0023330251070021843,
                0.0019008437992749435,
                0.0015364151353209302,
                0.0012816197508871622,
                0.0009996096993280198,
                0.0006898169325630878,
                0.00046956919956551556,
                0.00037119360018441944,
                0.0002966243794462027,
                0.00020769903449384183,
                0.00010431428385817018,
                5.210550119450183e-05,
                5.8095826406159134e-05
            ],