{
    "avail_var": [
        "Home location",
        "Age",
        "Sex",
        "Marital status",
        "Education",
        "Employment"
    ],
    "marginals": {
        "Employment": {
            "probs": [
                0.08691316111436588,
                0.9130868388856341
            ],
            "uniqVals": [
                "Unemployed",
                "Employed"
            ]
        },
        "Home location": {
            "probs": [
                0.007685425815486354,
                0.016323914534793472,
                0.03041706099435673,
                0.009840249298555717,
                0.008972589287751,
                0.003683729997780081,
                0.007090943788205276,
                0.01624045893901232,
                0.05340768670546796,
                0.006840577000861818,
                0.018494872766380524,
                0.01932831598291497,
                0.010938803124354957,
                0.015228142562186938,
                0.0133334223526355,
                0.0012949526612042197,
                0.004516338658356715,
                0.005774849042736498,
                0.012684416002777402,
                0.029424495775199556,
                0.008749484661696052,
                0.007366625439602351,
                0.009479721124781139,
                0.0037429834707846995,
                0.018145193820057495,
                0.008959236392426016,
                0.005800998462747926,
                0.0019556427944716786,
                0.005195667208015298,
                0.009072179632049843,
                0.007467884895816816,
                0.007226420038690015,
                0.0025693196087824216,
                0.007638134311210368,
                0.024280571036568572,
                0.004331067235722556,
                0.018787245536933832,
                0.007223081814858768,
                0.025031115027960408,
                0.0023921155604071077,
                0.00720750343697962,
                0.005629079935438751,
                0.011048129954828267,
                0.001259623125656865,
                0.004504098504308812,
                0.009426865914119741,
                0.011860987457736696,
                0.03445046993845984,
                0.0030380618717532294,
                0.008507463433930709,
                0.004617876299890451,
                0.008491606870732289,
                0.0064647486345273605,
                0.006887590319818534,
                0.008600099145247788,
                0.023488299247286164,
                0.0012340300762839782,
                0.01353594126506443,
                0.005813238616795828,
                0.004474610860466139,
                0.020269973288645642,
                0.0061656994163115635,
                0.01741440098633387,
                0.002842219406986791,
                0.004500482095158295,
                0.007016390122640779,
                0.006855599008102425,
                0.009904788292626476,
                0.01801611583191598,
                0.008500508800948946,
                0.006380458482788396,
                0.01733901276481156,
                0.0017030505245740565,
                0.0910227928359491,
                0.010187424577005312,
                0.004815666061891782,
                0.01339351038159793,
                0.034922828610581165,
                0.027871387137712304,
                0.027413494102193046,
                0.005987938997297708
            ],
            "uniqVals": [
                "Lipetsk Oblast",
                "Irkutsk Oblast",
                "Sverdlovsk Oblast",
                "Vladimir Oblast",
                "Tver Oblast",
                "Republic of Khakassia",
                "Tambov Oblast",
                "Altai Krai",
                "Moscow Oblast",
                "Kaliningrad Oblast",
                "Novosibirsk Oblast",
                "Kemerovo Oblast",
                "Udmurtia Republic",
                "Voronezh Oblast",
                "Omsk Oblast",
                "Magadan Oblast",
                "Republic of Karelia",
                "Amur Oblast",
                "Leningrad Oblast",
                "Rostov Oblast",
                "Ulyanovsk Oblast",
                "Ryazan Oblast",
                "Kirov Oblast",
                "Sakhalin Oblast",
                "Volgograd Oblast",
                "Tyumen Oblast",
                "Murmansk Oblast",
                "Republic of Kalmykia",
                "Oryol Oblast",
                "Yaroslavskaya Oblast",
                "Tomsk Oblast",
                "Kursk Oblast",
                "Republic of Ingushetia",
                "Chechen Republic",
                "Nizhny Novgorod Oblast",
                "Yamalo-Nenets Autonomous District",
                "Stavropol Krai",
                "Ivanovo Oblast",
                "Chelyabinsk Oblast",
                "Kamchatka Krai",
                "Zabaykalsky Krai, Aginsky Buryat District",
                "Kabardino-Balkaria Republic",
                "Tula Oblast",
                "Altai Republic",
                "Pskov Oblast",
                "Penza Oblast",
                "Khanty-Mansi Autonomous District - Yugra",
                "City of Federal Importance St. Petersburg",
                "Karachay-Cherkess Republic",
                "Arkhangelsk Oblast",
                "Kostroma Oblast",
                "Vologda Oblast",
                "Astrakhan Oblast",
                "Smolensk Oblast",
                "Bryansk Oblast",
                "Samara Oblast",
                "Jewish Autonomous Region",
                "Orenburg Oblast",
                "Kurgan Oblast",
                "Novgorod Oblast",
                "Krasnoyarsk Krai",
                "Republic of Buryatia",
                "Republic of Dagestan",
                "Republic of Adygea",
                "Republic of North Ossetia-Alania",
                "Kaluga Oblast",
                "Republic of Sakha (Yakutia)",
                "Khabarovsk Krai",
                "Perm Krai",
                "Chuvash Republic",
                "Komi Republic",
                "Saratov Oblast",
                "Tyva Republic",
                "City of Federal Importance Moscow",
                "Belgorod Oblast",
                "Mari El Republic",
                "Primorsky Krai",
                "Krasnodar Krai",
                "Republic of Tatarstan",
                "Republic of Bashkortostan",
                "Republic of Mordovia"
            ]
        },
        "Education": {
            "probs": [
                0.30208477641967707,
                0.05517527622411277,
                0.6347994256029528,
                0.00794052175325741
            ],
            "uniqVals": [
                "University completed",
                "Primary completed",
                "Secondary completed",
                "Less than primary completed"
            ]
        },