{
    "avail_var": [
        "Age",
        "Sex",
        "Marital status",
        "Religion",
        "Education",
        "Employment"
    ],
    "marginals": {
        "Employment": {
            "probs": [
                0.025152432814133815,
                0.9748475671858662
            ],
            "uniqVals": [
                "Unemployed",
                "Employed"
            ]
        },
        "Education": {
            "probs": [
                0.017460856339711294,
                0.2578823721126034,
                0.04076372574315241,
                0.6838930458045329
            ],
            "uniqVals": [
                "University completed",
                "Primary completed",
                "Secondary completed",
                "Less than primary completed"
            ]
        },
        "Religion": {
            "probs": [
                0.002523119542633659,
                0.020021999212373878,
                0.9506049783402817,
                0.02684990290471082
            ],
            "uniqVals": [
                "Other",
                "Muslim",
                "Christian",
                "No religion"
            ]
        },
        "Age": {
            "probs": [
                0.002580154537677046,
                5.7034995043387336e-5,
                0.00043726829533263626,
                0.018712910278520893,
                0.01299311506131262,
                0.00015752522440554598,
                0.03547576691698692,
                0.010233707682070641,
                0.018568964814839963,
                0.032892896427164954,
                0.008739934002362879,
                0.0032075394831543066,
                0.007425413164220046,
                0.00029603878379662953,
                0.001303657029563139,
                8.14785643476962e-6,
                0.00905498445117397,
                0.028376268010157663,
                8.41945164926194e-5,
                0.028373552058012737,
                0.003394940181154008,
                0.0007278751748394193,
                0.0034275316068930867,
                0.014207145670093293,
                0.024745039992395333,
                0.022678200410108772,
                0.0019419057836200927,
                1.3579760724616033e-5,
                0.03499775933948044,
                0.023672238895150667,
                0.00026073140591262783,
                0.01369654666684773,
                0.004397126522630671,
                0.00399788155732696,
                0.013253846467225248,
                0.015581417455424436,
                0.00023628783660831895,
                0.020567905593503442,
                0.013873083556267738,
                0.002064123630141637,
                0.00017653688942000843,
                0.003628512065617404,
                5.431904289846413e-6,
                8.14785643476962e-6,
                1.629571286953924e-5,
                0.04253181058949741,
                0.011534648759488857,
                0.012585722239574139,
                0.032952647374353265,
                0.01628756501310447,
                0.00099947038933174,
                0.02065210010999606,
                0.0008202175477668083,
                0.0008120696913320387,
                5.7034995043387336e-5,
                0.014462445171716075,
                0.0003693694917095561,
                0.0011624275180271324,
                0.009761132008854005,
                0.024845530221757492,
                0.0003775173481443257,
                0.00015752522440554598,
                0.00485340648297777,
                0.0005920775675932591,
                0.020570621545648364,
                0.0014693301104034546,
                0.02005730659025788,
                0.014256032808701911,
                0.0013878515460557584,
                0.0011216882358532842,
                8.147856434769619e-5,
                1.0863808579692826e-5,
                0.00039652901315878814,
                0.011675878271024865,
                0.00700444058175695,
                0.02611387987343663,
                0.00042912043889786663,
                0.020299026331156045,
                0.010673691929548201,
                0.03328670948817882,
                0.00041282472602832736,
                0.03506022623881367,
                0.0013090889338529855,
                0.00011406999008677467,
                9.234237292738902e-5,
                0.012813862219747688,
                0.0026127459634161247,
                0.03833838047773598,
                0.0005105990032455628,
                0.031162834910848872,
                0.004473173182688521,
                0.036773992042260215,
                0.010054454840505711,
                8.14785643476962e-6,
                0.014516764214614538,
                0.006548160621409851
            ],
            "uniqVals": [
                68,
                89,
                11,
                39,
                46,
                85,
                25,
                55,
                42,
                29,
                58,
                66,
                59,
                8,
                74,
                95,
                57,
                20,
                90,
                31,
                14,
                78,
                70,
                52,
                33,
                18,
                69,
                96,
                26,
                35,
                83,
                17,
                64,
                65,
                49,
                44,
                84,
                37,
                45,
                13,
                86,
                67,
                99,
                93,
                94,
                30,
                54,
                47,
                32,
                50,
                77,
                40,
                80,
                82,
                91,
                43,
                9,
                75,
                60,
                34,
                7,
                87,
                61,
                79,
                38,
                71,
                36,
                48,
                76,
                12,
                100,
                98,
                81,
                16,
                62,
                21,
                10,
                19,
                51,
                22,
                6,
                24,
                73,
                88,
                92,
                53,
                72,
                28,
                5,
                23,
                63,
                27,
                56,
                97,
                41,
                15
            ]
        },
        "Marital status": {
            "probs": [
                0.06692106085090781,
                0.6279308518583903,
                0.026279552954276947,
                0.278868534336425
            ],
            "uniqVals": [
                "Widowed",
                "Married/in union",
                "Separated/divorced/spouse absent",
                "Single/never married"
            ]
        },
        "Sex": {
            "probs": [
                0.5099879140129551,
                0.49001208598704493
            ],
            "uniqVals": [
                "Female",
                "Male"
            ]
        }
    },
    "pop_num": 12952000,