{
    "avail_var": [
        "Age",
        "Sex",
        "Marital status",
        "Religion",
        "Education",
        "Employment"
    ],
    "marginals": {
        "Employment": {
            "probs": [
                0.025152432814133815,
                0.9748475671858662
            ],
            "uniqVals": [
                "Unemployed",
                "Employed"
            ]
        },
        "Education": {
            "probs": [
                0.017460856339711294,
                0.2578823721126034,
                0.04076372574315241,
                0.6838930458045329
            ],
            "uniqVals": [
                "University completed",
                "Primary completed",
                "Secondary completed",
                "Less than primary completed"
            ]
        },
        "Religion": {
            "probs": [
                0.002523119542633659,
                0.020021999212373878,
                0.9506049783402817,
                0.02684990290471082
            ],
            "uniqVals": [
                "Other",
                "Muslim",
                "Christian",
                "No religion"
            ]
        },
        "Age": {
            "probs": [
                0.031316380899312254,
                0.030172398090495104,
                0.02918957866111325,
                0.028349311606661886,
                0.027394131498863782,
                0.026957842035812644,
                0.026558616190243432,
                0.0261828322907739,
                0.025816789470257957,
                0.025473000659383935,
                0.02516397878884018,
                0.024744637219253,
                0.024148609900515868,
                0.023441074946277556,
                0.022751675821960957,
                0.022052139639871522,
                0.0214009920694946,
                0.02083973169108774,
                0.020337472156749328,
                0.01983402468595316,
                0.01935568227229753,
                0.018846374314976443,
                0.018276798381365304,
                0.01768615637456999,
                0.0171176099858889,
                0.016531561333396904,
                0.01611396207061443,
                0.015951769146249076,
                0.015944245548683303,
                0.01590559801592437,
                0.015875186842605866,
                0.01572693237267816,
                0.015379738143958578,
                0.01489086269371086,
                0.014418459962344001,
                0.01395468956923682,
                0.013384242482223325,
                0.0126729061313202,
                0.011876751117333438,
                0.011081071277929773,
                0.010263533407703437,
                0.009547762094024697,
                0.009002420064151738,
                0.008574366960541029,
                0.00815272871380219,
                0.007772589047320896,
                0.00737771896876345,
                0.006933272342035735,
                0.00648051016010374,
                0.006062198135446614,
                0.0056299476563518415,
                0.005399883962366807,
                0.0054710017583043495,
                0.005721735546654305,
                0.005954095917790996,
                0.006234686509112503,
                0.006295192072694109,
                0.005990763556453671,
                0.005455558584353547,
                0.004962881737441018,
                0.0044508019283851724,
                0.00402789654942473,
                0.003773044581354562,
                0.0036239189580245033,
                0.0034435902037374387,
                0.0032650037562550797,
                0.0030586195956612766,
                0.002797669553774637,
                0.0025077338623187982,
                0.002237121937242426,
                0.001971657736816321,
                0.001747216942064656,
                0.0015852616049908538,
                0.0014652008269938448,
                0.0013490206414254985,
                0.0012486004128633562,
                0.0011319450527119085,
                0.000980681143757893,
                0.0008131029074507217,
                0.0006607302578028023,
                0.0005113670471811932,
                0.0004040567871640774,
                0.00035931118058867484,
                0.0003551930008684608,
                0.00035186677878674944,
                0.00036065750857412944,
                0.0003463230753172306,
                0.0002881933846511324,
                0.0002046418537890976,
                0.00011111165668192877,
                4.854700324021549e-05,
                2.597621054288855e-05,
                1.5839152770053994e-05,
                1.4017650201497782e-05,
                1.8690200268663712e-05,
                1.7027089227808042e-05,
                1.4017650201497782e-05,
                9.820274717433476e-06,
                4.197375484064308e-06,
                1.2671322216043195e-06,
                3.9597881925134986e-07
            ],
            "uniqVals": [
                0,
                1,
                2,
                3,
                4,
                5,
                6,
                7,
                8,
                9,
                10,
                11,
                12,
                13,
                14,
                15,
                16,
                17,
                18,
                19,
                20,
                21,
                22,
                23,
                24,
                25,
                26,
                27,
                28,
                29,
                30,
                31,
                32,
                33,
                34,
                35,
                36,
                37,
                38,
                39,
                40,
                41,
                42,
                43,
                44,
                45,
                46,
                47,
                48,
                49,
                50,
                51,
                52,
                53,
                54,
                55,
                56,
                57,
                58,
                59,
                60,
                61,
                62,
                63,
                64,
                65,
                66,
                67,
                68,
                69,
                70,
                71,
                72,
                73,
                74,
                75,
                76,
                77,
                78,
                79,
                80,
                81,
                82,
                83,
                84,
                85,
                86,
                87,
                88,
                89,
                90,
                91,
                92,
                93,
                94,
                95,
                96,
                97,
                98,
                99,
                100
            ]
        },
        "Marital status": {
            "probs": [
                0.06692106085090781,
                0.6279308518583903,
                0.026279552954276947,
                0.278868534336425
            ],
            "uniqVals": [
                "Widowed",
                "Married/in union",
                "Separated/divorced/spouse absent",
                "Single/never married"
            ]
        },
        "Sex": {
            "probs": [
                0.5099879140129551,
                0.49001208598704493
            ],
            "uniqVals": [
                "Female",
                "Male"
            ]
        }
    },
    "pop_num": 12952000,