{
    "avail_var": [
        "Home location",
        "Age",
        "Sex",
        "Marital status",
        "Education",
        "Employment"
    ],
    "marginals": {
        "Employment": {
            "probs": [
                0.15744601414231518,
                0.8425539858576848
            ],
            "uniqVals": [
                "Unemployed",
                "Employed"
            ]
        },
        "Home location": {
            "probs": [
                0.023457350044852488,
                0.021860576417113104,
                0.12103155710799177,
                0.028313446224623263,
                0.05237655542915562,
                0.0667111850578572,
                0.09532531835243531,
                0.05149579288674622,
                0.012458467598462487,
                0.2704655136988018,
                0.0714701843712884,
                0.054148103416306256,
                0.020189883884676487,
                0.09464250813107952,
                0.016053557378610125
            ],
            "uniqVals": [
                "Nahr El Nil",
                "Sinnar",
                "North Kordofan",
                "White Nile",
                "Al Gezira",
                "Kassala",
                "North Darfur",
                "South Kordofan",
                "Northern",
                "South Darfur",
                "Red Sea",
                "West Darfur",
                "Al Gedarif",
                "Khartoum",
                "Blue Nile"
            ]
        },
        "Education": {
            "probs": [
                0.03647897946808457,
                0.09964957427722346,
                0.008970497586986264,
                0.8549009486677057
            ],
            "uniqVals": [
                "University completed",
                "Primary completed",
                "Secondary completed",
                "Less than primary completed"
            ]
        },
        "Age": {
            "probs": [
                0.030370747252771373,
                0.029727791897632028,
                0.029129729200340532,
                0.028571233705127222,
                0.028090938323584357,
                0.02759798330595745,
                0.027126213325098493,
                0.02667077007048077,
                0.026226795231577556,
                0.025791602723241873,
                0.02536252981758889,
                0.02492367021909602,
                0.02446570438016634,
                0.023990384095460938,
                0.023511046361666132,
                0.023027831322354808,
                0.022511121969123703,
                0.0219484688812481,
                0.02135199447778265,
                0.020749003398177993,
                0.02013730005979225,
                0.01951211958114729,
                0.018874933469758427,
                0.018229268672209947,
                0.01758666367600282,
                0.016956251170636778,
                0.016306195207804536,
                0.015625541231558827,
                0.014937436288688002,
                0.01426647557623358,
                0.01359630901069218,
                0.013024710091414015,
                0.012599187489607477,
                0.01227223253406417,
                0.011949995745474697,
                0.01165263444107251,
                0.011336190253495663,
                0.01096976152492277,
                0.01057591137058849,
                0.010208221349859622,
                0.00985599383667252,
                0.009515608455394295,
                0.009190545438084953,
                0.008878562487578314,
                0.008571087488666179,
                0.008266625576571094,
                0.007979891826446104,
                0.007716328480371618,
                0.007467853925644538,
                0.007223303390958267,
                0.006987792116723152,
                0.006736070902557541,
                0.006455363326066654,
                0.006158142165237353,
                0.0058695398341405474,
                0.005584441092365895,
                0.005312539203704685,
                0.005061215062995586,
                0.00482540014435255,
                0.004591407092157035,
                0.004360543913089308,
                0.0041406820044931425,
                0.00393390016269968,
                0.0037367415129110648,
                0.003544487888173463,
                0.0033589144404101,
                0.00317037462035398,
                0.002973846616643352,
                0.0027738617381348665,
                0.002580393535765585,
                0.0023920172165444995,
                0.0022086393514230184,
                0.002031404446246379,
                0.001860359215538876,
                0.001694546011552455,
                0.0015343852650057733,
                0.0013819557722299762,
                0.001238285252759561,
                0.001102999990400165,
                0.0009747686212093701,
                0.0008538480750708009,
                0.0007416397877133185,
                0.000638657618904172,
                0.0005445745669732938,
                0.0004579191244053795,
                0.00037836428953036183,
                0.0003089698636895873,
                0.00025092706725258823,
                0.00020246074829614023,
                0.0001562600837680178,
                0.0001211074042357507,
                9.744649768014502e-05,
                7.413595005675463e-05,
                5.075533064692118e-05,
                3.4755606075756424e-05,
                2.753821207212152e-05,
                2.190911189452925e-05,
                1.5672722901097153e-05,
                8.758973305382164e-06,
                4.41452254591261e-06,
                6.166317206989043e-06
            ],
            "uniqVals": [
                0,
                1,
                2,
                3,
                4,
                5,
                6,
                7,
                8,
                9,
                10,
                11,
                12,
                13,
                14,
                15,
                16,
                17,
                18,
                19,
                20,
                21,
                22,
                23,
                24,
                25,
                26,
                27,
                28,
                29,
                30,
                31,
                32,
                33,
                34,
                35,
                36,
                37,
                38,
                39,
                40,
                41,
                42,
                43,
                44,
                45,
                46,
                47,
                48,
                49,
                50,
                51,
                52,
                53,
                54,
                55,
                56,
                57,
                58,
                59,
                60,
                61,
                62,
                63,
                64,
                65,
                66,
                67,
                68,
                69,
                70,
                71,
                72,
                73,
                74,
                75,
                76,
                77,
                78,
                79,
                80,
                81,
                82,
                83,
                84,
                85,
                86,
                87,
                88,
                89,
                90,
                91,
                92,
                93,
                94,
                95,
                96,
                97,
                98,
                99,
                100
            ]
        },