{
    "avail_var": [
        "Home location",
        "Age",
        "Sex",
        "Marital status",
        "Education",
        "Employment"
    ],
    "marginals": {
        "Employment": {
            "probs": [
                0.15744601414231518,
                0.8425539858576848
            ],
            "uniqVals": [
                "Unemployed",
                "Employed"
            ]
        },
        "Home location": {
            "probs": [
                0.023457350044852488,
                0.021860576417113104,
                0.12103155710799177,
                0.028313446224623263,
                0.05237655542915562,
                0.0667111850578572,
                0.09532531835243531,
                0.05149579288674622,
                0.012458467598462487,
                0.2704655136988018,
                0.0714701843712884,
                0.054148103416306256,
                0.020189883884676487,
                0.09464250813107952,
                0.016053557378610125
            ],
            "uniqVals": [
                "Nahr El Nil",
                "Sinnar",
                "North Kordofan",
                "White Nile",
                "Al Gezira",
                "Kassala",
                "North Darfur",
                "South Kordofan",
                "Northern",
                "South Darfur",
                "Red Sea",
                "West Darfur",
                "Al Gedarif",
                "Khartoum",
                "Blue Nile"
            ]
        },
        "Education": {
            "probs": [
                0.03647897946808457,
                0.09964957427722346,
                0.008970497586986264,
                0.8549009486677057
            ],
            "uniqVals": [
                "University completed",
                "Primary completed",
                "Secondary completed",
                "Less than primary completed"
            ]
        },
        "Age": {
            "probs": [
                0.0009703422320001203,
                4.3850197701748495e-5,
                0.01678898783720802,
                0.009704675182792681,
                0.004950060889131666,
                0.0004798464491362764,
                0.04823834962890204,
                0.014084057070405878,
                0.013043554522082959,
                0.011643480352605705,
                0.0028082919470991214,
                0.0011219386297690221,
                0.0012948336949930592,
                0.0003006870699548468,
                0.0002273945966533529,
                0.0031847772159384192,
                0.05220616608951454,
                0.0003551866013841628,
                0.02195642042066121,
                0.00999596578181144,
                0.00028126769668692964,
                0.008124188771342517,
                0.006097056774730258,
                0.036587978530943206,
                0.013349879474599459,
                0.00036145091534155546,
                0.01683158517211829,
                0.04579526718551891,
                0.000220503851300221,
                0.007616152909397975,
                0.021541722836681817,
                0.0009985316448083872,
                0.003674646567406524,
                0.005468746084803777,
                0.00010398761169271786,
                0.018578075903439357,
                0.030264153590955332,
                0.020768080062943825,
                6.0137413990969365e-5,
                0.001204627574006605,
                3.883874653583438e-5,
                1.4407922102003077e-5,
                0.061546884631382706,
                0.007250316974286244,
                0.003178512901981027,
                0.02045047934530402,
                0.02907330750765499,
                0.002100424469913753,
                0.050016788361405815,
                0.00039841036769017207,
                0.00047546142936610153,
                5.2620237242098194e-5,
                0.0077520885222733945,
                0.0027945104563928576,
                0.018326250482352174,
                0.00923798379296693,
                0.00012152769077341726,
                0.0012929544008058414,
                9.521757215236816e-5,
                0.01724127130493177,
                0.0004034218188560862,
                0.012139614018031201,
                0.00725407556266068,
                0.00028064126529119037,
                0.03412860887127085,
                0.00020609592919821793,
                0.024769723818926247,
                0.00246062252246383,
                0.013827220198152778,
                0.04085397633592759,
                0.014613391599805556,
                0.0031684899996491985,
                0.027846754834797514,
                7.830392446740803e-5,
                0.016121838400745703,
                0.0007617405772189453,
                4.760878607618408e-5,
                0.0037184967651082723,
                0.0011175536099988473,
                0.02386515688347875,
                0.01933292573530517,
                0.0022607909072230046,
                0.023849496098585266,
                0.0033745859288474163,
                0.034686759244874535,
                0.0060469422630711174
            ],
            "uniqVals": [
                68,
                89,
                11,
                39,
                46,
                85,
                25,
                55,
                42,
                29,
                58,
                66,
                59,
                74,
                95,
                57,
                20,
                90,
                14,
                31,
                78,
                70,
                52,
                18,
                33,
                69,
                26,
                35,
                83,
                65,
                17,
                64,
                49,
                44,
                84,
                37,
                45,
                13,
                86,
                67,
                93,
                94,
                30,
                47,
                54,
                32,
                50,
                80,
                40,
                77,
                82,
                91,
                43,
                75,
                60,
                34,
                87,
                61,
                79,
                38,
                71,
                36,
                48,
                76,
                12,
                81,
                16,
                62,
                21,
                10,
                19,
                51,
                22,
                88,
                24,
                73,
                92,
                53,
                72,
                28,
                23,
                63,
                27,
                56,
                15,
                41
            ]
        },
        "Marital status": {
            "probs": [
                0.018145211808983527,
                0.5636203725512797,
                0.013330460101331543,
                0.40490395553840525
            ],
            "uniqVals": [
                "Widowed",
                "Married/in union",
                "Separated/divorced/spouse absent",
                "Single/never married"
            ]
        },
        "Sex": {
            "probs": [
                0.262675839292784,
                0.737324160707216
            ],
            "uniqVals": [
                "Female",
                "Male"
            ]
        }
    },
    "pop_num": 43849000,