{
    "avail_var": [
        "Home location",
        "Age",
        "Sex",
        "Marital status",
        "Religion",
        "Education",
        "Employment"
    ],
    "marginals": {
        "Employment": {
            "probs": [
                0.25724128722125783,
                0.7427587127787422
            ],
            "uniqVals": [
                "Unemployed",
                "Employed"
            ]
        },
        "Home location": {
            "probs": [
                0.03618907731339298,
                0.06440913339564695,
                0.1207904927226599,
                0.16196822005608225,
                0.09457337428228067,
                0.15315529443183334,
                0.27987181199092004,
                0.08904259580718386
            ],
            "uniqVals": [
                "Ziguinchor",
                "Tambacounda, Kedougou",
                "Thies",
                "Saint Louis, Louga, Matam",
                "Diourbel",
                "Kaolack, Fatick, Kaffrine",
                "Dakar",
                "Kolda, Sedhiou"
            ]
        },
        "Education": {
            "probs": [
                0.016044865803177995,
                0.20430231005474697,
                0.05530244358392309,
                0.7243503805581519
            ],
            "uniqVals": [
                "University completed",
                "Primary completed",
                "Secondary completed",
                "Less than primary completed"
            ]
        },
        "Religion": {
            "probs": [
                0.0013139270930698358,
                0.9573027106422753,
                0.040932033649352384,
                0.00045132861530244357
            ],
            "uniqVals": [
                "Other",
                "Muslim",
                "Christian",
                "No religion"
            ]
        },
        "Age": {
            "probs": [
                0.03217380664469776,
                0.03207071615124897,
                0.03183379210648364,
                0.031475920822082865,
                0.031063006577787117,
                0.030459436284000073,
                0.029789348076582987,
                0.029062989641491763,
                0.02829030184773755,
                0.027481409654498346,
                0.026646376657563205,
                0.02579526645272117,
                0.0249382653625392,
                0.02408543698280635,
                0.023230706338015814,
                0.0223681211794387,
                0.02158776296206479,
                0.020931849697496903,
                0.020362397447970294,
                0.019798222449894032,
                0.019254236006784827,
                0.018716140449015553,
                0.01816798129545723,
                0.01761859487411976,
                0.017093017447697836,
                0.01658676948879756,
                0.016086412415237217,
                0.015588080333512474,
                0.015095148230016002,
                0.014609886550139228,
                0.014125668047874735,
                0.013669185797419083,
                0.01325185338911838,
                0.012857532251676787,
                0.012466033830127241,
                0.012090244436150841,
                0.011668064320122492,
                0.011169548148230875,
                0.010627034426456653,
                0.010101211546478901,
                0.009578088655615285,
                0.00909773604685512,
                0.008685803616782692,
                0.008322348263986772,
                0.007961470173527073,
                0.007611514766301829,
                0.007274936577869344,
                0.006947992441503202,
                0.0066320323517604736,
                0.006331597199424019,
                0.006045336989936772,
                0.0057703676440177265,
                0.005505523257276685,
                0.005250987919880524,
                0.005007559355885688,
                0.004774685294791562,
                0.004550770288485246,
                0.0043350166129102925,
                0.004127608358233574,
                0.00392701143973115,
                0.003730648595066801,
                0.003549012963752278,
                0.003385909075902953,
                0.00323483241228932,
                0.0030880511859027186,
                0.0029505971946376746,
                0.002794979640241178,
                0.00260782130392047,
                0.0024030516749689286,
                0.002206136559803961,
                0.0020095282615837816,
                0.0018362994145564515,
                0.0016997658741257711,
                0.0015877776892781346,
                0.0014758508678194555,
                0.0013704899289792409,
                0.0012581949271868165,
                0.0011303749879881166,
                0.0009948232617807582,
                0.0008685987706949564,
                0.0007488174354497035,
                0.0006373201577137277,
                0.0005366841998232489,
                0.0004461118377218179,
                0.0003607553636817837,
                0.0002806147777031463,
                0.0002136673203503948,
                0.00016279707090453686,
                0.00012475176975081922,
                8.817918993208423e-05,
                6.185429606926994e-05,
                4.60225417182068e-05,
                3.221577920274476e-05,
                1.975901124435012e-05,
                1.110677340132724e-05,
                7.793150397616353e-06,
                5.95224872888808e-06,
                3.98862028224459e-06,
                1.779538279770663e-06,
                6.136338895760907e-07,
                3.0681694478804533e-07
            ],
            "uniqVals": [
                0,
                1,
                2,
                3,
                4,
                5,
                6,
                7,
                8,
                9,
                10,
                11,
                12,
                13,
                14,
                15,
                16,
                17,
                18,
                19,
                20,
                21,
                22,
                23,
                24,
                25,
                26,
                27,
                28,
                29,
                30,
                31,
                32,
                33,
                34,
                35,
                36,
                37,
                38,
                39,
                40,
                41,
                42,
                43,
                44,
                45,
                46,
                47,
                48,
                49,
                50,
                51,
                52,
                53,
                54,
                55,
                56,
                57,
                58,
                59,
                60,
                61,
                62,
                63,
                64,
                65,
                66,
                67,
                68,
                69,
                70,
                71,
                72,
                73,
                74,
                75,
                76,
                77,
                78,
                79,
                80,
                81,
                82,
                83,
                84,
                85,
                86,
                87,
                88,
                89,
                90,
                91,
                92,
                93,
                94,
                95,
                96,
                97,
                98,
                99,
                100
            ]
        },