{
    "avail_var": [
        "Home location",
        "Age",
        "Sex",
        "Marital status",
        "Religion",
        "Education",
        "Employment"
    ],
    "marginals": {
        "Employment": {
            "probs": [
                0.25724128722125783,
                0.7427587127787422
            ],
            "uniqVals": [
                "Unemployed",
                "Employed"
            ]
        },
        "Home location": {
            "probs": [
                0.03618907731339298,
                0.06440913339564695,
                0.1207904927226599,
                0.16196822005608225,
                0.09457337428228067,
                0.15315529443183334,
                0.27987181199092004,
                0.08904259580718386
            ],
            "uniqVals": [
                "Ziguinchor",
                "Tambacounda, Kedougou",
                "Thies",
                "Saint Louis, Louga, Matam",
                "Diourbel",
                "Kaolack, Fatick, Kaffrine",
                "Dakar",
                "Kolda, Sedhiou"
            ]
        },
        "Education": {
            "probs": [
                0.016044865803177995,
                0.20430231005474697,
                0.05530244358392309,
                0.7243503805581519
            ],
            "uniqVals": [
                "University completed",
                "Primary completed",
                "Secondary completed",
                "Less than primary completed"
            ]
        },
        "Religion": {
            "probs": [
                0.0013139270930698358,
                0.9573027106422753,
                0.040932033649352384,
                0.00045132861530244357
            ],
            "uniqVals": [
                "Other",
                "Muslim",
                "Christian",
                "No religion"
            ]
        },
        "Age": {
            "probs": [
                0.0025237014287621843,
                8.545867271998931e-5,
                0.005819201495526773,
                0.01672052343437041,
                0.012597142475630926,
                0.00025637601815996794,
                0.038541861396715185,
                0.012116437441580986,
                0.002825477366804647,
                0.022801442115102148,
                0.00735745760448658,
                0.013491787955668313,
                0.005725731072239284,
                0.005861930831886767,
                0.0009881159033248764,
                6.943517158499132e-5,
                0.007453598611296569,
                0.03602884230204299,
                0.00017091734543997863,
                0.021888102550407264,
                0.012306048871678462,
                0.0007504339698224062,
                0.004048604620109494,
                0.008492455601548939,
                0.02590733075176926,
                0.025343837628521833,
                0.001407397516357324,
                2.136466817999733e-5,
                0.026858058485779143,
                0.03296034183469088,
                0.00043263453064494594,
                0.0026625717719321674,
                0.017316063559887837,
                0.004446521564961945,
                0.009947923621311257,
                0.011382026972893576,
                0.0001655761783949793,
                0.0191828014421151,
                0.021490185605554813,
                0.010829216183736147,
                0.00020830551475497396,
                0.0021818667378822273,
                0.00020830551475497396,
                6.142342101749232e-5,
                1.0682334089998664e-5,
                0.04417679262918948,
                0.011633061824008546,
                0.008182667912938977,
                0.020924021898784884,
                0.022614501268527175,
                0.0006809987982374149,
                0.030829216183736147,
                0.0010842569101348644,
                0.0002456936840699693,
                4.807050340499399e-5,
                0.01735612231272533,
                0.004342368807584457,
                0.0013726799305648284,
                0.011010815863266124,
                0.01928962478301509,
                0.0055094138069168115,
                0.0001655761783949793,
                0.005800507410869275,
                0.0004032581118974496,
                0.019425824542662572,
                0.0016130324475897985,
                0.019463212711977568,
                0.011884096675123515,
                0.0009160101482173855,
                0.009376418747496328,
                8.545867271998931e-5,
                0.0003818934437174523,
                1.6023501134997996e-5,
                0.01656028842302043,
                0.003720122846842035,
                0.019722259313660034,
                0.009245560154893844,
                0.017332087061022832,
                0.011224462545066097,
                0.021682467619174788,
                0.00535986112965683,
                0.024766991587661904,
                0.001992255307784751,
                0.00010682334089998664,
                2.670583522499666e-5,
                0.013203364935238349,
                0.0010281746561623714,
                0.02871144345039391,
                0.024636132995059422,
                0.005552143143276806,
                0.029469889170783817,
                0.00903191347309387,
                1.335291761249833e-5,
                0.019225530778475098,
                0.016611029509947924
            ],
            "uniqVals": [
                68,
                89,
                11,
                39,
                46,
                85,
                25,
                55,
                66,
                29,
                58,
                42,
                59,
                8,
                74,
                95,
                57,
                20,
                90,
                31,
                14,
                78,
                70,
                52,
                18,
                33,
                69,
                96,
                26,
                35,
                83,
                64,
                17,
                65,
                49,
                44,
                84,
                37,
                45,
                13,
                86,
                67,
                99,
                93,
                94,
                30,
                47,
                54,
                50,
                32,
                77,
                40,
                80,
                82,
                91,
                43,
                9,
                75,
                60,
                34,
                7,
                87,
                61,
                79,
                38,
                71,
                36,
                48,
                76,
                12,
                100,
                81,
                98,
                16,
                62,
                21,
                10,
                19,
                51,
                22,
                6,
                24,
                73,
                88,
                92,
                53,
                72,
                28,
                23,
                63,
                27,
                56,
                97,
                15,
                41
            ]
        },
        "Marital status": {
            "probs": [
                0.01590866604353051,
                0.595548137267993,
                0.018050474028575243,
                0.3704927226599012
            ],
            "uniqVals": [
                "Widowed",
                "Married/in union",
                "Separated/divorced/spouse absent",
                "Single/never married"
            ]
        },