{
    "avail_var": [
        "Home location",
        "Age",
        "Sex",
        "Marital status",
        "Religion",
        "Education",
        "Employment"
    ],
    "marginals": {
        "Employment": {
            "probs": [
                0.03218170602660996,
                0.96781829397339
            ],
            "uniqVals": [
                "Unemployed",
                "Employed"
            ]
        },
        "Home location": {
            "probs": [
                0.05432324134022738,
                0.14099870109679588,
                0.03586276761668815,
                0.07684090692531056,
                0.027723308542169218,
                0.05979468302248256,
                0.09293426747375864,
                0.08714687636347224,
                0.06697626367233536,
                0.06828018194674998,
                0.0929091921223276,
                0.052949112081805826,
                0.10072768669852908,
                0.04253281109734753
            ],
            "uniqVals": [
                "Moyamba",
                "Western - urban",
                "Western - rural",
                "Kono",
                "Bonthe",
                "Koinadugu",
                "Bo",
                "Bombali",
                "Kailahun",
                "Tonkolili",
                "Port Loko",
                "Kambia",
                "Kenema",
                "Pujehun"
            ]
        },
        "Education": {
            "probs": [
                0.011319013635976108,
                0.17214730264444655,
                0.01313948414987036,
                0.8033941995697069
            ],
            "uniqVals": [
                "University completed",
                "Primary completed",
                "Secondary completed",
                "Less than primary completed"
            ]
        },
        "Religion": {
            "probs": [
                0.008901749758022858,
                0.7872908088806865,
                0.20211234760455168,
                0.0016950937567390006
            ],
            "uniqVals": [
                "Other",
                "Muslim",
                "Christian",
                "No religion"
            ]
        },
        "Age": {
            "probs": [
                0.003109343577450238,
                0.0003711152011795445,
                0.005993008992021023,
                0.011258832792541588,
                0.0076830876784738135,
                0.0029789517500087765,
                0.05986990907677571,
                0.015682124784978862,
                0.01472926143059895,
                0.01717661573026946,
                0.004874648318196179,
                0.0013039182744146159,
                0.0022467514882221072,
                0.001058179830390323,
                0.002216661066504847,
                0.0036359259575022944,
                0.04348065938144123,
                0.002046148676773705,
                0.01148451095542104,
                0.010516602390182499,
                0.001394189539566397,
                0.012477494872090633,
                0.012031153616617937,
                0.028129529235352235,
                0.008034142598508518,
                0.0012738278526973556,
                0.02051163747059915,
                0.05893710600354064,
                0.00021063295202082257,
                0.013570780194484426,
                0.013370177383036023,
                0.002231706277363477,
                0.005601833509696639,
                0.005285884081665405,
                0.00042126590404164513,
                0.013360147242463602,
                0.042161695896167986,
                0.008530634556843315,
                0.000496491958334796,
                0.002126389801353066,
                8.525619486557104e-5,
                0.00010531647601041128,
                0.061163797210617904,
                0.0062838830686212065,
                0.005260808730234354,
                0.023525694712611397,
                0.03121379746137142,
                0.00572721026685189,
                0.048044373341892384,
                0.0006168536452038375,
                0.0007572756132177193,
                0.00013540689772767166,
                0.009272864959202404,
                0.007698132889332444,
                0.022482560093079706,
                0.012056228968048987,
                0.00040622069318301495,
                0.001890681497901193,
                0.0005215673097658463,
                0.019884753684822894,
                0.0009478482840937015,
                0.016770395037086445,
                0.010902762802220673,
                0.0009979989869558022,
                0.011855626156600584,
                0.00039619055261059486,
                0.01382654877908114,
                0.003515564270633253,
                0.01635915927361722,
                0.015391250708378677,
                0.01728193220627987,
                0.0035807601843539836,
                0.024644055386436242,
                0.000245738444024293,
                0.01901213145502234,
                0.000732200261786669,
                0.00013039182744146159,
                0.003946860315247318,
                0.0016650033350217404,
                0.028024212759341822,
                0.017683137829176677,
                0.0016599882647355302,
                0.022482560093079706,
                0.005957903500017553,
                0.026083380558578527,
                0.006900736713825044
            ],
            "uniqVals": [
                68,
                89,
                11,
                39,
                46,
                85,
                25,
                55,
                42,
                29,
                58,
                66,
                59,
                74,
                95,
                57,
                20,
                90,
                31,
                14,
                78,
                70,
                33,
                18,
                52,
                69,
                26,
                35,
                83,
                65,
                17,
                64,
                49,
                44,
                84,
                37,
                45,
                13,
                86,
                67,
                93,
                94,
                30,
                47,
                54,
                32,
                50,
                80,
                40,
                77,
                82,
                91,
                43,
                75,
                60,
                34,
                87,
                61,
                79,
                38,
                71,
                36,
                48,
                76,
                12,
                81,
                16,
                62,
                21,
                10,
                19,
                51,
                22,
                88,
                24,
                73,
                92,
                53,
                72,
                28,
                23,
                63,
                27,
                56,
                15,
                41
            ]
        },
        "Marital status": {
            "probs": [
                0.043565915576306805,
                0.6674557043916971,
                0.02779351952617616,
                0.26118486050582
            ],
            "uniqVals": [
                "Widowed",
                "Married/in union",
                "Separated/divorced/spouse absent",
                "Single/never married"
            ]
        },
        "Sex": {
            "probs": [
                0.4948319700700605,
                0.5051680299299395
            ],
            "uniqVals": [
                "Female",
                "Male"
            ]
        }
    },