{
    "avail_var": [
        "Home location",
        "Age",
        "Sex",
        "Marital status",
        "Race",
        "Education",
        "Employment"
    ],
    "marginals": {
        "Employment": {
            "probs": [
                0.06670605436249892,
                0.9332939456375011
            ],
            "uniqVals": [
                "Unemployed",
                "Employed"
            ]
        },
        "Home location": {
            "probs": [
                0.02565186013379352,
                0.05340896768089983,
                0.026474514540416636,
                0.03350073104062043,
                0.03794306483638526,
                0.028837776290352134,
                0.05094100446103049,
                0.30553758595803715,
                0.09198772001331204,
                0.12424325142936203,
                0.07059870544111103,
                0.05376420481103254,
                0.07550097783694242,
                0.021609635526704484
            ],
            "uniqVals": [
                "San Vicente",
                "La Paz",
                "Morazán",
                "La Unión",
                "Cuscatlán",
                "Chalatenango",
                "Ahuachapán",
                "San Salvador",
                "Santa Ana",
                "La Libertad",
                "San Miguel",
                "Usulután",
                "Sonsonate",
                "Cabañas"
            ]
        },
        "Education": {
            "probs": [
                0.04609108280016603,
                0.2562531083248887,
                0.1573924846780617,
                0.5402633241968836
            ],
            "uniqVals": [
                "University completed",
                "Primary completed",
                "Secondary completed",
                "Less than primary completed"
            ]
        },
        "Age": {
            "probs": [
                0.0029690345402670635,
                0.0002019242634438557,
                0.0018434937384781641,
                0.01765341569848968,
                0.012485650289611745,
                0.000486113967550023,
                0.021403971925048705,
                0.0082975914922577,
                0.015723917181137283,
                0.02205461677392335,
                0.0037355988737113304,
                0.006158690035037599,
                0.006270870181395297,
                0.05244421842222363,
                0.001914541164504706,
                6.730808781461857e-5,
                0.0073739749539126565,
                0.017488884817165058,
                0.00013461617562923715,
                0.018924790690543588,
                0.004408679751857516,
                0.0011255408017888993,
                0.002961555863843217,
                0.009770890747755463,
                0.019059406866172825,
                0.01266513852378406,
                0.0026474514540416635,
                5.2350734966925555e-5,
                0.02137779655756524,
                0.01960535024511362,
                0.0005272466878811788,
                0.004143186738810966,
                0.004199276811989814,
                0.01003264442259009,
                0.01112453118047168,
                0.013988864250804893,
                0.0005048106586096392,
                0.018393804664450484,
                0.013375612784049478,
                0.003197134171194382,
                0.0004038485268877114,
                0.0036122007127178633,
                6.356874960269532e-5,
                5.982941139077206e-5,
                0.023221290296043407,
                0.012223896614777116,
                0.008768748106960031,
                0.01161812382444555,
                0.01966517965650439,
                0.0014097305058950666,
                0.01780298922696661,
                0.000972227935100046,
                0.0006917775692058019,
                9.72227935100046e-5,
                0.055704921343020714,
                0.05137102835540166,
                0.014228181896367981,
                0.006685936722918778,
                0.019298724511735914,
                0.0017948823417231617,
                0.00041880587973540444,
                0.004453551810400596,
                0.0010096213172192784,
                0.017402880038290824,
                0.002314650353180494,
                0.011023569048749753,
                0.018696691059616268,
                0.001649048151458155,
                0.0024043944702666522,
                0.000721692274901188,
                4.86113967550023e-5,
                0.007489894438482278,
                0.004935926439738695,
                0.017952562755443543,
                0.0016976595482131572,
                0.015106926376169946,
                0.009187553986695435,
                0.019298724511735914,
                0.05051845924308316,
                0.020117639580147107,
                0.0019070624880808595,
                0.00014209485205308363,
                8.226544066231158e-5,
                0.008836056194774648,
                0.002295953662120878,
                0.02098142670710138,
                0.045511485377317924,
                0.01877521716206666,
                0.004195537473777891,
                0.022391157212996445,
                0.007777823480800368,
                3.3654043907309287e-5,
                0.014646987776103385,
                0.005485609156891414
            ],
            "uniqVals": [
                68,
                89,
                11,
                39,
                46,
                85,
                25,
                55,
                42,
                29,
                66,
                58,
                59,
                8,
                74,
                95,
                57,
                20,
                90,
                31,
                14,
                78,
                70,
                52,
                33,
                18,
                69,
                96,
                26,
                35,
                83,
                65,
                64,
                17,
                49,
                44,
                84,
                37,
                45,
                13,
                86,
                67,
                93,
                94,
                30,
                47,
                54,
                50,
                32,
                77,
                40,
                80,
                82,
                91,
                7,
                9,
                43,
                60,
                34,
                75,
                87,
                61,
                79,
                38,
                71,
                48,
                36,
                76,
                12,
                81,
                98,
                16,
                62,
                21,
                10,
                19,
                51,
                22,
                6,
                24,
                73,
                88,
                92,
                53,
                72,
                28,
                5,
                23,
                63,
                27,
                56,
                97,
                41,
                15
            ]
        },
        "Marital status": {
            "probs": [
                0.019541781495510925,
                0.44721737146959734,
                0.0355386703661186,
                0.49770217666877314
            ],
            "uniqVals": [
                "Widowed",
                "Married/in union",
                "Separated/divorced/spouse absent",
                "Single/never married"
            ]
        },