{
    "avail_var": [
        "Home location",
        "Age",
        "Sex",
        "Marital status",
        "Education",
        "Employment"
    ],
    "marginals": {
        "Employment": {
            "probs": [
                0.13585361300546925,
                0.8641463869945307
            ],
            "uniqVals": [
                "Unemployed",
                "Employed"
            ]
        },
        "Home location": {
            "probs": [
                0.13755754236985196,
                0.15610217221204983,
                0.1191638433338232,
                0.04394469577512899,
                0.06648502011748772,
                0.13510690270126424,
                0.08557776709787862,
                0.07950478808123256,
                0.06662006347037586,
                0.10993720484090702
            ],
            "uniqVals": [
                "Upper Nile",
                "Jonglei",
                "Eastern Equatoria",
                "Western Bahr El Ghazal",
                "Lakes",
                "Warrap",
                "Western Equatoria",
                "Northern Bahr El Ghazal",
                "Unity",
                "Central Equatoria"
            ]
        },
        "Education": {
            "probs": [
                0.006795858140929654,
                0.06945994574434705,
                0.013726759634747449,
                0.9100174364799759
            ],
            "uniqVals": [
                "University completed",
                "Primary completed",
                "Secondary completed",
                "Less than primary completed"
            ]
        },
        "Age": {
            "probs": [
                0.03197472020266651,
                0.031309657448838436,
                0.030660143260139966,
                0.030024008069343706,
                0.02951524455452185,
                0.028925845457748848,
                0.028338706326837704,
                0.027751476797292087,
                0.02716180650461566,
                0.02657801212318007,
                0.026008591124625904,
                0.025397496355579047,
                0.024720862576538258,
                0.024008611735514565,
                0.02330512956203488,
                0.022590528356514854,
                0.021950234828532773,
                0.021428001917174234,
                0.020979082298374432,
                0.02051994763387902,
                0.020071480008251583,
                0.01957745147084906,
                0.01900233535832301,
                0.018376053618684454,
                0.01776351247148601,
                0.017151242520190985,
                0.01655072439137763,
                0.01597398110343104,
                0.015412515184710625,
                0.014853580427755489,
                0.014308928655047307,
                0.0137421292168929,
                0.013136639163183453,
                0.01251650453068916,
                0.011915534408703436,
                0.011318993819806954,
                0.010798297685234484,
                0.010389876654679204,
                0.010058656057965049,
                0.009733401771126204,
                0.009429029568850944,
                0.009117787070355628,
                0.008779063386980101,
                0.008427412698874735,
                0.008096915291236377,
                0.007778892895155482,
                0.007477142253279978,
                0.007196364094602532,
                0.006930953703785732,
                0.006670967231037394,
                0.006418755040853853,
                0.006165186871153199,
                0.005904296412060117,
                0.005640784392567279,
                0.005384413865197917,
                0.0051324728709178005,
                0.004888215760568007,
                0.004653631304106972,
                0.004426821130210735,
                0.004206338860727705,
                0.003996342832843704,
                0.0037788437182983284,
                0.003545705639988884,
                0.0033076860354178234,
                0.0030781639024873545,
                0.0028476473845776675,
                0.0026603414139467372,
                0.002537399271061571,
                0.002455498108227776,
                0.002372150567242391,
                0.0022984756801457656,
                0.00219903718222394,
                0.0020525009957409585,
                0.0018766756516882758,
                0.0017119693396759424,
                0.001551963756656277,
                0.00139521252447769,
                0.001245512385788105,
                0.0011027729419530478,
                0.0009624742612487992,
                0.0008253395327511541,
                0.0007016742007901924,
                0.0005957270011862107,
                0.0005044243803670799,
                0.00041899767078878406,
                0.0003405316560650161,
                0.0002727326802092258,
                0.00021641433093168267,
                0.00017003983144632209,
                0.0001263772909951931,
                9.392418121888817e-05,
                7.313249528977915e-05,
                5.369678887778592e-05,
                3.5074670176062184e-05,
                2.223806408069922e-05,
                1.6814146012235995e-05,
                1.3107801998786124e-05,
                9.130262081913094e-06,
                4.700728992668128e-06,
                1.9887699584365155e-06,
                2.1695672273852896e-06
            ],
            "uniqVals": [
                0,
                1,
                2,
                3,
                4,
                5,
                6,
                7,
                8,
                9,
                10,
                11,
                12,
                13,
                14,
                15,
                16,
                17,
                18,
                19,
                20,
                21,
                22,
                23,
                24,
                25,
                26,
                27,
                28,
                29,
                30,
                31,
                32,
                33,
                34,
                35,
                36,
                37,
                38,
                39,
                40,
                41,
                42,
                43,
                44,
                45,
                46,
                47,
                48,
                49,
                50,
                51,
                52,
                53,
                54,
                55,
                56,
                57,
                58,
                59,
                60,
                61,
                62,
                63,
                64,
                65,
                66,
                67,
                68,
                69,
                70,
                71,
                72,
                73,
                74,
                75,
                76,
                77,
                78,
                79,
                80,
                81,
                82,
                83,
                84,
                85,
                86,
                87,
                88,
                89,
                90,
                91,
                92,
                93,
                94,
                95,
                96,
                97,
                98,
                99,
                100
            ]
        },
        "Marital status": {
            "probs": [
                0.03133800159668906,
                0.5791254751341497,
                0.01233263560934341,
                0.3772038876598178
            ],