{
    "avail_var": [
        "Home location",
        "Age",
        "Sex",
        "Marital status",
        "Education",
        "Employment"
    ],
    "marginals": {
        "Employment": {
            "probs": [
                0.13585361300546925,
                0.8641463869945307
            ],
            "uniqVals": [
                "Unemployed",
                "Employed"
            ]
        },
        "Home location": {
            "probs": [
                0.13755754236985196,
                0.15610217221204983,
                0.1191638433338232,
                0.04394469577512899,
                0.06648502011748772,
                0.13510690270126424,
                0.08557776709787862,
                0.07950478808123256,
                0.06662006347037586,
                0.10993720484090702
            ],
            "uniqVals": [
                "Upper Nile",
                "Jonglei",
                "Eastern Equatoria",
                "Western Bahr El Ghazal",
                "Lakes",
                "Warrap",
                "Western Equatoria",
                "Northern Bahr El Ghazal",
                "Unity",
                "Central Equatoria"
            ]
        },
        "Education": {
            "probs": [
                0.006795858140929654,
                0.06945994574434705,
                0.013726759634747449,
                0.9100174364799759
            ],
            "uniqVals": [
                "University completed",
                "Primary completed",
                "Secondary completed",
                "Less than primary completed"
            ]
        },
        "Age": {
            "probs": [
                0.0024029773087448515,
                0.0001985931660119712,
                0.021241525036640438,
                0.016014552907205357,
                0.00820189775629441,
                0.0005481171381930405,
                0.034527407842841314,
                0.007272481739358385,
                0.0017396761342648678,
                0.014020677520445167,
                0.005115759956468378,
                0.019756048154870896,
                0.0030781940731855533,
                0.0004726517351084914,
                0.0005441452748728011,
                0.00406718803992517,
                0.044703321669294714,
                0.00020653689265245003,
                0.011391304002446668,
                0.02826377938682374,
                0.0008460068872109973,
                0.0035389302183333267,
                0.011006033260383444,
                0.00772130229454544,
                0.03476969150537592,
                0.0013424898022409253,
                0.020661632991885483,
                0.0286728813088084,
                0.00030583347565843564,
                0.003979807046879903,
                0.020983353920824878,
                0.002228215322654317,
                0.00847992818871117,
                0.007355890869083413,
                0.0003971863320239424,
                0.015545873035417105,
                0.022806439184814772,
                0.022727001918409984,
                0.0001509308061690981,
                0.00172378868098391,
                5.9577949803591356e-5,
                0.00010326844632622502,
                0.046871959042145445,
                0.005389818525564898,
                0.007677611798022807,
                0.02020486871005795,
                0.023326753279766136,
                0.0013980958887242771,
                0.03521454019724273,
                0.0003812988787429847,
                0.0005878357713954347,
                9.135285636550675e-5,
                0.00861894340491955,
                0.0015212236516516993,
                0.01158989716845864,
                0.012447819645630355,
                0.0002144806192929289,
                0.0025539081149139496,
                0.0003693832887822664,
                0.023545205762379305,
                0.0008539506138514762,
                0.015136771113432444,
                0.012916499517418606,
                0.000496482915029928,
                0.040417681146756375,
                0.0004051300586644212,
                0.025217360220200102,
                0.0036700017079012276,
                0.01633627383614475,
                0.05059359497320978,
                0.01956937057881964,
                0.004190315802852593,
                0.021416287022730972,
                0.00012709962624766157,
                0.02005790976720909,
                0.0010525437798634474,
                0.000131071489567901,
                0.005099872503187421,
                0.0015053361983707416,
                0.03359004809926481,
                0.017635073141863043,
                0.0022917651357781477,
                0.021678430001866776,
                0.007081832299986893,
                0.006879267270654682,
                0.03047213539287686
            ],
            "uniqVals": [
                68,
                89,
                11,
                39,
                46,
                85,
                25,
                55,
                66,
                42,
                58,
                29,
                59,
                74,
                95,
                57,
                20,
                90,
                31,
                14,
                78,
                70,
                33,
                52,
                18,
                69,
                26,
                35,
                83,
                65,
                17,
                64,
                49,
                44,
                84,
                37,
                45,
                13,
                86,
                67,
                93,
                94,
                30,
                54,
                47,
                50,
                32,
                80,
                40,
                77,
                82,
                91,
                43,
                75,
                60,
                34,
                87,
                61,
                79,
                38,
                71,
                36,
                48,
                76,
                12,
                81,
                16,
                62,
                21,
                10,
                19,
                51,
                22,
                88,
                24,
                73,
                92,
                53,
                72,
                28,
                23,
                63,
                27,
                56,
                41,
                15
            ]
        },
        "Marital status": {
            "probs": [
                0.03133800159668906,
                0.5791254751341497,
                0.01233263560934341,
                0.3772038876598178
            ],
            "uniqVals": [
                "Widowed",
                "Married/in union",
                "Separated/divorced/spouse absent",
                "Single/never married"
            ]
        },
        "Sex": {
            "probs": [
                0.50945502063383,
                0.49054497936617003
            ],
            "uniqVals": [
                "Female",
                "Male"
            ]
        }
    },
    "pop_num": 11194000,