{
    "avail_var": [
        "Home location",
        "Age",
        "Sex",
        "Marital status",
        "Education",
        "Employment"
    ],
    "marginals": {
        "Employment": {
            "probs": [
                0.13394675761451377,
                0.8660532423854862
            ],
            "uniqVals": [
                "Unemployed",
                "Employed"
            ]
        },
        "Home location": {
            "probs": [
                0.020439581260954007,
                0.06208848467623514,
                0.026408033726493297,
                0.034827814883236226,
                0.03123963810335844,
                0.05598976836720193,
                0.0681990431528587,
                0.12465065605608451,
                0.052508171095637345,
                0.022819856946615508,
                0.1558547676566719,
                0.24790393633650704,
                0.09707024773814599
            ],
            "uniqVals": [
                "Zasavska",
                "Pomurska",
                "Unknown",
                "Koroška",
                "Spodnjeposavska",
                "Goriška",
                "Jugovzhodna Slovenija",
                "Savinjska",
                "Obalno-kraška",
                "Notranjsko-kraška",
                "Podravska",
                "Osrednjeslovenska",
                "Gorenjska"
            ]
        },
        "Education": {
            "probs": [
                0.11104400549476576,
                0.1599403154753446,
                0.7035076500402634,
                0.02550802898962626
            ],
            "uniqVals": [
                "University completed",
                "Primary completed",
                "Secondary completed",
                "Less than primary completed"
            ]
        },
        "Age": {
            "probs": [
                0.00922953026333387,
                0.009668275720730821,
                0.010011767230140276,
                0.010266739919197715,
                0.010318215537554593,
                0.01046590726498975,
                0.010542880152252373,
                0.010555388246432549,
                0.010509685594620368,
                0.010425977579722264,
                0.010323507423553898,
                0.010142140057941344,
                0.009862151180523552,
                0.009529724523658101,
                0.009204032994428128,
                0.008866314451563368,
                0.008653195769954982,
                0.008636839031411674,
                0.008758552409395697,
                0.008889887398287548,
                0.009058746669719927,
                0.009240595115877872,
                0.009409454387310253,
                0.009587454189105067,
                0.009803459353985803,
                0.010031491532501323,
                0.010359107383912863,
                0.010824312271306338,
                0.011375149495779483,
                0.01191973267316254,
                0.012477786105816556,
                0.012967526101024992,
                0.013338439201521756,
                0.013625163206575027,
                0.013904189922902035,
                0.014147135598324688,
                0.014393448837565081,
                0.014666702587347391,
                0.014933702290039616,
                0.015168469596190616,
                0.015409490949431703,
                0.015472031420332585,
                0.015269977591268198,
                0.014906761779497698,
                0.01455220541754424,
                0.014152427484323993,
                0.013918622339263775,
                0.01396817363543909,
                0.014193800411227654,
                0.01437853534065795,
                0.014567599994996764,
                0.014694605258980094,
                0.014706151192069486,
                0.014640724237896257,
                0.014594540505538683,
                0.01454835677318111,
                0.014494475752097275,
                0.014437708247741089,
                0.014375648857385601,
                0.014274140862308016,
                0.014108649154693377,
                0.01401628168997823,
                0.014051881650337193,
                0.014135108584689905,
                0.014177443672684345,
                0.014253454398856186,
                0.013996557387617183,
                0.013236450125898781,
                0.01216460267076676,
                0.01112546869272135,
                0.010025718565956626,
                0.009178535725522383,
                0.00876624969812196,
                0.008632990387048544,
                0.00843815276616503,
                0.00825197459509856,
                0.0080095100002213,
                0.007644850946814623,
                0.007204662247781499,
                0.006798149186925772,
                0.006403182059159438,
                0.0060067716897569306,
                0.005614209964717554,
                0.005220686078587395,
                0.004827643273002627,
                0.004446146400507253,
                0.004025200923289784,
                0.0035426771362622165,
                0.003029845274874992,
                0.0024838188558557613,
                0.002029197740460895,
                0.001723230513591969,
                0.0013715606349108608,
                0.0009737070238721791,
                0.0006990100324536938,
                0.0005835507015597595,
                0.0004743454177559133,
                0.0003353131401378008,
                0.0001669349492508133,
                8.65944981704507e-05,
                9.092422307897323e-05
            ],
            "uniqVals": [
                0,
                1,
                2,
                3,
                4,
                5,
                6,
                7,
                8,
                9,
                10,
                11,
                12,
                13,
                14,
                15,
                16,
                17,
                18,
                19,
                20,
                21,
                22,
                23,
                24,
                25,
                26,
                27,
                28,
                29,
                30,
                31,
                32,
                33,
                34,
                35,
                36,
                37,
                38,
                39,
                40,
                41,
                42,
                43,
                44,
                45,
                46,
                47,
                48,
                49,
                50,
                51,
                52,
                53,
                54,
                55,
                56,
                57,
                58,
                59,
                60,
                61,
                62,
                63,
                64,
                65,
                66,
                67,
                68,
                69,
                70,
                71,
                72,
                73,
                74,
                75,
                76,
                77,
                78,
                79,
                80,
                81,
                82,
                83,
                84,
                85,
                86,
                87,
                88,
                89,
                90,
                91,
                92,
                93,
                94,
                95,
                96,
                97,
                98,
                99,
                100
            ]
        },
        "Marital status": {
            "probs": [
                0.012102695277343565,
                0.5887096774193549,
                0.04801998957889252,
                0.35116763772440907
            ],