{
    "avail_var": [
        "Home location",
        "Age",
        "Sex",
        "Marital status",
        "Education",
        "Employment"
    ],
    "marginals": {
        "Employment": {
            "probs": [
                0.13394675761451377,
                0.8660532423854862
            ],
            "uniqVals": [
                "Unemployed",
                "Employed"
            ]
        },
        "Home location": {
            "probs": [
                0.020439581260954007,
                0.06208848467623514,
                0.026408033726493297,
                0.034827814883236226,
                0.03123963810335844,
                0.05598976836720193,
                0.0681990431528587,
                0.12465065605608451,
                0.052508171095637345,
                0.022819856946615508,
                0.1558547676566719,
                0.24790393633650704,
                0.09707024773814599
            ],
            "uniqVals": [
                "Zasavska",
                "Pomurska",
                "Unknown",
                "Koroška",
                "Spodnjeposavska",
                "Goriška",
                "Jugovzhodna Slovenija",
                "Savinjska",
                "Obalno-kraška",
                "Notranjsko-kraška",
                "Podravska",
                "Osrednjeslovenska",
                "Gorenjska"
            ]
        },
        "Education": {
            "probs": [
                0.11104400549476576,
                0.1599403154753446,
                0.7035076500402634,
                0.02550802898962626
            ],
            "uniqVals": [
                "University completed",
                "Primary completed",
                "Secondary completed",
                "Less than primary completed"
            ]
        },
        "Age": {
            "probs": [
                0.1528823835914926,
                0.14120600634740182,
                0.00010657950831320165,
                0.00808820046421297,
                0.15385344133390175,
                0.011842167590355739,
                0.0829425418028516,
                0.15272843541281797,
                0.000272369854578182,
                0.04228838046516034,
                0.001397375775661977,
                0.13457439249680261,
                0.11781772535644924
            ],
            "uniqVals": [
                47,
                32,
                77,
                62,
                42,
                17,
                22,
                37,
                72,
                57,
                67,
                27,
                52
            ]
        },
        "Marital status": {
            "probs": [
                0.012102695277343565,
                0.5887096774193549,
                0.04801998957889252,
                0.35116763772440907
            ],
            "uniqVals": [
                "Widowed",
                "Married/in union",
                "Separated/divorced/spouse absent",
                "Single/never married"
            ]
        },
        "Sex": {
            "probs": [
                0.4486286769930368,
                0.5513713230069632
            ],
            "uniqVals": [
                "Female",
                "Male"
            ]
        }
    },
    "pop_num": 2079000,
    "corr": [
        [
            0.9999999999999992,
            0.09605291808521686,
            1.2990011843960758e-11,
            0.13707351684371588,
            0.20990531559969802,
            0.17631986202117594
        ],
        [
            0.09605291808521686,
            0.9999999999999996,
            0.17025673940965044,
            0.6878110113321438,
            0.288110844167015,
            0.28070166520956297
        ],
        [
            1.2990011843960758e-11,
            0.17025673940965044,
            0.9999999999999993,
            0.20097639562116942,
            0.11694395527312182,
            0.0270903826497767
        ],
        [
            0.13707351684371588,
            0.6878110113321438,
            0.20097639562116942,
            0.9999999999999993,
            0.07362043427572137,
            0.20188963302817126
        ],
        [
            0.20990531559969802,
            0.288110844167015,
            0.11694395527312182,
            0.07362043427572137,
            0.9999999999999993,
            0.3288456862733242
        ],
        [
            0.17631986202117594,
            0.28070166520956297,
            0.0270903826497767,
            0.20188963302817126,
            0.3288456862733242,
            1.0000000000000022
        ]
    ]
}
