{
    "avail_var": [
        "Home location",
        "Age",
        "Sex",
        "Marital status",
        "Religion",
        "Education",
        "Employment"
    ],
    "marginals": {
        "Employment": {
            "probs": [
                0.07867637852051104,
                0.921323621479489
            ],
            "uniqVals": [
                "Unemployed",
                "Employed"
            ]
        },
        "Home location": {
            "probs": [
                0.4201988713639916,
                0.4524258765926764,
                0.12737525204333203
            ],
            "uniqVals": [
                "Plateaux, Centrale, Kara",
                "Maritime, Lomé",
                "Savanes"
            ]
        },
        "Education": {
            "probs": [
                0.01385536706576226,
                0.34719589649708343,
                0.0479907774808188,
                0.5909579589563355
            ],
            "uniqVals": [
                "University completed",
                "Primary completed",
                "Secondary completed",
                "Less than primary completed"
            ]
        },
        "Religion": {
            "probs": [
                0.29469316557789704,
                0.14943848847400984,
                0.4845103990812022,
                0.0713579468668909
            ],
            "uniqVals": [
                "Other",
                "Muslim",
                "Christian",
                "No religion"
            ]
        },
        "Age": {
            "probs": [
                0.002728760356984029,
                0.00026337718635447116,
                0.0019688524094694892,
                0.014956370057899805,
                0.010798464640533318,
                0.0013773331548701032,
                0.04525338180624938,
                0.01753833001593216,
                0.018742956819094415,
                0.01962375921280445,
                0.0014636863307240283,
                0.006860759821594339,
                0.003592292115523279,
                0.0020465702677380216,
                0.000626060524940956,
                0.0003454127034156999,
                0.006282193543373041,
                0.03242993519194152,
                0.0013471095433212296,
                0.017728307002810795,
                0.004408329627342869,
                0.001113955968515632,
                0.010906406110350724,
                0.020413890771867862,
                0.01986123044640274,
                0.01009468625732383,
                0.0011700855328206834,
                5.181190551235498e-5,
                0.0230174390238637,
                0.047489929060866035,
                0.0003238244094522186,
                0.011010029921375434,
                0.010038556693018778,
                0.0021674647139335165,
                0.008501470162818913,
                0.009641332084090723,
                0.00017270635170784995,
                0.017991684189165268,
                0.0354479786880362,
                0.003790904419987306,
                0.00023747123359829365,
                0.0020379349501526292,
                0.00010794146981740621,
                1.7270635170784993e-5,
                0.059782303643672256,
                0.006277875884580345,
                0.012123985889891066,
                0.032874654047589234,
                0.029299632567236743,
                0.0048228248714417095,
                0.04670411516059532,
                0.0005958369133920823,
                8.635317585392497e-5,
                0.0006303781837336522,
                0.015241335538217757,
                0.001757287128627373,
                0.0044471885564771356,
                0.021765317973981787,
                0.016489138929306972,
                0.0018047813753470318,
                0.0002590595275617749,
                0.0024567478530441653,
                0.0004878954435746761,
                0.024377501543563017,
                0.0008980730288808197,
                0.013872637700933046,
                0.01802190780071414,
                0.000712413700794881,
                0.004291752839940071,
                0.0020465702677380216,
                0.0003108714330741299,
                0.009028224535527856,
                0.004874636776954064,
                0.015724913322999738,
                0.0028107958740452577,
                0.014956370057899805,
                0.00629514651975113,
                0.02616069462494657,
                0.0019084051863717418,
                0.021644423527786293,
                0.001109638309722936,
                0.0002331535748055974,
                0.0001683886929151537,
                0.008108563212683554,
                0.0015500395065779532,
                0.03350503223132289,
                0.02379893526534172,
                0.004041328629963688,
                0.02629885970631285,
                0.00594973381633543,
                8.635317585392497e-5,
                0.011692220010621441,
                0.011627455128730996
            ],
            "uniqVals": [
                68,
                89,
                11,
                39,
                46,
                85,
                25,
                55,
                42,
                29,
                66,
                58,
                59,
                8,
                74,
                95,
                57,
                20,
                90,
                31,
                14,
                78,
                70,
                33,
                18,
                52,
                69,
                96,
                26,
                35,
                83,
                17,
                65,
                64,
                49,
                44,
                84,
                37,
                45,
                13,
                86,
                67,
                93,
                94,
                30,
                54,
                47,
                50,
                32,
                80,
                40,
                77,
                91,
                82,
                43,
                9,
                75,
                60,
                34,
                7,
                87,
                61,
                79,
                38,
                71,
                48,
                36,
                76,
                12,
                98,
                81,
                16,
                62,
                21,
                10,
                19,
                51,
                22,
                6,
                24,
                73,
                88,
                92,
                53,
                72,
                28,
                23,
                63,
                27,
                56,
                97,
                15,
                41
            ]
        },
        "Marital status": {
            "probs": [
                0.05606479942316078,
                0.7108895672410592,
                0.03179955700820787,
                0.20124607632757213
            ],
            "uniqVals": [
                "Widowed",
                "Married/in union",
                "Separated/divorced/spouse absent",
                "Single/never married"
            ]
        },
        "Sex": {
            "probs": [
                0.5347722650869793,
                0.4652277349130208
            ],
            "uniqVals": [
                "Female",
                "Male"
            ]
        }
    },
    "pop_num": 8279000,