{
    "avail_var": [
        "Home location",
        "Age",
        "Sex",
        "Marital status",
        "Religion",
        "Education",
        "Employment"
    ],
    "marginals": {
        "Employment": {
            "probs": [
                0.07867637852051104,
                0.921323621479489
            ],
            "uniqVals": [
                "Unemployed",
                "Employed"
            ]
        },
        "Home location": {
            "probs": [
                0.4201988713639916,
                0.4524258765926764,
                0.12737525204333203
            ],
            "uniqVals": [
                "Plateaux, Centrale, Kara",
                "Maritime, Lomé",
                "Savanes"
            ]
        },
        "Education": {
            "probs": [
                0.01385536706576226,
                0.34719589649708343,
                0.0479907774808188,
                0.5909579589563355
            ],
            "uniqVals": [
                "University completed",
                "Primary completed",
                "Secondary completed",
                "Less than primary completed"
            ]
        },
        "Religion": {
            "probs": [
                0.29469316557789704,
                0.14943848847400984,
                0.4845103990812022,
                0.0713579468668909
            ],
            "uniqVals": [
                "Other",
                "Muslim",
                "Christian",
                "No religion"
            ]
        },
        "Age": {
            "probs": [
                0.030892465924861785,
                0.030314664320157024,
                0.02977125861397644,
                0.02925606249363583,
                0.028742969719607853,
                0.02829767893259876,
                0.027852883050604408,
                0.027402766939701638,
                0.026941639192220986,
                0.026473582774534016,
                0.026002928105519685,
                0.02547387464476646,
                0.024860563605254356,
                0.024187245332705463,
                0.023513555881395514,
                0.02283862916754873,
                0.022131162448983027,
                0.021384721960506826,
                0.020619227628963274,
                0.019863136492699718,
                0.01911397402664247,
                0.0184100953694336,
                0.017774142425497307,
                0.01719559846327044,
                0.016629550852665664,
                0.016072411532326143,
                0.015599158611984446,
                0.015238620308748967,
                0.014954297377782897,
                0.014678635284574713,
                0.014423882928239143,
                0.014146488667479383,
                0.013817871737694403,
                0.013454858909385243,
                0.013105208516473964,
                0.012761991888754261,
                0.012396999440386155,
                0.012001446607358074,
                0.011584736584950012,
                0.011167036752512478,
                0.010746986121254945,
                0.010322481344864786,
                0.009895625769654626,
                0.009468893920698152,
                0.009044141691800624,
                0.008622482619245198,
                0.008210969099491868,
                0.007813684098912211,
                0.007430132712491488,
                0.00705449980630655,
                0.006686785380357393,
                0.006340970501310323,
                0.006022870303088491,
                0.005727040830529799,
                0.0054411094582658345,
                0.005166684627594493,
                0.004903271433501036,
                0.004649508887194939,
                0.004405149536168834,
                0.004171183190452193,
                0.00394649631376186,
                0.0037305940010830996,
                0.0035233525261622253,
                0.0033235346264623975,
                0.0031303979444615116,
                0.0029441899326669353,
                0.002760332719692357,
                0.0025765992329714626,
                0.002394474187548462,
                0.002218288002302298,
                0.0020482881297403392,
                0.0018796492459689058,
                0.0017105154571827358,
                0.0015433612884555115,
                0.0013828883374272288,
                0.0012290966040978876,
                0.0010819860884674882,
                0.0009430415055802396,
                0.0008122628554361419,
                0.0006890315067667744,
                0.000572976280811085,
                0.00047040721650696285,
                0.00038404629143545837,
                0.0003114189805228894,
                0.00024609151857768257,
                0.00018794017934615375,
                0.00014042929793145787,
                0.00010380632684096314,
                7.633909852309207e-05,
                5.283111032311234e-05,
                3.761278111996757e-05,
                2.759095457155516e-05,
                1.893011681366789e-05,
                1.1259089085253451e-05,
                6.186312684205193e-06,
                4.454145132627739e-06,
                3.3406088494708043e-06,
                2.2270725663138694e-06,
                9.898100294728308e-07,
                2.474525073682077e-07,
                0.0
            ],
            "uniqVals": [
                0,
                1,
                2,
                3,
                4,
                5,
                6,
                7,
                8,
                9,
                10,
                11,
                12,
                13,
                14,
                15,
                16,
                17,
                18,
                19,
                20,
                21,
                22,
                23,
                24,
                25,
                26,
                27,
                28,
                29,
                30,
                31,
                32,
                33,
                34,
                35,
                36,
                37,
                38,
                39,
                40,
                41,
                42,
                43,
                44,
                45,
                46,
                47,
                48,
                49,
                50,
                51,
                52,
                53,
                54,
                55,
                56,
                57,
                58,
                59,
                60,
                61,
                62,
                63,
                64,
                65,
                66,
                67,
                68,
                69,
                70,
                71,
                72,
                73,
                74,
                75,
                76,
                77,
                78,
                79,
                80,
                81,
                82,
                83,
                84,
                85,
                86,
                87,
                88,
                89,
                90,
                91,
                92,
                93,
                94,
                95,
                96,
                97,
                98,
                99,
                100
            ]
        },
        "Marital status": {
            "probs": [
                0.05606479942316078,
                0.7108895672410592,
                0.03179955700820787,
                0.20124607632757213
            ],
            "uniqVals": [
                "Widowed",
                "Married/in union",
                "Separated/divorced/spouse absent",
                "Single/never married"
            ]
        },