{
    "avail_var": [
        "Home location",
        "Age",
        "Sex",
        "Marital status",
        "Religion",
        "Education",
        "Employment"
    ],
    "marginals": {
        "Employment": {
            "probs": [
                0.06781696372140059,
                0.9321830362785994
            ],
            "uniqVals": [
                "Unemployed",
                "Employed"
            ]
        },
        "Home location": {
            "probs": [
                0.033350187502633466,
                0.05250073736990688,
                0.8868031854379977,
                0.02734588968946193
            ],
            "uniqVals": [
                "San Fernando",
                "St. Paul, St. Mary, St. David, St. George, St. Patrick, St. Andrew, St. John",
                "Diego Martin, San Juan/ Laventille, Tunapuna/ Piarco, Chaguanas, Sangre Grande, Couva/ Tabaquite /Talparo, Rio Claro/Mayaro, Siparia, Penal/Debe, Princess Town, Port Fontin, Caroni, St. Andrew/St. David, Victoria, St. Patrick, Arima",
                "City of Port of Spain"
            ]
        },
        "Education": {
            "probs": [
                0.057409514178569925,
                0.2105928454051321,
                0.6582395820166014,
                0.07375805839969662
            ],
            "uniqVals": [
                "University completed",
                "Primary completed",
                "Secondary completed",
                "Less than primary completed"
            ]
        },
        "Religion": {
            "probs": [
                0.01575864829562213,
                0.00027388025112712257,
                0.19965870307167236,
                0.0534066489697889,
                0.7020393544853158,
                0.028862764926473685
            ],
            "uniqVals": [
                "Other",
                "Buddhist",
                "Hindu",
                "Muslim",
                "Christian",
                "No religion"
            ]
        },
        "Age": {
            "probs": [
                0.0012429949858846331,
                2.1067711625163273e-5,
                0.021594404415792356,
                0.023511566173682216,
                0.03254961446087726,
                0.017612606918636496,
                0.001980364892765348,
                0.023174482787679602,
                0.011439767412463659,
                0.03120128091686681,
                0.010281043273079679,
                0.0003160156743774491,
                0.01466312729111364,
                0.0190452113091476,
                0.027872582480091012,
                0.00016854169300130619,
                0.0007584376185058779,
                0.019908987485779295,
                0.024754561159566847,
                0.011481902835713985,
                0.0009269793115071841,
                0.03280242700037922,
                0.02302700880630346,
                4.2135423250326547e-5,
                0.005582943580668268,
                0.0038132558041545526,
                0.0029494796275228584,
                0.021762946108793663,
                0.0211098470484136,
                6.320313487548983e-5,
                0.022689925420300846,
                0.02393292040618548,
                6.320313487548983e-5,
                0.0012640626975097965,
                0.031601567437744914,
                0.017612606918636496,
                0.022984873383053134,
                0.026608519782581216,
                0.02399612354106097,
                0.00016854169300130619,
                0.02220536805292209,
                0.00023174482787679602,
                0.00012640626975097966,
                2.1067711625163273e-5,
                0.020857034508911642,
                0.00040028652087810223,
                0.0075843761850587785,
                0.025323389373446255,
                2.1067711625163273e-5,
                0.005435469599292125,
                0.00021067711625163274,
                0.023890784982935155,
                0.0006952344836303881,
                0.024459613196814563,
                0.024438545485189398,
                0.00046348965575359203,
                0.00012640626975097966,
                0.0012429949858846331,
                0.005730417562044411,
                0.02220536805292209,
                0.014389247039986517,
                0.0186449247882695,
                0.024522816331690053,
                2.1067711625163273e-5,
                0.030716723549488054,
                0.0004424219441284288,
                0.018623857076644334,
                0.0007373699068807146,
                0.030084692200733155,
                0.026840264610458013,
                0.004234610036657818,
                0.031074874647115832,
                0.016601356760628662,
                0.02020393544853158,
                0.000610963637129735
            ],
            "uniqVals": [
                68,
                89,
                39,
                46,
                25,
                55,
                66,
                42,
                58,
                29,
                59,
                74,
                57,
                20,
                31,
                78,
                70,
                52,
                33,
                18,
                69,
                26,
                35,
                83,
                17,
                64,
                65,
                49,
                44,
                84,
                37,
                45,
                86,
                67,
                30,
                54,
                47,
                32,
                50,
                80,
                40,
                77,
                82,
                91,
                43,
                75,
                60,
                34,
                87,
                61,
                79,
                38,
                71,
                48,
                36,
                76,
                81,
                16,
                62,
                21,
                19,
                51,
                22,
                88,
                24,
                73,
                53,
                72,
                28,
                23,
                63,
                27,
                56,
                41,
                15
            ]
        },
        "Marital status": {
            "probs": [
                0.016180002528125396,
                0.40803943875616233,
                0.051995112290902964,
                0.5237854464248093
            ],
            "uniqVals": [
                "Widowed",
                "Married/in union",
                "Separated/divorced/spouse absent",
                "Single/never married"
            ]
        },
        "Sex": {
            "probs": [
                0.41914212278262336,
                0.5808578772173767
            ],
            "uniqVals": [
                "Female",
                "Male"
            ]
        }
    },
    "pop_num": 1399000,