{
    "avail_var": [
        "Home location",
        "Age",
        "Sex",
        "Marital status",
        "Religion",
        "Education",
        "Employment"
    ],
    "marginals": {
        "Employment": {
            "probs": [
                0.06781696372140059,
                0.9321830362785994
            ],
            "uniqVals": [
                "Unemployed",
                "Employed"
            ]
        },
        "Home location": {
            "probs": [
                0.033350187502633466,
                0.05250073736990688,
                0.8868031854379977,
                0.02734588968946193
            ],
            "uniqVals": [
                "San Fernando",
                "St. Paul, St. Mary, St. David, St. George, St. Patrick, St. Andrew, St. John",
                "Diego Martin, San Juan/ Laventille, Tunapuna/ Piarco, Chaguanas, Sangre Grande, Couva/ Tabaquite /Talparo, Rio Claro/Mayaro, Siparia, Penal/Debe, Princess Town, Port Fontin, Caroni, St. Andrew/St. David, Victoria, St. Patrick, Arima",
                "City of Port of Spain"
            ]
        },
        "Education": {
            "probs": [
                0.057409514178569925,
                0.2105928454051321,
                0.6582395820166014,
                0.07375805839969662
            ],
            "uniqVals": [
                "University completed",
                "Primary completed",
                "Secondary completed",
                "Less than primary completed"
            ]
        },
        "Religion": {
            "probs": [
                0.01575864829562213,
                0.00027388025112712257,
                0.19965870307167236,
                0.0534066489697889,
                0.7020393544853158,
                0.028862764926473685
            ],
            "uniqVals": [
                "Other",
                "Buddhist",
                "Hindu",
                "Muslim",
                "Christian",
                "No religion"
            ]
        },
        "Age": {
            "probs": [
                0.012248300858298644,
                0.012662646983553042,
                0.013016059855093555,
                0.013308539472920189,
                0.013489905510445037,
                0.013697078573072235,
                0.013847619552835942,
                0.01394654648239495,
                0.013994576223557657,
                0.014003895427066839,
                0.013986690743665273,
                0.013899950464849042,
                0.013727903630833375,
                0.013502092161187813,
                0.013279148138775846,
                0.01306552331987306,
                0.012849031053736679,
                0.012637556820259091,
                0.012449739026458654,
                0.012291312566802562,
                0.012149373928739637,
                0.012148657066931237,
                0.01234866151147445,
                0.012696339488547774,
                0.013056920978172275,
                0.013432556565773147,
                0.013899950464849042,
                0.014474156773376327,
                0.015110013197425894,
                0.015717195149139516,
                0.01628351597777442,
                0.01682976467577416,
                0.017348772625054753,
                0.017799678702537475,
                0.018207573071516287,
                0.018631238400279863,
                0.018641991327405842,
                0.0180462791646266,
                0.017064895348928903,
                0.01609641504578238,
                0.015045495634670019,
                0.014218953969586423,
                0.013803890982523628,
                0.013656217449993515,
                0.013458363590875499,
                0.013293485374943818,
                0.013077709970615836,
                0.012747236676944078,
                0.012370884227534807,
                0.01203467603939586,
                0.01166262476083698,
                0.011572300172978757,
                0.011910658946542899,
                0.012497051905812961,
                0.013032547676686724,
                0.013613922603297995,
                0.013847619552835942,
                0.013522164291822973,
                0.012831109508526716,
                0.012180915848309177,
                0.011488427341396119,
                0.010870492462556516,
                0.01042532127954098,
                0.010084811920551641,
                0.00968336930784842,
                0.009258987117276444,
                0.008818117105111298,
                0.00834713889699341,
                0.007860389729090755,
                0.007381526041080484,
                0.006904812938495408,
                0.006449605690162291,
                0.0060288078086323076,
                0.005631666366779477,
                0.005239542957585438,
                0.004859606199134175,
                0.004471783960790527,
                0.004065323315428516,
                0.0036516940519825177,
                0.003256703195554884,
                0.0028767664371036204,
                0.0025240704273715047,
                0.002207934369867718,
                0.0019240570937418685,
                0.001654517053783991,
                0.0014000311118024847,
                0.001179237674815713,
                0.0009985884990992633,
                0.000850198104760751,
                0.000708976328506225,
                0.0006050313662884266,
                0.0005154236402386003,
                0.0004121955398292005,
                0.000297497650485423,
                0.0002150585425195829,
                0.00017634800486605797,
                0.00014408922348812056,
                0.00010681240945139284,
                6.380070094747626e-05,
                3.5843090419930483e-05,
                5.94995300970846e-05
            ],
            "uniqVals": [
                0,
                1,
                2,
                3,
                4,
                5,
                6,
                7,
                8,
                9,
                10,
                11,
                12,
                13,
                14,
                15,
                16,
                17,
                18,
                19,
                20,
                21,
                22,
                23,
                24,
                25,
                26,
                27,
                28,
                29,
                30,
                31,
                32,
                33,
                34,
                35,
                36,
                37,
                38,
                39,
                40,
                41,
                42,
                43,
                44,
                45,
                46,
                47,
                48,
                49,
                50,
                51,
                52,
                53,
                54,
                55,
                56,
                57,
                58,
                59,
                60,
                61,
                62,
                63,
                64,
                65,
                66,
                67,
                68,
                69,
                70,
                71,
                72,
                73,
                74,
                75,
                76,
                77,
                78,
                79,
                80,
                81,
                82,
                83,
                84,
                85,
                86,
                87,
                88,
                89,
                90,
                91,
                92,
                93,
                94,
                95,
                96,
                97,
                98,
                99,
                100
            ]
        },