{
    "avail_var": [
        "Home location",
        "Age",
        "Sex",
        "Marital status",
        "Education",
        "Employment"
    ],
    "marginals": {
        "Employment": {
            "probs": [
                0.11992720094987173,
                0.8800727990501283
            ],
            "uniqVals": [
                "Unemployed",
                "Employed"
            ]
        },
        "Home location": {
            "probs": [
                0.004931421801599667,
                0.014124954238632352,
                0.019495816150308164,
                0.012549256913977798,
                0.020996854499480334,
                0.003195928073281059,
                0.007948561275699224,
                0.007315924693980063,
                0.010358605396534121,
                0.00177020360288498,
                0.003763729228923411,
                0.014534923700491767,
                0.028295751707824064,
                0.006535279967883542,
                0.017259321402305128,
                0.013311564347850574,
                0.014530994280729535,
                0.005030312198949142,
                0.006672809659561621,
                0.016423664799537375,
                0.008153546006628931,
                0.005311265711948645,
                0.005702897881584316,
                0.011179199223546654,
                0.012523715685523297,
                0.05977760793952361,
                0.012035157828419267,
                0.01151254500004257,
                0.003700203609434013,
                0.04681117762745564,
                0.021383247442766363,
                0.003860654916391771,
                0.005037516135179899,
                0.004702860552096575,
                0.008111632195831803,
                0.0060270750119683575,
                0.008568754694837987,
                0.014122989528751236,
                0.01570327117646173,
                0.004093145585657094,
                0.01054328812535897,
                0.01171949444085339,
                0.007014014275581996,
                0.010624496133778406,
                0.017943695344226993,
                0.00938803871526311,
                0.024662348234347976,
                0.019235819542707228,
                0.005930804227793703,
                0.050030682219310084,
                0.19075761177725692,
                0.03442106221384819,
                0.016925975625809216,
                0.02426482193506896,
                0.01120277574212004,
                0.015108618985777466,
                0.011069830373497897,
                0.003083939610057481,
                0.008427295583397677,
                0.010829480864708113,
                0.00945156433475251
            ],
            "uniqVals": [
                "Bitlis",
                "Mugla",
                "Hatay",
                "Tokat",
                "Manisa",
                "Artvin",
                "Elazig",
                "Agri",
                "Kars, Ardahan, Igdir",
                "Tunceli",
                "Bingöl",
                "Kahramanmaras",
                "Antalya",
                "Mus",
                "Balikesir",
                "Afyon",
                "Ordu",
                "Usak",
                "Kastamonu",
                "Aydin",
                "Giresun",
                "Nevsehir",
                "Amasya",
                "Sivas",
                "Erzurum",
                "Ankara, Kirikkale",
                "Malatya",
                "Aksaray, Nigde",
                "Kirsehir",
                "Adana, Gaziantep, Osmaniye, Kilis",
                "Zonguldak, Bartin, Karabük, Çankiri",
                "Sinop",
                "Erzincan",
                "Gümüshane, Bayburt",
                "Isparta",
                "Kirklareli",
                "Adiyaman",
                "Kayseri",
                "Trabzon",
                "Burdur",
                "Yozgat",
                "Sakarya",
                "Edirne",
                "Düzce, Bolu",
                "Sanliurfa",
                "Çorum",
                "Mardin, Batman, Siirt, Sirnak, Hakkari",
                "Samsun",
                "Rize",
                "Izmir",
                "Istanbul, Bursa, Kocaeli, Yalova",
                "Konya, Karaman",
                "Diyarbakir",
                "Mersin (içel)",
                "Van",
                "Denizli",
                "Tekirdag",
                "Bilecik",
                "Çanakkale",
                "Kütahya",
                "Eskisehir"
            ]
        },
        "Education": {
            "probs": [
                0.09259939631014387,
                0.5671632798342833,
                0.17597186011527607,
                0.1642654637402968
            ],
            "uniqVals": [
                "University completed",
                "Primary completed",
                "Secondary completed",
                "Less than primary completed"
            ]
        },