{
    "avail_var": [
        "Home location",
        "Age",
        "Sex",
        "Marital status",
        "Education",
        "Employment"
    ],
    "marginals": {
        "Employment": {
            "probs": [
                0.027232637200487412,
                0.9727673627995126
            ],
            "uniqVals": [
                "Unemployed",
                "Employed"
            ]
        },
        "Home location": {
            "probs": [
                0.21285005316333655,
                0.032003436864144724,
                0.05396799918589543,
                0.03739740420239521,
                0.08213066693104083,
                0.00504723852267297,
                0.03638606811096791,
                0.042077980936734316,
                0.004017543114233244,
                0.039881157518219,
                0.03914101476666095,
                0.03633099015993063,
                0.04530397521177472,
                0.05074882408574535,
                0.05164266054829313,
                0.003228617034613607,
                0.008650385624340048,
                0.005363543327201322,
                0.03149409695502859,
                0.05382164920171067,
                0.03246609165285784,
                0.0555741771485253,
                0.04047442573367765
            ],
            "uniqVals": [
                "Geita, Kagera, Mwanza, Shinyanga, Simiyu",
                "Lindi",
                "Tanga",
                "Mtwara",
                "Arusha, Manyara",
                "Pemba South",
                "Ruvumba",
                "Singida",
                "Zanzibar South",
                "Kilimanjaro",
                "Tabora",
                "Katavi, Rukwa",
                "Mara",
                "Morogoro",
                "Dodoma",
                "Zanzibar North",
                "Zanzibar Town/West",
                "Pemba North",
                "Dar es Salaam",
                "Iringa, Njombe",
                "Pwani",
                "Mbeya",
                "Kigoma"
            ]
        },
        "Education": {
            "probs": [
                0.017827421370979375,
                0.543790380662079,
                0.08257758516231473,
                0.35580461280462694
            ],
            "uniqVals": [
                "University completed",
                "Primary completed",
                "Secondary completed",
                "Less than primary completed"
            ]
        },
        "Age": {
            "probs": [
                0.034625257094327726,
                0.03368693164941833,
                0.032813651804267194,
                0.03199643564594721,
                0.031140723112260075,
                0.03047809584687208,
                0.029826329627825908,
                0.029178063079267666,
                0.02852605550363612,
                0.02787828890800472,
                0.027242848737983483,
                0.02653562222356961,
                0.025718630182078893,
                0.024830627585219953,
                0.023960485375678683,
                0.023104962479308634,
                0.022236406327328394,
                0.02135471348120137,
                0.02048012341458678,
                0.019619376872118992,
                0.018754734144773026,
                0.01802316509474858,
                0.017488353381072175,
                0.017085063766668455,
                0.016685515179338032,
                0.0163165843988379,
                0.015916501379068432,
                0.015442011571979407,
                0.014923784503669407,
                0.014436709674628742,
                0.013966857361930115,
                0.013501659783377985,
                0.013042685756777283,
                0.012590400755542658,
                0.012142460172844762,
                0.011697881342586005,
                0.011268473497693608,
                0.010859443044509209,
                0.010465238781569207,
                0.010076551240580609,
                0.00969684561251914,
                0.009314036828360007,
                0.008921694459078604,
                0.008526386851748322,
                0.008141233460759843,
                0.007763855199771623,
                0.007398975761954553,
                0.007050336174381928,
                0.006715712508517087,
                0.006389070849725685,
                0.006071497302641902,
                0.005765577830680461,
                0.005471915825304795,
                0.005189976854075862,
                0.004917692146261885,
                0.0046543893513750385,
                0.004404361168683756,
                0.004169228135261265,
                0.003946421527448942,
                0.003732527873539356,
                0.003529115991337437,
                0.003327859078647785,
                0.0031246023542507496,
                0.0029233282018049996,
                0.002730208453993668,
                0.0025415193234995586,
                0.0023705354225182352,
                0.0022237388993425985,
                0.0020933029047040938,
                0.0019666079371388847,
                0.0018480501344519961,
                0.0017200277056672307,
                0.001573144983711103,
                0.0014162976827302523,
                0.0012678978622374885,
                0.0011244458517448903,
                0.0009910618588136041,
                0.0008721592610047529,
                0.0007650486563670274,
                0.0006623514292904251,
                0.0005654640000188948,
                0.00047700681147935374,
                0.0003974798165986476,
                0.0003264175419621267,
                0.0002620960119599774,
                0.00020403251342145188,
                0.00015534744220031284,
                0.00011710966317464491,
                8.747452244194734e-05,
                5.9477158538572786e-05,
                4.028931000134626e-05,
                2.958342146440316e-05,
                2.020499414701661e-05,
                1.1774753415027598e-05,
                5.8615170733665934e-06,
                3.7927463415901486e-06,
                2.8617995122907485e-06,
                1.8791334146969372e-06,
                7.930287805143038e-07,
                1.8963731707950741e-07,
                1.2067829268695928e-07
            ],