{
    "avail_var": [
        "Home location",
        "Age",
        "Sex",
        "Marital status",
        "Education",
        "Employment"
    ],
    "marginals": {
        "Employment": {
            "probs": [
                0.027232637200487412,
                0.9727673627995126
            ],
            "uniqVals": [
                "Unemployed",
                "Employed"
            ]
        },
        "Home location": {
            "probs": [
                0.21285005316333655,
                0.032003436864144724,
                0.05396799918589543,
                0.03739740420239521,
                0.08213066693104083,
                0.00504723852267297,
                0.03638606811096791,
                0.042077980936734316,
                0.004017543114233244,
                0.039881157518219,
                0.03914101476666095,
                0.03633099015993063,
                0.04530397521177472,
                0.05074882408574535,
                0.05164266054829313,
                0.003228617034613607,
                0.008650385624340048,
                0.005363543327201322,
                0.03149409695502859,
                0.05382164920171067,
                0.03246609165285784,
                0.0555741771485253,
                0.04047442573367765
            ],
            "uniqVals": [
                "Geita, Kagera, Mwanza, Shinyanga, Simiyu",
                "Lindi",
                "Tanga",
                "Mtwara",
                "Arusha, Manyara",
                "Pemba South",
                "Ruvumba",
                "Singida",
                "Zanzibar South",
                "Kilimanjaro",
                "Tabora",
                "Katavi, Rukwa",
                "Mara",
                "Morogoro",
                "Dodoma",
                "Zanzibar North",
                "Zanzibar Town/West",
                "Pemba North",
                "Dar es Salaam",
                "Iringa, Njombe",
                "Pwani",
                "Mbeya",
                "Kigoma"
            ]
        },
        "Education": {
            "probs": [
                0.017827421370979375,
                0.543790380662079,
                0.08257758516231473,
                0.35580461280462694
            ],
            "uniqVals": [
                "University completed",
                "Primary completed",
                "Secondary completed",
                "Less than primary completed"
            ]
        },
        "Age": {
            "probs": [
                0.0039635142670252504,
                0.00030633831815017815,
                0.007588167997192598,
                0.014716303965245288,
                0.010997755442357253,
                0.0009389479272068817,
                0.03471012474369082,
                0.010174208936371328,
                0.019873173838078167,
                0.0027066878795460945,
                0.007894506315342777,
                0.02051889724500089,
                0.0041040941801489626,
                0.00015841467822149625,
                0.0014913010933235557,
                0.0001342852901480233,
                0.0008088590523759841,
                0.036712863953789074,
                0.005146378834540065,
                0.012463878043778054,
                0.014996939239578072,
                0.001989625412232236,
                0.009292961719774926,
                0.011551157712303207,
                0.027312369091512804,
                0.017879352010528805,
                0.0019277282863046313,
                5.612705486655662e-5,
                0.025529941685563648,
                0.032229518739354875,
                0.00037767737854131557,
                0.017775490731429946,
                0.007408771242385473,
                0.0037248431458637246,
                0.017819553092259764,
                0.011741570057317787,
                0.00034515515983359117,
                0.017955936590066352,
                0.02087873985844442,
                0.009610840180047198,
                0.0003173539083576332,
                0.003454698909823756,
                0.00010281217526958035,
                6.609354124473022e-5,
                0.045357479507068074,
                0.0076621298171569395,
                0.0095090771086069,
                0.030398308005344134,
                0.0212301896412537,
                0.0033429693520052833,
                0.03462147547011654,
                0.0011629315947584674,
                0.0009253095774262231,
                8.340375442787385e-5,
                0.010938481076002851,
                0.00018097041055104704,
                0.0036230800744234256,
                0.015089784928469479,
                0.01765484379106258,
                9.599300037925103e-5,
                0.0003367623291993397,
                0.0032522218707724394,
                0.0010302199603543663,
                0.02485012240418928,
                0.0013470493167973589,
                0.01928777390133913,
                0.015024215939139388,
                0.0016560103945207406,
                0.012374704218289132,
                0.00044324636787140505,
                0.017066821094750335,
                0.0063360625769452086,
                0.020551419463708614,
                0.010580736670217883,
                0.02089237820822508,
                0.00772822335840167,
                0.03166772363877467,
                0.0003923648321512556,
                0.02509194083683865,
                0.0015930641647638546,
                0.00032574673899188463,
                0.0001867404816120949,
                0.006115226220881467,
                0.003224945171211122,
                0.034405884633199206,
                0.0003829228976877227,
                0.021880634015408188,
                0.003930467496402885,
                0.023657815902210933,
                0.00685694262818344,
                0.0010186798182322705,
                0.009194870511737112,
                0.015685675903501332
            ],