{
    "avail_var": [
        "Home location",
        "Age",
        "Sex",
        "Marital status",
        "Religion",
        "Education",
        "Employment"
    ],
    "marginals": {
        "Employment": {
            "probs": [
                0.027477355349734854,
                0.9725226446502652
            ],
            "uniqVals": [
                "Unemployed",
                "Employed"
            ]
        },
        "Home location": {
            "probs": [
                0.03985050303629266,
                0.04878242186247329,
                0.0017894156849368981,
                0.00844156412072871,
                0.009891638023771417,
                0.016567108918799943,
                0.011840229492998889,
                0.01403428984569278,
                0.017510502394925034,
                0.008320870394178715,
                0.01678575697414414,
                0.017890658480483476,
                0.01945209712638149,
                0.024190637781800903,
                0.04320660492045584,
                0.020562829247530005,
                0.03784185623453065,
                0.04909377669328342,
                0.028607328499753656,
                0.026364874044143585,
                0.02128815772979182,
                0.08867607144835388,
                0.022422795371657964,
                0.023224504907920017,
                0.01073882635554506,
                0.033816982831754695,
                0.008558176416912281,
                0.031075427748478938,
                0.029455099893008218,
                0.021210027491348826,
                0.03134130378377748,
                0.022572642172253854,
                0.03660459977202296,
                0.0552060101977453,
                0.03556616727450826,
                0.06721824282761496
            ],
            "uniqVals": [
                "Mukono, Kayunga, Buikwe, Buvuma",
                "Arua, Yumbe, Koboko, Maracha",
                "Kalangala",
                "Kapchorwa, Bukwo, Kween",
                "Adjumani, Moyo",
                "Kabale, Rubanda",
                "Jinja",
                "Kumi, Bukedea, Ngora",
                "Hoima",
                "Kisoro",
                "Rukungiri, Kanungu",
                "Rakai, Lyantonde",
                "Masindi, Buliisa, Kiryandongo",
                "Kotido, Moroto, Nakapiripirit, Abim, Kaabong, Amudat, Napak",
                "Kampala",
                "Nebbi, Zombo",
                "Mbale, Sironko, Bududa, Manafwa, Bulambuli",
                "Kabarole, Kamwenge, Kyenjojo, Kyegegwa",
                "Kamuli, Kaliro, Buyende",
                "Kibaale, Kagadi, Kakumiro",
                "Gulu, Amuru, Nwoya, Omoro",
                "Bushenyi, Mbarara, Ntungamo, Ibanda, Isingiro, Kiruhura, Buhweju, Mitooma, Rubirizi, Sheema",
                "Pallisa, Budaka, Kibuku",
                "Luwero, Nakasongola, Nakaseke",
                "Kiboga, Kyankwanzi",
                "Lira, Amolatar, Dokolo, Alebtong, Otuke",
                "Bundibugyo, Ntoroko",
                "Apac, Oyam, Kole",
                "Mubende, Mityana",
                "Kasese",
                "Busia, Tororo, Butaleja",
                "Kitgum, Pader, Agago, Lamwo",
                "Katakwi, Soroti, Kaberamaido, Amuria, Serere",
                "Bugiri, Iganga, Mayuge, Namutumba, Luuka, Namayingo",
                "Masaka, Ssembabule, Bukomansimbi, Kalungu, Lwengo",
                "Mpigi, Wakiso, Butambala, Gomba"
            ]
        },
        "Education": {
            "probs": [
                0.023368521093706726,
                0.4174451995090622,
                0.06875519289131442,
                0.4904310865059166
            ],
            "uniqVals": [
                "University completed",
                "Primary completed",
                "Secondary completed",
                "Less than primary completed"
            ]
        },
        "Religion": {
            "probs": [
                0.011972584449167243,
                0.0002011562109166601,
                9.270677546593901e-05,
                0.00047402898398621644,
                0.12475999731791719,
                0.8599789514805388,
                0.002520574782007889
            ],
            "uniqVals": [
                "Other",
                "Jewish",
                "Buddhist",
                "Hindu",
                "Muslim",
                "Christian",
                "No religion"
            ]
        },