{
    "avail_var": [
        "Home location",
        "Age",
        "Sex",
        "Marital status",
        "Religion",
        "Education",
        "Employment"
    ],
    "marginals": {
        "Employment": {
            "probs": [
                0.027477355349734854,
                0.9725226446502652
            ],
            "uniqVals": [
                "Unemployed",
                "Employed"
            ]
        },
        "Home location": {
            "probs": [
                0.03985050303629266,
                0.04878242186247329,
                0.0017894156849368981,
                0.00844156412072871,
                0.009891638023771417,
                0.016567108918799943,
                0.011840229492998889,
                0.01403428984569278,
                0.017510502394925034,
                0.008320870394178715,
                0.01678575697414414,
                0.017890658480483476,
                0.01945209712638149,
                0.024190637781800903,
                0.04320660492045584,
                0.020562829247530005,
                0.03784185623453065,
                0.04909377669328342,
                0.028607328499753656,
                0.026364874044143585,
                0.02128815772979182,
                0.08867607144835388,
                0.022422795371657964,
                0.023224504907920017,
                0.01073882635554506,
                0.033816982831754695,
                0.008558176416912281,
                0.031075427748478938,
                0.029455099893008218,
                0.021210027491348826,
                0.03134130378377748,
                0.022572642172253854,
                0.03660459977202296,
                0.0552060101977453,
                0.03556616727450826,
                0.06721824282761496
            ],
            "uniqVals": [
                "Mukono, Kayunga, Buikwe, Buvuma",
                "Arua, Yumbe, Koboko, Maracha",
                "Kalangala",
                "Kapchorwa, Bukwo, Kween",
                "Adjumani, Moyo",
                "Kabale, Rubanda",
                "Jinja",
                "Kumi, Bukedea, Ngora",
                "Hoima",
                "Kisoro",
                "Rukungiri, Kanungu",
                "Rakai, Lyantonde",
                "Masindi, Buliisa, Kiryandongo",
                "Kotido, Moroto, Nakapiripirit, Abim, Kaabong, Amudat, Napak",
                "Kampala",
                "Nebbi, Zombo",
                "Mbale, Sironko, Bududa, Manafwa, Bulambuli",
                "Kabarole, Kamwenge, Kyenjojo, Kyegegwa",
                "Kamuli, Kaliro, Buyende",
                "Kibaale, Kagadi, Kakumiro",
                "Gulu, Amuru, Nwoya, Omoro",
                "Bushenyi, Mbarara, Ntungamo, Ibanda, Isingiro, Kiruhura, Buhweju, Mitooma, Rubirizi, Sheema",
                "Pallisa, Budaka, Kibuku",
                "Luwero, Nakasongola, Nakaseke",
                "Kiboga, Kyankwanzi",
                "Lira, Amolatar, Dokolo, Alebtong, Otuke",
                "Bundibugyo, Ntoroko",
                "Apac, Oyam, Kole",
                "Mubende, Mityana",
                "Kasese",
                "Busia, Tororo, Butaleja",
                "Kitgum, Pader, Agago, Lamwo",
                "Katakwi, Soroti, Kaberamaido, Amuria, Serere",
                "Bugiri, Iganga, Mayuge, Namutumba, Luuka, Namayingo",
                "Masaka, Ssembabule, Bukomansimbi, Kalungu, Lwengo",
                "Mpigi, Wakiso, Butambala, Gomba"
            ]
        },
        "Education": {
            "probs": [
                0.023368521093706726,
                0.4174451995090622,
                0.06875519289131442,
                0.4904310865059166
            ],
            "uniqVals": [
                "University completed",
                "Primary completed",
                "Secondary completed",
                "Less than primary completed"
            ]
        },
        "Religion": {
            "probs": [
                0.011972584449167243,
                0.0002011562109166601,
                9.270677546593901e-5,
                0.00047402898398621644,
                0.12475999731791719,
                0.8599789514805388,
                0.002520574782007889
            ],
            "uniqVals": [
                "Other",
                "Jewish",
                "Buddhist",
                "Hindu",
                "Muslim",
                "Christian",
                "No religion"
            ]
        },
        "Age": {
            "probs": [
                0.0026313564633822814,
                0.00016908782946617806,
                0.019810096875665054,
                0.014439517574930689,
                0.01013011016946682,
                0.00046586612325336644,
                0.03003407994355965,
                0.007151249063457496,
                0.016041187463012037,
                0.021076506412218636,
                0.005350172148902241,
                0.002947958847520677,
                0.003936831119157359,
                0.002016809662494862,
                0.0009171557094837865,
                0.004591609162228111,
                0.03584253841646332,
                0.000322432998947574,
                0.016925108668083506,
                0.027125186215260468,
                0.0011497972403700107,
                0.005079048560275438,
                0.010555745050536854,
                0.03136695848893786,
                0.014026710046440847,
                0.002241871394129154,
                0.024894392989268755,
                0.025395825862858108,
                0.0004087260981234166,
                0.004828915184961678,
                0.025005174670643147,
                0.004013212173157599,
                0.007804277922085494,
                0.012033222843182699,
                0.0005982210794217197,
                0.015022579055848544,
                0.016710542043105736,
                0.022204730377794687,
                0.0002588792975275278,
                0.002753216312894113,
                7.754717696207476e-5,
                8.571003769492474e-5,
                0.03388695020946484,
                0.008232828110560118,
                0.008818804898882563,
                0.02456671243699292,
                0.015563660110140314,
                0.0017550150575627447,
                0.02494978382995595,
                0.0008541850695446582,
                0.0005620712676048126,
                7.638105400023905e-5,
                0.011037353833775002,
                0.0019818259736397903,
                0.00906952133567724,
                0.020382663249926387,
                0.00020990213313042794,
                0.003119378922910526,
                0.000753898494826787,
                0.0187699151937076,
                0.0014459924726762813,
                0.01186413501371652,
                0.016118151578493195,
                0.0011684552077593823,
                0.02432998947574027,
                0.000532335132078002,
                0.027058717206435833,
                0.004465084820868936,
                0.024831422349329627,
                0.024467008923755966,
                0.025944486716401812,
                0.007102271899060397,
                0.030667867773317356,
                0.00020815294868767437,
                0.0014314159356533349,
                0.029366474547908705,
                9.503902138961043e-5,
                0.005753067632216479,
                0.0021590766638388183,
                0.031130235527685218,
                0.02631181544938006,
                0.0028651641172303412,
                0.02550427529830883,
                0.006550695738112105,
                0.024016302399006463,
                0.011581350195471362
            ],