{
    "avail_var": [
        "Home location",
        "Age",
        "Sex",
        "Marital status",
        "Education",
        "Employment"
    ],
    "marginals": {
        "Employment": {
            "probs": [
                0.04023982716193853,
                0.9597601728380615
            ],
            "uniqVals": [
                "Unemployed",
                "Employed"
            ]
        },
        "Home location": {
            "probs": [
                0.025569677827468842,
                0.03419115739457883,
                0.03840667948011689,
                0.02340920205913102,
                0.020818728686415277,
                0.04836783065932598,
                0.048352375032981204,
                0.07553274992023792,
                0.03618106928646893,
                0.008470787210248404,
                0.023565966269199476,
                0.04042971057131723,
                0.026492047528258955,
                0.026496463421500322,
                0.03137381750658796,
                0.05945172269515212,
                0.06146426603990422,
                0.029803415472627534,
                0.02516893551581497,
                0.023760817558474708,
                0.024043986712577237,
                0.02177311361320529,
                0.029546189691318024,
                0.027685442676737847,
                0.03918553265056264,
                0.09798315115933758,
                0.0524751633604506
            ],
            "uniqVals": [
                "Zakarpatska oblast",
                "Poltavska oblast",
                "The Autonomous Republic of Crimea",
                "Kirovohradska oblast",
                "Chernivetska oblast",
                "Odeska oblast",
                "Luhanska oblast",
                "Dnipropetrovska oblast",
                "Vinnytska oblast",
                "Sevastopol (independent city)",
                "Khersonska oblast",
                "Zaporizka oblast",
                "Sumska oblast",
                "Mykolaivska oblast",
                "Ivano-Frankivska oblast",
                "Kharkivska oblast",
                "Kyiv (independent city)",
                "Khmelnytska oblast",
                "Chernihivska oblast",
                "Ternopilska oblast",
                "Rivnenska oblast",
                "Volynska oblast",
                "Cherkaska oblast",
                "Zhytomyrska oblast",
                "Kyivska oblast",
                "Donetska oblast",
                "Lvivska oblast"
            ]
        },
        "Education": {
            "probs": [
                0.2176891851462599,
                0.08655868335727115,
                0.6857755246909151,
                0.009976606805553869
            ],
            "uniqVals": [
                "University completed",
                "Primary completed",
                "Secondary completed",
                "Less than primary completed"
            ]
        },
        "Age": {
            "probs": [
                0.0006684558394116263,
                8.279799827559369e-6,
                0.030928916262520437,
                0.02864258753680371,
                8.831786482729993e-6,
                0.025544838427986164,
                0.011925671684961345,
                0.00149367588889171,
                0.026261317106397637,
                0.03229618720737808,
                0.005951520116049674,
                0.006900937162943149,
                0.000301384713723161,
                0.0073397665538037955,
                0.014301974235470883,
                2.2079466206824983e-6,
                0.026339699211431863,
                8.445395824110556e-5,
                2.759933275853123e-6,
                0.0005889697610670564,
                0.026056530057329334,
                0.0064775633984272794,
                0.025136920289815075,
                0.0007142707317907883,
                0.025056882224815332,
                0.026400969730155804,
                2.4839399482678105e-5,
                0.0020887175031656436,
                0.0031833070403689922,
                0.002365262817406126,
                0.027523710586772856,
                0.03075559245279686,
                1.2695693068924365e-5,
                0.027992347257012714,
                0.030038009801075048,
                5.519866551706246e-7,
                8.831786482729993e-6,
                0.000965976646548593,
                0.026298300212294068,
                0.028788312013768753,
                0.017862840147976584,
                0.024742801818023248,
                0.026165823415053118,
                0.00012750891734441427,
                0.0317922233912073,
                4.471091906882059e-5,
                9.383773137900619e-6,
                2.3183439517166234e-5,
                0.031698385659828285,
                0.00019650724924074236,
                0.004987751416121764,
                0.02525559742067676,
                1.1039733103412491e-5,
                0.004101260847917741,
                5.630263882740371e-5,
                0.029911052870385806,
                0.0005370830154810178,
                0.026192870761156478,
                0.026007955231674318,
                0.0001683559298270405,
                1.6559599655118737e-6,
                3.422317262057873e-5,
                0.0005608184416533546,
                0.003922969158297629,
                0.017529992194908695,
                0.010222240867104796,
                0.025456520563158867,
                0.02047649696020949,
                5.519866551706246e-6,
                0.02356099838930294,
                0.0003637592057574416,
                0.020710539302001833,
                0.00040239827161938534,
                0.025241797754297492,
                0.022572942276547523,
                0.0036651913903329473,
                0.025404633817572825,
                0.006784467978702147,
                0.03358893995378768,
                0.00011922911751685491
            ],
            "uniqVals": [
                68,
                89,
                39,
                46,
                85,
                25,
                55,
                66,
                29,
                42,
                58,
                59,
                74,
                57,
                20,
                90,
                31,
                78,
                14,
                70,
                52,
                18,
                33,
                69,
                26,
                35,
                83,
                65,
                64,
                17,
                49,
                44,
                84,
                37,
                45,
                13,
                86,
                67,
                30,
                47,
                54,
                32,
                50,
                77,
                40,
                80,
                91,
                82,
                43,
                75,
                60,
                34,
                87,
                61,
                79,
                38,
                71,
                48,
                36,
                76,
                12,
                81,
                16,
                62,
                21,
                19,
                51,
                22,
                88,
                24,
                73,
                53,
                72,
                28,
                23,
                63,
                27,
                56,
                41,
                15
            ]
        },
        "Marital status": {
            "probs": [
                0.03396649882592438,
                0.7261086375975775,
                0.10607693148410444,
                0.13384793209239373
            ],