{
    "avail_var": [
        "Home location",
        "Age",
        "Sex",
        "Marital status",
        "Education",
        "Employment"
    ],
    "marginals": {
        "Employment": {
            "probs": [
                0.04023982716193853,
                0.9597601728380615
            ],
            "uniqVals": [
                "Unemployed",
                "Employed"
            ]
        },
        "Home location": {
            "probs": [
                0.025569677827468842,
                0.03419115739457883,
                0.03840667948011689,
                0.02340920205913102,
                0.020818728686415277,
                0.04836783065932598,
                0.048352375032981204,
                0.07553274992023792,
                0.03618106928646893,
                0.008470787210248404,
                0.023565966269199476,
                0.04042971057131723,
                0.026492047528258955,
                0.026496463421500322,
                0.03137381750658796,
                0.05945172269515212,
                0.06146426603990422,
                0.029803415472627534,
                0.02516893551581497,
                0.023760817558474708,
                0.024043986712577237,
                0.02177311361320529,
                0.029546189691318024,
                0.027685442676737847,
                0.03918553265056264,
                0.09798315115933758,
                0.0524751633604506
            ],
            "uniqVals": [
                "Zakarpatska oblast",
                "Poltavska oblast",
                "The Autonomous Republic of Crimea",
                "Kirovohradska oblast",
                "Chernivetska oblast",
                "Odeska oblast",
                "Luhanska oblast",
                "Dnipropetrovska oblast",
                "Vinnytska oblast",
                "Sevastopol (independent city)",
                "Khersonska oblast",
                "Zaporizka oblast",
                "Sumska oblast",
                "Mykolaivska oblast",
                "Ivano-Frankivska oblast",
                "Kharkivska oblast",
                "Kyiv (independent city)",
                "Khmelnytska oblast",
                "Chernihivska oblast",
                "Ternopilska oblast",
                "Rivnenska oblast",
                "Volynska oblast",
                "Cherkaska oblast",
                "Zhytomyrska oblast",
                "Kyivska oblast",
                "Donetska oblast",
                "Lvivska oblast"
            ]
        },
        "Education": {
            "probs": [
                0.2176891851462599,
                0.08655868335727115,
                0.6857755246909151,
                0.009976606805553869
            ],
            "uniqVals": [
                "University completed",
                "Primary completed",
                "Secondary completed",
                "Less than primary completed"
            ]
        },
        "Age": {
            "probs": [
                0.008633588266377484,
                0.009452888454816073,
                0.010115847873748486,
                0.010633536304324695,
                0.010806424919163888,
                0.011148860756996186,
                0.011370483685563388,
                0.011480749616484362,
                0.011489023539150873,
                0.011429742247078743,
                0.011337387994897353,
                0.011096103134718803,
                0.010665268161584163,
                0.01012937255503028,
                0.00960811542704022,
                0.009070992370420425,
                0.008727147238068009,
                0.008690846538896539,
                0.008876759762768452,
                0.009077334195760964,
                0.00932473357571229,
                0.009664941818980529,
                0.010097026972737856,
                0.010608600883541288,
                0.011151020159889918,
                0.011689484319359504,
                0.012365127388972991,
                0.013228865815908902,
                0.014184890303355872,
                0.015103432102679016,
                0.016030770627474517,
                0.016688774785029736,
                0.01693224177865879,
                0.016886212401187144,
                0.016833568431693643,
                0.016732940256845744,
                0.01656862106191115,
                0.016366114531592667,
                0.016129534896666773,
                0.01583678805594708,
                0.01549155635963132,
                0.015176919992736222,
                0.014931930051803164,
                0.014729559904825338,
                0.01452450755214793,
                0.014350823367821574,
                0.014114130080111802,
                0.013771080517246547,
                0.01338525204652863,
                0.01302535914109227,
                0.012631847742184022,
                0.012499305865622447,
                0.012766617213309657,
                0.013277463746296254,
                0.013748872763276276,
                0.014252081829186093,
                0.014555671145487996,
                0.01452052970471211,
                0.014259764757376423,
                0.014011092466245633,
                0.013709639822280685,
                0.013450534205589658,
                0.013299376003028435,
                0.013188314502620297,
                0.01301422116827197,
                0.012834126966934745,
                0.012436364953909363,
                0.011716897370831508,
                0.01079562790469523,
                0.00990638579305651,
                0.00901439328404788,
                0.008206617487894785,
                0.007553886819511627,
                0.007025674141148073,
                0.00646902553625759,
                0.005852595567045901,
                0.005514705840568829,
                0.005588602880648006,
                0.005899488705675045,
                0.006191530899134676,
                0.006578564089361729,
                0.006551651110138799,
                0.005851595422547752,
                0.00473820729053968,
                0.0037099450936581902,
                0.002642472686337887,
                0.0018478124214446163,
                0.0015236292207035456,
                0.0015039672890921991,
                0.0014953751386308244,
                0.001434843665936008,
                0.0012852538717923404,
                0.0010213975687351012,
                0.0006653006662803532,
                0.0003913747265712912,
                0.0002760171509324654,
                0.00021750869779072398,
                0.00015127185534510065,
                7.728389303881926e-05,
                3.686896309087201e-05,
                4.3119866204305926e-05
            ],