{
    "avail_var": [
        "Home location",
        "Age",
        "Sex",
        "Marital status",
        "Race",
        "Education",
        "Employment"
    ],
    "marginals": {
        "Employment": {
            "probs": [
                0.06375083175513128,
                0.9362491682448687
            ],
            "uniqVals": [
                "Unemployed",
                "Employed"
            ]
        },
        "Home location": {
            "probs": [
                0.05266929415979935,
                0.41395173260991963,
                0.016347187388032963,
                0.015253109484567743,
                0.03432589445667195,
                0.020006909965706095,
                0.017409274709525517,
                0.03815836617699749,
                0.033769258330347544,
                0.025253365409223523,
                0.031824230946409376,
                0.16347827199672416,
                0.02502303321902032,
                0.019187951067205816,
                0.013749552131852383,
                0.007722526488201873,
                0.019782975891897425,
                0.023436300353176023,
                0.028650765214720784
            ],
            "uniqVals": [
                "Maldonado",
                "Montevideo",
                "Durazno",
                "Río Negro",
                "Salto",
                "Artigas",
                "Lavalleja",
                "Colonia",
                "San Jose",
                "Tacuarembó",
                "Paysandú",
                "Canelones",
                "Soriano",
                "Rocha",
                "Treinta Y Tres",
                "Flores",
                "Florida",
                "Cerro Largo",
                "Rivera"
            ]
        },
        "Education": {
            "probs": [
                0.07751318011977273,
                0.5812304857449967,
                0.28287352203511285,
                0.058382812100117726
            ],
            "uniqVals": [
                "University completed",
                "Primary completed",
                "Secondary completed",
                "Less than primary completed"
            ]
        },
        "Age": {
            "probs": [
                0.013638263631691776,
                0.01370817085440781,
                0.01374399108422925,
                0.013751212904757766,
                0.013856073738831817,
                0.013757568106822859,
                0.013665128804057855,
                0.013582800050032774,
                0.013516070428349286,
                0.013455984881552035,
                0.013393877225006796,
                0.01340398777374672,
                0.013518959156560692,
                0.013702971143627278,
                0.013885249893767021,
                0.014079083556752388,
                0.014249229648404223,
                0.014370556233283292,
                0.014458084698088904,
                0.014545613162894518,
                0.014616964749716256,
                0.014697560266814493,
                0.014801554482425122,
                0.014906704189320316,
                0.014988166324881974,
                0.015063273258378541,
                0.015043629906540977,
                0.01488590534619819,
                0.014636030355911538,
                0.014395399295901386,
                0.014161123437956329,
                0.0139028711358566,
                0.01362150900806562,
                0.013340435753095778,
                0.01305589602427225,
                0.012736691556911846,
                0.0125977437299432,
                0.012735536065627285,
                0.01304116351039408,
                0.013317037054583387,
                0.013612265077789119,
                0.013771145129416469,
                0.01369950466977359,
                0.013472739505178192,
                0.013275439368339137,
                0.013089405271524563,
                0.01284704097458757,
                0.01253968029289393,
                0.012198810363947979,
                0.011848407631904386,
                0.011463051288502776,
                0.011212598552573843,
                0.01117851155967925,
                0.011278172682972768,
                0.011348079905688802,
                0.011422320220721946,
                0.011428386549965898,
                0.011314859531257628,
                0.011117270521597432,
                0.01093036980631944,
                0.01074462458232601,
                0.010502260285389016,
                0.01018710003752458,
                0.009823409155708517,
                0.009450185470794814,
                0.009055874069937844,
                0.008697671771723453,
                0.008407932332119394,
                0.008159501705938446,
                0.007897494057163888,
                0.007634330917104767,
                0.007355857517525192,
                0.007050230072758398,
                0.006727848004365446,
                0.006412110010858729,
                0.006100416236847981,
                0.005790166826942937,
                0.00548338389089158,
                0.005180645174336192,
                0.004878773076244226,
                0.004574878868404276,
                0.004291205758044169,
                0.004036708802619268,
                0.003800410834926227,
                0.00356642384980231,
                0.0033411030493126132,
                0.0030952722785219304,
                0.0028130435322675277,
                0.0025105936885332805,
                0.0021997665329859546,
                0.001948158305772459,
                0.0017286149617055746,
                0.001458807746760219,
                0.0011398921522209554,
                0.0009056162942758984,
                0.0007822675996488463,
                0.0006635408701600443,
                0.0005228598062645538,
                0.00036080215360465625,
                0.00025651906517288605,
                0.0005875673182000566
            ],