{
    "avail_var": [
        "Home location",
        "Age",
        "Sex",
        "Marital status",
        "Race",
        "Education",
        "Employment"
    ],
    "marginals": {
        "Employment": {
            "probs": [
                0.06375083175513128,
                0.9362491682448687
            ],
            "uniqVals": [
                "Unemployed",
                "Employed"
            ]
        },
        "Home location": {
            "probs": [
                0.05266929415979935,
                0.41395173260991963,
                0.016347187388032963,
                0.015253109484567743,
                0.03432589445667195,
                0.020006909965706095,
                0.017409274709525517,
                0.03815836617699749,
                0.033769258330347544,
                0.025253365409223523,
                0.031824230946409376,
                0.16347827199672416,
                0.02502303321902032,
                0.019187951067205816,
                0.013749552131852383,
                0.007722526488201873,
                0.019782975891897425,
                0.023436300353176023,
                0.028650765214720784
            ],
            "uniqVals": [
                "Maldonado",
                "Montevideo",
                "Durazno",
                "Río Negro",
                "Salto",
                "Artigas",
                "Lavalleja",
                "Colonia",
                "San Jose",
                "Tacuarembó",
                "Paysandú",
                "Canelones",
                "Soriano",
                "Rocha",
                "Treinta Y Tres",
                "Flores",
                "Florida",
                "Cerro Largo",
                "Rivera"
            ]
        },
        "Education": {
            "probs": [
                0.07751318011977273,
                0.5812304857449967,
                0.28287352203511285,
                0.058382812100117726
            ],
            "uniqVals": [
                "University completed",
                "Primary completed",
                "Secondary completed",
                "Less than primary completed"
            ]
        },
        "Age": {
            "probs": [
                0.0035893432973332653,
                2.5592465578133797e-5,
                0.021913548651277065,
                0.02058913855760864,
                0.00013436044428520244,
                0.02495265393868045,
                0.01708297077340431,
                0.005310436607462763,
                0.024479193325484976,
                0.023058811485898553,
                0.014242207094231457,
                0.013826329528586784,
                0.0011452628346214873,
                0.015764958796130418,
                0.02044198188053437,
                1.919434918360035e-5,
                0.02441521216153964,
                0.0007421815017658801,
                0.0013627987920356247,
                0.002437682346317244,
                0.02472871986487178,
                0.019578236167272355,
                0.015630598351845215,
                0.0031414751497159236,
                0.023973742130316836,
                0.02604033372575114,
                0.0001535547934688028,
                0.008695040180170957,
                0.0068395864257562574,
                0.006059016225623177,
                0.020915442493729845,
                0.0202564365050929,
                0.00017274914265240314,
                0.023046015253109484,
                0.020582740441214106,
                0.0005502380099298767,
                7.67773967344014e-5,
                0.004382709730255413,
                2.5592465578133797e-5,
                0.024012130828684034,
                0.020992219890464247,
                0.018477760147412602,
                0.025458105133848594,
                0.02171520704304653,
                0.0003646926344884066,
                0.023263551210523623,
                0.0006334135230588115,
                0.0002623227721758714,
                2.5592465578133797e-5,
                0.020429185647745304,
                0.0011388647182269539,
                0.011887700261043148,
                0.025438910784664995,
                3.1990581972667245e-5,
                0.00968035010492911,
                0.0004670624968009418,
                0.023097200184265754,
                0.0020473972462507037,
                0.021523263551210522,
                0.024959052055074985,
                0.0008061626657112146,
                0.00021113784101960383,
                0.00035189640169933973,
                6.398116394533449e-6,
                0.005687925474740237,
                0.008778215693299892,
                0.022137482725085735,
                0.01762041255054512,
                0.020077289246045963,
                0.02292445104161335,
                4.478681476173414e-5,
                0.02346189281875416,
                0.0014139837231918924,
                1.2796232789066898e-5,
                0.0182474279572094,
                0.001765880124891232,
                0.02428085171725444,
                0.02288606234324615,
                0.007760915186569074,
                0.023097200184265754,
                0.017306904847212982,
                0.022067103444745866,
                0.00276398628243845
            ],
            "uniqVals": [
                68,
                89,
                39,
                46,
                85,
                25,
                55,
                66,
                29,
                42,
                58,
                59,
                74,
                57,
                20,
                90,
                31,
                78,
                14,
                70,
                33,
                52,
                18,
                69,
                26,
                35,
                83,
                17,
                64,
                65,
                49,
                44,
                84,
                37,
                45,
                13,
                86,
                67,
                99,
                30,
                47,
                54,
                32,
                50,
                80,
                40,
                77,
                82,
                91,
                43,
                75,
                60,
                34,
                87,
                61,
                79,
                38,
                71,
                48,
                36,
                76,
                12,
                81,
                98,
                16,
                62,
                21,
                19,
                51,
                22,
                88,
                24,
                73,
                92,
                53,
                72,
                28,
                23,
                63,
                27,
                56,
                41,
                15
            ]
        },
        "Marital status": {
            "probs": [
                0.021779188206991863,
                0.6223703741618467,
                0.11165352920100323,
                0.24419690843015815
            ],
            "uniqVals": [
                "Widowed",
                "Married/in union",
                "Separated/divorced/spouse absent",
                "Single/never married"
            ]
        },
        "Race": {
            "probs": [
                0.027076828581665557,
                0.9020000511849312,
                0.0015739366330552286,
                0.0024952653938680454,
                0.017965910835849926,
                0.048888007370630086
            ],