{
    "avail_var": [
        "Home location",
        "Age",
        "Sex",
        "Marital status",
        "Race",
        "Education",
        "Employment"
    ],
    "marginals": {
        "Employment": {
            "probs": [
                0.05839772971342659,
                0.9416022702865734
            ],
            "uniqVals": [
                "Unemployed",
                "Employed"
            ]
        },
        "Home location": {
            "probs": [
                0.009144209809575601,
                0.030207162996992405,
                0.02028934794544157,
                0.04131835389861136,
                0.011032851130279693,
                0.019763818646040675,
                0.013194375987815555,
                0.003597753998755703,
                0.027896792573911942,
                0.006519827469710254,
                0.002130841780427983,
                0.030130128888508797,
                0.04172441504671988,
                0.010689461799242584,
                0.004763710928855084,
                0.002888126236707536,
                0.01266362403699204,
                0.004178773969521912,
                0.013548210621697898,
                0.004774156231700319,
                0.01834717444765565,
                0.00476697508599422,
                0.008217189182060975,
                0.06353747154471014,
                0.0029090168423980063,
                0.020855352793367754,
                0.024047045644014938,
                0.0030787530136330787,
                0.029539316446325178,
                0.01925917995233025,
                0.08051304716250084,
                0.019236330852356296,
                0.03767098471134079,
                0.012271925180295719,
                0.0019441319920694038,
                0.02292025859958519,
                0.008375174387595158,
                0.0022196268546124825,
                0.0026172011941592477,
                0.019078345646822113,
                0.008606929544473814,
                0.030542718350895587,
                0.058729368078762806,
                0.014661288206143274,
                0.013240074187763459,
                0.004952379211497145,
                0.005502716105155475,
                0.11980958212913136,
                0.009435372626386532,
                0.0025453897370982556,
                0.020113736291356054
            ],
            "uniqVals": [
                "Utah",
                "Georgia",
                "Maryland",
                "Pennsylvania",
                "Oklahoma",
                "Wisconsin",
                "Kentucky",
                "Rhode Island",
                "Virginia",
                "Nebraska",
                "Alaska",
                "Michigan",
                "Illinois",
                "Iowa",
                "Hawaii",
                "Delaware",
                "Oregon",
                "Maine",
                "Alabama",
                "Idaho",
                "Colorado",
                "New Hampshire",
                "Mississippi",
                "New York",
                "South Dakota",
                "Indiana",
                "Massachusetts",
                "Montana",
                "New Jersey",
                "Arizona",
                "Texas",
                "Missouri",
                "Ohio",
                "Connecticut",
                "Wyoming",
                "Washington",
                "Arkansas",
                "Vermont",
                "North Dakota",
                "Minnesota",
                "Nevada",
                "North Carolina",
                "Florida",
                "South Carolina",
                "Louisiana",
                "West Virginia",
                "New Mexico",
                "California",
                "Kansas",
                "District of Columbia",
                "Tennessee"
            ]
        },
        "Education": {
            "probs": [
                0.3403928347833807,
                0.062129314154886865,
                0.5834569904862876,
                0.01402086057544479
            ],
            "uniqVals": [
                "University completed",
                "Primary completed",
                "Secondary completed",
                "Less than primary completed"
            ]
        },