{
    "avail_var": [
        "Home location",
        "Age",
        "Sex",
        "Marital status",
        "Race",
        "Education",
        "Employment"
    ],
    "marginals": {
        "Employment": {
            "probs": [
                0.05839772971342659,
                0.9416022702865734
            ],
            "uniqVals": [
                "Unemployed",
                "Employed"
            ]
        },
        "Home location": {
            "probs": [
                0.009144209809575601,
                0.030207162996992405,
                0.02028934794544157,
                0.04131835389861136,
                0.011032851130279693,
                0.019763818646040675,
                0.013194375987815555,
                0.003597753998755703,
                0.027896792573911942,
                0.006519827469710254,
                0.002130841780427983,
                0.030130128888508797,
                0.04172441504671988,
                0.010689461799242584,
                0.004763710928855084,
                0.002888126236707536,
                0.01266362403699204,
                0.004178773969521912,
                0.013548210621697898,
                0.004774156231700319,
                0.01834717444765565,
                0.00476697508599422,
                0.008217189182060975,
                0.06353747154471014,
                0.0029090168423980063,
                0.020855352793367754,
                0.024047045644014938,
                0.0030787530136330787,
                0.029539316446325178,
                0.01925917995233025,
                0.08051304716250084,
                0.019236330852356296,
                0.03767098471134079,
                0.012271925180295719,
                0.0019441319920694038,
                0.02292025859958519,
                0.008375174387595158,
                0.0022196268546124825,
                0.0026172011941592477,
                0.019078345646822113,
                0.008606929544473814,
                0.030542718350895587,
                0.058729368078762806,
                0.014661288206143274,
                0.013240074187763459,
                0.004952379211497145,
                0.005502716105155475,
                0.11980958212913136,
                0.009435372626386532,
                0.0025453897370982556,
                0.020113736291356054
            ],
            "uniqVals": [
                "Utah",
                "Georgia",
                "Maryland",
                "Pennsylvania",
                "Oklahoma",
                "Wisconsin",
                "Kentucky",
                "Rhode Island",
                "Virginia",
                "Nebraska",
                "Alaska",
                "Michigan",
                "Illinois",
                "Iowa",
                "Hawaii",
                "Delaware",
                "Oregon",
                "Maine",
                "Alabama",
                "Idaho",
                "Colorado",
                "New Hampshire",
                "Mississippi",
                "New York",
                "South Dakota",
                "Indiana",
                "Massachusetts",
                "Montana",
                "New Jersey",
                "Arizona",
                "Texas",
                "Missouri",
                "Ohio",
                "Connecticut",
                "Wyoming",
                "Washington",
                "Arkansas",
                "Vermont",
                "North Dakota",
                "Minnesota",
                "Nevada",
                "North Carolina",
                "Florida",
                "South Carolina",
                "Louisiana",
                "West Virginia",
                "New Mexico",
                "California",
                "Kansas",
                "District of Columbia",
                "Tennessee"
            ]
        },
        "Education": {
            "probs": [
                0.3403928347833807,
                0.062129314154886865,
                0.5834569904862876,
                0.01402086057544479
            ],
            "uniqVals": [
                "University completed",
                "Primary completed",
                "Secondary completed",
                "Less than primary completed"
            ]
        },
        "Age": {
            "probs": [
                0.007185715526093999,
                9.074356846798091e-5,
                0.018441835004690595,
                0.020912149127588722,
                0.0002683137168369795,
                0.019935513311559228,
                0.023652082630179483,
                0.008725744864338365,
                0.01925265163805198,
                0.0219220793464374,
                0.019392357563606997,
                0.020720216687807526,
                0.002267283548843868,
                1.3709459984371216e-5,
                0.022386242491622542,
                0.016424585892704544,
                5.8101997076620864e-5,
                0.01921282892095452,
                0.0011045907758836238,
                0.00416049468954275,
                0.019548384274857698,
                0.013051405905121397,
                0.023785260241456233,
                0.0050313718142642365,
                6.528314278272007e-7,
                0.019404761360735715,
                0.020262581856900656,
                0.00040279699096938286,
                0.010280789325422757,
                0.0122882459659914,
                0.007518659554285871,
                0.02153756163544718,
                0.02148859927836014,
                0.0002878986596717955,
                0.018584152255956922,
                0.022138819380476033,
                0.00022783816831169307,
                0.007671422108397436,
                4.7656694231385655e-5,
                9.270206275146251e-5,
                0.02039902362531654,
                0.020538729550871562,
                0.023876003809924214,
                0.01970702231181971,
                0.02376698096147707,
                0.0013428742470405518,
                0.01954316162343508,
                0.0007226843906047112,
                0.0004648159766129669,
                1.8279279979161622e-5,
                0.019957056748677527,
                0.001853388423601423,
                0.01981408666598337,
                0.019705716648964054,
                0.00015929086838983698,
                0.017914347211006217,
                0.0009413829189268235,
                0.019043745581147273,
                0.003616686110162692,
                0.020856005624795584,
                0.019008492684044604,
                0.0015987841667488146,
                0.0005895067793279622,
                0.004647506934701842,
                0.0158331206190931,
                0.017112670217634414,
                0.015353289519640108,
                0.02321468557353526,
                0.017627754214190074,
                0.00013970592555502095,
                0.019112945712496957,
                0.0026883598197924127,
                3.590572853049604e-5,
                0.023543712613160166,
                0.0033705686618718373,
                0.019293127186577264,
                0.018478393564648917,
                0.013872015009900188,
                0.019374078283627836,
                0.022723756339809203,
                0.01836153673906785
            ],