{
    "avail_var": [
        "Home location",
        "Age",
        "Sex",
        "Marital status",
        "Education",
        "Employment"
    ],
    "marginals": {
        "Employment": {
            "probs": [
                0.0914122288690095,
                0.9085877711309905
            ],
            "uniqVals": [
                "Unemployed",
                "Employed"
            ]
        },
        "Home location": {
            "probs": [
                0.010388501667794791,
                0.11323076547817232,
                0.1202434309618328,
                0.002729451365640378,
                0.057341650964393955,
                0.029414168023464988,
                0.003925873076852716,
                0.025574886120410516,
                0.04736537206763868,
                0.030211782497606546,
                0.017093829464171376,
                0.028823884528840348,
                0.027651854697571178,
                0.04344803614876608,
                0.06737890956100714,
                0.04985456341583887,
                0.08793638597710822,
                0.06931074645250596,
                0.10959393617864613,
                0.013371628584844105,
                0.024998018159754616,
                0.020112324607138285
            ],
            "uniqVals": [
                "Cojedes",
                "Miranda",
                "Zulia",
                "Amazonas Federal Territory",
                "Barinas, Mérida",
                "Portuguesa",
                "Amacuros Delta Federal Territory",
                "Trujillo",
                "Bolívar",
                "Falcón",
                "Nueva Esparta, Federal Dependencies",
                "Sucre",
                "Monagas",
                "Táchira",
                "Aragua",
                "Anzoátegui",
                "Carabobo",
                "Lara",
                "Federal District, Vargas",
                "Apure",
                "Guárico",
                "Yaracuy"
            ]
        },
        "Education": {
            "probs": [
                0.002301373872637799,
                0.420518449408192,
                0.3890699985974669,
                0.18811017812170328
            ],
            "uniqVals": [
                "University completed",
                "Primary completed",
                "Secondary completed",
                "Less than primary completed"
            ]
        },
        "Age": {
            "probs": [
                0.014708392310810954,
                0.016066620402303576,
                0.017159101353848065,
                0.01800891006886035,
                0.018891051703248743,
                0.01914599782457666,
                0.01928413163089174,
                0.01932144424067068,
                0.0192737514311788,
                0.01913407462220369,
                0.01889536509704838,
                0.01868835726290826,
                0.018574841362669132,
                0.018501864350498103,
                0.018380808778170186,
                0.018260840321352743,
                0.017991796766630912,
                0.01750038548765319,
                0.01687904637105237,
                0.016283657753733898,
                0.01567098049297462,
                0.015215233616388988,
                0.015015099157734463,
                0.014987921269972546,
                0.01493984270981566,
                0.014894359199587008,
                0.01489039648821011,
                0.014923009953524408,
                0.01497441999669727,
                0.015040488565140434,
                0.015132402428139121,
                0.015133629816618692,
                0.014988903180756203,
                0.014749492290755424,
                0.014517375595147522,
                0.014266707799376969,
                0.014050512085761208,
                0.013903400809424126,
                0.01379486459958783,
                0.013667496743650693,
                0.013542548596430424,
                0.013365734518887737,
                0.013107351709817028,
                0.012800714999378064,
                0.012499829480671944,
                0.012182917775246863,
                0.011931548614630841,
                0.01178832991318611,
                0.011709671845766784,
                0.011611550903885697,
                0.011512868870128236,
                0.011367335664693458,
                0.011144161370865284,
                0.010866876779209188,
                0.01058871548149626,
                0.010297578934142156,
                0.009999709284271551,
                0.009703102091122793,
                0.009400428092060728,
                0.009083060499486094,
                0.008761134035415908,
                0.008395687882684385,
                0.007969117783670255,
                0.007504638914758536,
                0.0070425797545636834,
                0.006574243379001887,
                0.00613536432694978,
                0.0057475446356478,
                0.005395599756191553,
                0.0050432340578280225,
                0.0046985483045223755,
                0.004362594543542816,
                0.004032567315507468,
                0.00371151755749412,
                0.0034049860517819767,
                0.003111605136922374,
                0.0028354076607767565,
                0.0025790237415156334,
                0.0023403142163603238,
                0.0021140188489698125,
                0.0019004532535245597,
                0.0017023527529218946,
                0.0015202784390381916,
                0.00135279251394024,
                0.0011976155418802659,
                0.0010550280687964568,
                0.000922329840033758,
                0.0007978025117207709,
                0.0006823578581566048,
                0.0005704901653043298,
                0.0004809960110225096,
                0.00041208691495519905,
                0.00033739155891277086,
                0.00025673460168385774,
                0.0002004851410772592,
                0.00017141356823257705,
                0.0001430082919910903,
                0.00011004414425405622,
                7.248605677920148e-05,
                4.779801421869937e-05,
                9.531548249921122e-05
            ],