{
    "avail_var": [
        "Home location",
        "Age",
        "Sex",
        "Marital status",
        "Education",
        "Employment"
    ],
    "marginals": {
        "Employment": {
            "probs": [
                0.0914122288690095,
                0.9085877711309905
            ],
            "uniqVals": [
                "Unemployed",
                "Employed"
            ]
        },
        "Home location": {
            "probs": [
                0.010388501667794791,
                0.11323076547817232,
                0.1202434309618328,
                0.002729451365640378,
                0.057341650964393955,
                0.029414168023464988,
                0.003925873076852716,
                0.025574886120410516,
                0.04736537206763868,
                0.030211782497606546,
                0.017093829464171376,
                0.028823884528840348,
                0.027651854697571178,
                0.04344803614876608,
                0.06737890956100714,
                0.04985456341583887,
                0.08793638597710822,
                0.06931074645250596,
                0.10959393617864613,
                0.013371628584844105,
                0.024998018159754616,
                0.020112324607138285
            ],
            "uniqVals": [
                "Cojedes",
                "Miranda",
                "Zulia",
                "Amazonas Federal Territory",
                "Barinas, Mérida",
                "Portuguesa",
                "Amacuros Delta Federal Territory",
                "Trujillo",
                "Bolívar",
                "Falcón",
                "Nueva Esparta, Federal Dependencies",
                "Sucre",
                "Monagas",
                "Táchira",
                "Aragua",
                "Anzoátegui",
                "Carabobo",
                "Lara",
                "Federal District, Vargas",
                "Apure",
                "Guárico",
                "Yaracuy"
            ]
        },
        "Education": {
            "probs": [
                0.002301373872637799,
                0.420518449408192,
                0.3890699985974669,
                0.18811017812170328
            ],
            "uniqVals": [
                "University completed",
                "Primary completed",
                "Secondary completed",
                "Less than primary completed"
            ]
        },
        "Age": {
            "probs": [
                0.0021806340669191225,
                0.0001670843776106934,
                0.0005732091786644226,
                0.025254132899157872,
                0.01922324058320985,
                0.0002097701675112355,
                0.029727603680734682,
                0.008803029471488942,
                0.025000457347748934,
                0.0288604723487551,
                0.006471165748922184,
                0.002802627005469879,
                0.005876003878308911,
                0.0009610400697607766,
                6.09796998579173e-5,
                0.007151699199336541,
                0.023996731488087616,
                0.00012805736970162632,
                0.027910408624968748,
                0.0029684917890834142,
                0.0006085774045820146,
                0.0019464720194647203,
                0.02921293501393386,
                0.019240314899170066,
                0.013503344736537207,
                0.0017793876418540269,
                2.3172285946008575e-5,
                0.02954466458116093,
                0.026512753904225285,
                0.00026343230338620274,
                0.013030142265639769,
                0.003506332741830245,
                0.0035014543658416115,
                0.01643402911170871,
                0.01984767270975492,
                0.00020855057351407716,
                0.025656598918220124,
                0.020612358145973207,
                0.0013415533968741805,
                0.0001914762575538603,
                0.0024611406862655423,
                1.829390995737519e-5,
                0.00010732427174993445,
                8.171279780960918e-5,
                0.03185457561177884,
                0.010004329558689911,
                0.018925659647903215,
                0.02933855319564117,
                0.01631816768197867,
                0.0006183341565592814,
                0.0271506015647391,
                0.0005256450127752472,
                0.0003427059132014952,
                9.146954978687595e-5,
                0.022617370677301525,
                0.0010147022056357438,
                0.005985767338053162,
                0.02797504710681814,
                0.00017440194159364347,
                0.004821055070766942,
                0.0004683240949088049,
                0.02754818920781272,
                0.0015464451883967828,
                0.02768722292348877,
                0.017873150028355562,
                0.000800053662135875,
                0.0007561482782381745,
                1.3415533968741806e-5,
                2.1952691948850227e-5,
                0.0003817329211105623,
                0.008231039886821678,
                0.004278335742031477,
                0.02658227076206331,
                0.0003683173871418205,
                0.02094164852520596,
                0.014690009695772277,
                0.02781406069919324,
                0.00017440194159364347,
                0.029998353548103835,
                0.0011147089134027283,
                9.512833177835098e-5,
                0.011730055064668971,
                0.001392776344754831,
                0.029491002445285963,
                0.028833641280817616,
                0.003988072370707791,
                0.02865923933922397,
                0.008901816585258767,
                6.09796998579173e-6,
                0.024417491417107244,
                0.005475977047240973
            ],
            "uniqVals": [
                68,
                89,
                11,
                39,
                46,
                85,
                25,
                55,
                42,
                29,
                58,
                66,
                59,
                74,
                95,
                57,
                20,
                90,
                31,
                14,
                78,
                70,
                33,
                18,
                52,
                69,
                96,
                26,
                35,
                83,
                17,
                65,
                64,
                49,
                44,
                84,
                37,
                45,
                13,
                86,
                67,
                99,
                93,
                94,
                30,
                54,
                47,
                32,
                50,
                77,
                40,
                80,
                82,
                91,
                43,
                75,
                60,
                34,
                87,
                61,
                79,
                38,
                71,
                36,
                48,
                76,
                12,
                100,
                98,
                81,
                16,
                62,
                21,
                10,
                19,
                51,
                22,
                88,
                24,
                73,
                92,
                53,
                72,
                28,
                23,
                63,
                27,
                56,
                97,
                41,
                15
            ]
        },