{
    "avail_var": [
        "Home location",
        "Age",
        "Sex",
        "Marital status",
        "Education",
        "Employment"
    ],
    "marginals": {
        "Employment": {
            "probs": [
                0.014597715252529819,
                0.9854022847474702
            ],
            "uniqVals": [
                "Unemployed",
                "Employed"
            ]
        },
        "Home location": {
            "probs": [
                0.01675882189013998,
                0.016736343996713508,
                0.014222172988874312,
                0.02209179524601247,
                0.09499356461636818,
                0.034498723106628666,
                0.02801378875946369,
                0.03144595196734968,
                0.031725249107217815,
                0.029516951312137715,
                0.0200922562291086,
                0.010377459714895863,
                0.012319996781066312,
                0.021624851161573085,
                0.04405505668154761,
                0.03657550659707544,
                0.017440858302837082,
                0.01904188041363298,
                0.01697999939396619,
                0.010643344631062014,
                0.011227273111124248,
                0.049244469568906296,
                0.01389593306604924,
                0.035512960430462835,
                0.02311435311603213,
                0.0643778044587199,
                0.010399937608322335,
                0.01827961903323698,
                0.016319944125669554,
                0.02056342268026898,
                0.014751334888820116,
                0.029766940259471887,
                0.037219169147514095,
                0.016107459729798334,
                0.043093598941725875,
                0.013745666485684439,
                0.0257977913544806,
                0.02742774909604096
            ],
            "uniqVals": [
                "Dong Thap",
                "An Giang",
                "Tay Ninh",
                "Binh Duong, Binh Phuoc",
                "Ha Noi, Hoa Binh, Phu Tho, Vinh Phuc",
                "Hai Dong, Hung Yen",
                "Ba Ria - Vung Tau, Dong Nai",
                "Gia Lai, Kon Tum",
                "Da Nang City, Quang Nam",
                "Bac Giang, Bac Ninh",
                "Kien Giang",
                "Quang Tri",
                "Phu Yen",
                "Binh Thuan, Ninh Thuan",
                "Thanh Hoa",
                "Ho Chi Minh City",
                "Quang Ninh",
                "Hai Phong City",
                "Lang Son",
                "Khanh Hoa",
                "Thua Thien Hue",
                "Ha Tinh, Nghe An",
                "Ben Tre",
                "Can Tho city, Hau Giang, Soc Trang",
                "Bac Lieu, Ca Mau",
                "Dien Bien, Lai Chau, Lao Cai, Son La, Yen Bai",
                "Quang Binh",
                "Quang Ngai",
                "Lam Dong",
                "Long An",
                "Binh Dinh",
                "Dak Lak, Dak Nong",
                "Ha Nam, Ninh Binh, Ninh Dinh",
                "Tien Giang",
                "Bac Kan, Cao Bang, Thai Nguyen",
                "Thai Binh",
                "Tra Vinh, Vinh Long",
                "Ha Giang, Tuyen Quang"
            ]
        },
        "Education": {
            "probs": [
                0.05438035774871355,
                0.5261258940861532,
                0.11231905295791692,
                0.30717469520721635
            ],
            "uniqVals": [
                "University completed",
                "Primary completed",
                "Secondary completed",
                "Less than primary completed"
            ]
        },
        "Age": {
            "probs": [
                0.016577949965596854,
                0.016510866629619994,
                0.01641392701059363,
                0.0162901582038825,
                0.016010784255305718,
                0.015918426746386258,
                0.015789350156021887,
                0.015628126227554554,
                0.015439347437856115,
                0.015240274450564566,
                0.015048167929317902,
                0.014804300150687148,
                0.01448794795154176,
                0.014141698002287073,
                0.013837101714592428,
                0.013569825780709662,
                0.01338929893590963,
                0.013330726713954872,
                0.013384436923149138,
                0.013450421382041534,
                0.013482516886319754,
                0.013815103439373312,
                0.014583322189061014,
                0.015605174209960245,
                0.016585984208431357,
                0.017611661565596303,
                0.018302368013769714,
                0.018447699691572155,
                0.018225384417267763,
                0.018031619213629457,
                0.017796832721092927,
                0.017537891666228152,
                0.01730610116876152,
                0.017080686231737748,
                0.01679455315241504,
                0.01646699448036114,
                0.016136356879117755,
                0.015817112352551944,
                0.015507757719746286,
                0.015185569031935317,
                0.014846897187857432,
                0.014558441953186424,
                0.01434855643005438,
                0.014186938564519032,
                0.01401868596941713,
                0.013859265858050706,
                0.013660742309301387,
                0.013395166524870054,
                0.013087377273571503,
                0.012784501868858184,
                0.01247028522329203,
                0.012185002218695035,
                0.011951231669123381,
                0.011744435441945764,
                0.011515412870720177,
                0.011271482891499736,
                0.010998339368656549,
                0.010683044579535832,
                0.010330740439551662,
                0.009965550410737446,
                0.0095899314163858,
                0.009157461083060717,
                0.008649748769744904,
                0.008089165955195588,
                0.007531257766002791,
                0.006982731499087703,
                0.006397641652201919,
                0.005764491483018388,
                0.005115677131998815,
                0.004485491857590339,
                0.0038556175861302966,
                0.003354042397663547,
                0.003044407862204297,
                0.002868349093096742,
                0.002699702560926825,
                0.00255863162351791,
                0.0024333596358893585,
                0.002303681773158015,
                0.0021760254295914824,
                0.0020750013051757067,
                0.0019933008306225277,
                0.0019101490089766646,
                0.0018168170241521155,
                0.0017158136332662353,
                0.0016227304508004323,
                0.0015396615632741512,
                0.0014306861301434548,
                0.0012810937119474932,
                0.001107948003790255,
                0.0009277528954685501,
                0.0007645489148961994,
                0.0006587871788993041,
                0.0005517295972839407,
                0.0004405978770441135,
                0.00036427775349881427,
                0.00032023973600079313,
                0.0002721586801731515,
                0.00021475790265748702,
                0.00014805813698369518,
                0.00010421708801968126,
                0.00023633114051374452
            ],