{
    "avail_var": [
        "Home location",
        "Age",
        "Sex",
        "Marital status",
        "Education",
        "Employment"
    ],
    "marginals": {
        "Employment": {
            "probs": [
                0.014597715252529819,
                0.9854022847474702
            ],
            "uniqVals": [
                "Unemployed",
                "Employed"
            ]
        },
        "Home location": {
            "probs": [
                0.01675882189013998,
                0.016736343996713508,
                0.014222172988874312,
                0.02209179524601247,
                0.09499356461636818,
                0.034498723106628666,
                0.02801378875946369,
                0.03144595196734968,
                0.031725249107217815,
                0.029516951312137715,
                0.0200922562291086,
                0.010377459714895863,
                0.012319996781066312,
                0.021624851161573085,
                0.04405505668154761,
                0.03657550659707544,
                0.017440858302837082,
                0.01904188041363298,
                0.01697999939396619,
                0.010643344631062014,
                0.011227273111124248,
                0.049244469568906296,
                0.01389593306604924,
                0.035512960430462835,
                0.02311435311603213,
                0.0643778044587199,
                0.010399937608322335,
                0.01827961903323698,
                0.016319944125669554,
                0.02056342268026898,
                0.014751334888820116,
                0.029766940259471887,
                0.037219169147514095,
                0.016107459729798334,
                0.043093598941725875,
                0.013745666485684439,
                0.0257977913544806,
                0.02742774909604096
            ],
            "uniqVals": [
                "Dong Thap",
                "An Giang",
                "Tay Ninh",
                "Binh Duong, Binh Phuoc",
                "Ha Noi, Hoa Binh, Phu Tho, Vinh Phuc",
                "Hai Dong, Hung Yen",
                "Ba Ria - Vung Tau, Dong Nai",
                "Gia Lai, Kon Tum",
                "Da Nang City, Quang Nam",
                "Bac Giang, Bac Ninh",
                "Kien Giang",
                "Quang Tri",
                "Phu Yen",
                "Binh Thuan, Ninh Thuan",
                "Thanh Hoa",
                "Ho Chi Minh City",
                "Quang Ninh",
                "Hai Phong City",
                "Lang Son",
                "Khanh Hoa",
                "Thua Thien Hue",
                "Ha Tinh, Nghe An",
                "Ben Tre",
                "Can Tho city, Hau Giang, Soc Trang",
                "Bac Lieu, Ca Mau",
                "Dien Bien, Lai Chau, Lao Cai, Son La, Yen Bai",
                "Quang Binh",
                "Quang Ngai",
                "Lam Dong",
                "Long An",
                "Binh Dinh",
                "Dak Lak, Dak Nong",
                "Ha Nam, Ninh Binh, Ninh Dinh",
                "Tien Giang",
                "Bac Kan, Cao Bang, Thai Nguyen",
                "Thai Binh",
                "Tra Vinh, Vinh Long",
                "Ha Giang, Tuyen Quang"
            ]
        },
        "Education": {
            "probs": [
                0.05438035774871355,
                0.5261258940861532,
                0.11231905295791692,
                0.30717469520721635
            ],
            "uniqVals": [
                "University completed",
                "Primary completed",
                "Secondary completed",
                "Less than primary completed"
            ]
        },
        "Age": {
            "probs": [
                0.003535983754319854,
                5.004746436943424e-5,
                0.023733799151453315,
                0.021714514360765966,
                0.00018938556616225115,
                0.02891253193475301,
                0.010246566346545036,
                0.021981765336753615,
                0.027077913594480918,
                0.008809843976098424,
                0.0032821450020341873,
                0.0074857594472971635,
                0.0014834167788905508,
                1.7882964935976502e-5,
                0.007481537080576169,
                0.022594008511297812,
                2.3595578734968996e-5,
                0.025172384330747425,
                0.0011392938911295029,
                0.002287405077470494,
                0.014403983132390073,
                0.0219930663770951,
                0.02580586352615309,
                0.0027995533232758212,
                0.029842694485936787,
                0.024052339464375395,
                0.00024911963653867264,
                0.003712329658549622,
                0.016685799783318075,
                0.0030876677583554428,
                0.018056330346050274,
                0.023419605392508726,
                0.00022254356364770757,
                0.024143741285159274,
                0.022254107990257756,
                0.00013971066356231642,
                0.002851091034723254,
                8.941482467988251e-6,
                6.457737337991514e-6,
                0.026305468859051936,
                0.017156717859965455,
                0.013373228903441427,
                0.026289324515706956,
                0.01829464569127346,
                0.0009949882990766925,
                0.02438317431569096,
                0.00048557217291436195,
                0.000297552666573609,
                1.6641092370978134e-5,
                0.022168418783272872,
                0.0013572425262867165,
                0.0059318043067147054,
                0.024412109946455422,
                9.314044237487761e-5,
                0.005574393382508175,
                0.0007566729538535057,
                0.025040870026114097,
                0.0023267724377809425,
                0.025505081990910488,
                0.02087500850682707,
                0.0012798738654873183,
                0.00039677828451697864,
                0.015986873903736994,
                0.004502533171658084,
                0.024499289400518307,
                0.022248767938228265,
                0.01677509042074146,
                0.02522839278342885,
                8.755201583238495e-5,
                0.029586620363034125,
                0.0017774922022821644,
                1.0307542289486457e-5,
                0.013149940216254721,
                0.0020138205514013538,
                0.026813767299905766,
                0.02766333232162115,
                0.004265087137230395,
                0.026319253644523418,
                0.010290404448089478,
                0.02116324712916319,
                0.01334801889037196
            ],