{
    "avail_var": [
        "Home location",
        "Age",
        "Sex",
        "Marital status",
        "Religion",
        "Race",
        "Education"
    ],
    "marginals": {
        "Home location": {
            "probs": [
                0.515264280516265,
                0.05915801624411339,
                0.34071283385333456,
                0.08486486938628703
            ],
            "uniqVals": [
                "Gauteng, Limpopo, Mpumalanga, North West, Northern Cape",
                "Free State",
                "Eastern Cape, KwaZulu-Natal",
                "Western Cape"
            ]
        },
        "Education": {
            "probs": [
                0.03252402740253114,
                0.41619593311641057,
                0.24518674038694782,
                0.3060932990941105
            ],
            "uniqVals": [
                "University completed",
                "Primary completed",
                "Secondary completed",
                "Less than primary completed"
            ]
        },
        "Religion": {
            "probs": [
                0.07475002300273523,
                0.00042994203310720946,
                0.0003305702168948817,
                0.007612817960535671,
                0.011558247107928833,
                0.7936157790399077,
                0.11170262063889051
            ],
            "uniqVals": [
                "Other",
                "Jewish",
                "Buddhist",
                "Hindu",
                "Muslim",
                "Christian",
                "No religion"
            ]
        },
        "Age": {
            "probs": [
                0.019267339315215733,
                0.019630430661481155,
                0.019886295473873914,
                0.020043301486364004,
                0.0199735589852753,
                0.020012836103909974,
                0.0199718512844651,
                0.019857981794440743,
                0.019678621978345093,
                0.019457116106253624,
                0.019216791371233714,
                0.018885275412948953,
                0.01843806272477292,
                0.017930397427915686,
                0.017433883417349087,
                0.016924459188657343,
                0.016566866639000775,
                0.016447395890318954,
                0.01649497243489122,
                0.016540790047628973,
                0.016604914213052106,
                0.01672711728303025,
                0.016905811095809926,
                0.01712301356185968,
                0.017345236668291433,
                0.017558699269566845,
                0.017783501004222005,
                0.018019488179183994,
                0.01823834711501965,
                0.018421720028019273,
                0.01858523238059624,
                0.018582482982291808,
                0.01834238024837723,
                0.017928860497186505,
                0.01749817835285324,
                0.017044527632622736,
                0.016494323508583344,
                0.015834894840723344,
                0.015110061231832563,
                0.014366630761118666,
                0.013583513323575647,
                0.012925724048493445,
                0.012476479196353267,
                0.012164004102102272,
                0.01183416169061151,
                0.011518885967031777,
                0.011186020925106954,
                0.01080450348709944,
                0.010396550840549978,
                0.010015033402542462,
                0.009648748655761962,
                0.009295015509936454,
                0.008957539675824083,
                0.008633025290861154,
                0.00831308754406957,
                0.00799781182048984,
                0.007692099221447248,
                0.00739707682947653,
                0.007109841553200337,
                0.006824860441993614,
                0.0065414845695484815,
                0.0062600554760269805,
                0.005979582694959194,
                0.005698256063486306,
                0.005421147453014619,
                0.005154285047404153,
                0.00485957004157927,
                0.004520779277843042,
                0.004158507627966518,
                0.003805918641683847,
                0.0034518439556962986,
                0.003142955033146729,
                0.002904406306969433,
                0.0027131779702428698,
                0.00252264979084849,
                0.0023439559780688186,
                0.0021568944313191513,
                0.0019473766189153107,
                0.001727236907472006,
                0.0015231495836446117,
                0.0013304697012293757,
                0.001149914494566583,
                0.0009847285951956196,
                0.0008337166125493435,
                0.0006917554441971448,
                0.0005590329372281458,
                0.00044350697741789394,
                0.00034835388827336716,
                0.0002702948842389752,
                0.00019139910680758367,
                0.00013292743106622335,
                0.00010070311677768744,
                7.150143292321135e-05,
                4.429775901667309e-05,
                2.431765953729471e-05,
                1.6052387615910833e-05,
                1.2278368825361586e-05,
                8.179886880873712e-06,
                3.739864774345184e-06,
                1.127082534734165e-06,
                8.367733969996074e-07
            ],
            "uniqVals": [
                0,
                1,
                2,
                3,
                4,
                5,
                6,
                7,
                8,
                9,
                10,
                11,
                12,
                13,
                14,
                15,
                16,
                17,
                18,
                19,
                20,
                21,
                22,
                23,
                24,
                25,
                26,
                27,
                28,
                29,
                30,
                31,
                32,
                33,
                34,
                35,
                36,
                37,
                38,
                39,
                40,
                41,
                42,
                43,
                44,
                45,
                46,
                47,
                48,
                49,
                50,
                51,
                52,
                53,
                54,
                55,
                56,
                57,
                58,
                59,
                60,
                61,
                62,
                63,
                64,
                65,
                66,
                67,
                68,
                69,
                70,
                71,
                72,
                73,
                74,
                75,
                76,
                77,
                78,
                79,
                80,
                81,
                82,
                83,
                84,
                85,
                86,
                87,
                88,
                89,
                90,
                91,
                92,
                93,
                94,
                95,
                96,
                97,
                98,
                99,
                100
            ]
        },
        "Marital status": {
            "probs": [
                0.042780403342506546,
                0.27630450602671663,
                0.017029384948682988,
                0.6638857056820938
            ],
            "uniqVals": [
                "Widowed",
                "Married/in union",
                "Separated/divorced/spouse absent",
                "Single/never married"
            ]
        },