{
    "avail_var": [
        "Home location",
        "Age",
        "Sex",
        "Marital status",
        "Religion",
        "Race",
        "Education"
    ],
    "marginals": {
        "Home location": {
            "probs": [
                0.515264280516265,
                0.05915801624411339,
                0.34071283385333456,
                0.08486486938628703
            ],
            "uniqVals": [
                "Gauteng, Limpopo, Mpumalanga, North West, Northern Cape",
                "Free State",
                "Eastern Cape, KwaZulu-Natal",
                "Western Cape"
            ]
        },
        "Education": {
            "probs": [
                0.03252402740253114,
                0.41619593311641057,
                0.24518674038694782,
                0.3060932990941105
            ],
            "uniqVals": [
                "University completed",
                "Primary completed",
                "Secondary completed",
                "Less than primary completed"
            ]
        },
        "Religion": {
            "probs": [
                0.07475002300273523,
                0.00042994203310720946,
                0.0003305702168948817,
                0.007612817960535671,
                0.011558247107928833,
                0.7936157790399077,
                0.11170262063889051
            ],
            "uniqVals": [
                "Other",
                "Jewish",
                "Buddhist",
                "Hindu",
                "Muslim",
                "Christian",
                "No religion"
            ]
        },
        "Age": {
            "probs": [
                0.004796613997373506,
                0.00044767505081513327,
                0.02160383434684779,
                0.013215113215280508,
                0.011766024541827338,
                0.0013055516055909193,
                0.020065745999615227,
                0.00950556666192671,
                0.012025662687890524,
                0.018194076168329833,
                0.005991752473839616,
                0.008065846375187159,
                0.007783121847579694,
                0.02260290587280742,
                0.00284966248713938,
                0.0002311984006825539,
                0.00870657710935082,
                0.01966257078568979,
                0.0004225811578322222,
                0.018901723950447927,
                0.017343560488829034,
                0.0019917859323635937,
                0.004005319905312377,
                0.010297529924467383,
                0.01698421594131375,
                0.020093851159756086,
                0.004330871343610676,
                0.00014086038594407407,
                0.01925337303744845,
                0.015618773577803615,
                0.0013336567657317798,
                0.005681926541810608,
                0.01981079204690885,
                0.0064277170412627245,
                0.00982810683306706,
                0.010804091977482413,
                0.0009702971953392276,
                0.02177413823389181,
                0.01319202683373623,
                0.012237120559426521,
                0.01921690324631329,
                0.0010843907621015298,
                0.005320909068096461,
                3.31239387374426e-5,
                0.00019539778002693412,
                0.00019004441619057975,
                0.018547398181529222,
                0.00851017557360457,
                0.01150772473672324,
                0.01667773586168246,
                0.010642821891912239,
                0.0017418507582537997,
                0.013924768508837233,
                0.002395630316768576,
                0.0013413522262465392,
                0.00032454768257898304,
                0.023039874195949845,
                0.01281494926851302,
                0.022564763155473396,
                0.007659325308863999,
                0.01473145352192788,
                0.003638949067761876,
                0.0007086515378374083,
                0.007164473739240993,
                0.0019121546452978227,
                0.01303477177104332,
                0.003594783816111952,
                0.015132955809654456,
                0.009832121855944325,
                0.0030283310051777068,
                0.019654206154695486,
                0.00019773987670533916,
                0.0015063027494542078,
                6.725163319420163e-5,
                0.020510075198032638,
                0.006872380824919908,
                0.02020961765271725,
                0.02248881230604512,
                0.02011927963797877,
                0.010383852916328595,
                0.01937583123520506,
                0.0223533052839374,
                0.019207534859599668,
                0.0036135205895391925,
                0.0005674565666535621,
                0.00024123595787571832,
                0.010145628225610827,
                0.0032809428612056778,
                0.018000685899741534,
                0.02279596155615595,
                0.01957089442999222,
                0.007260165117815827,
                0.0183975039941113,
                0.008847102910055122,
                0.00014420623834179554,
                0.020403342506545324,
                0.013009008707580864
            ],
            "uniqVals": [
                68,
                89,
                11,
                39,
                46,
                85,
                25,
                55,
                42,
                29,
                66,
                58,
                59,
                8,
                74,
                95,
                57,
                20,
                90,
                14,
                31,
                78,
                70,
                52,
                33,
                18,
                69,
                96,
                26,
                35,
                83,
                64,
                17,
                65,
                49,
                44,
                84,
                4,
                37,
                45,
                13,
                86,
                67,
                99,
                93,
                94,
                30,
                54,
                47,
                32,
                50,
                80,
                40,
                77,
                82,
                91,
                7,
                43,
                9,
                60,
                34,
                75,
                87,
                61,
                79,
                38,
                71,
                36,
                48,
                76,
                12,
                100,
                81,
                98,
                16,
                62,
                21,
                10,
                19,
                51,
                22,
                6,
                24,
                73,
                88,
                92,
                53,
                72,
                28,
                5,
                23,
                63,
                27,
                56,
                97,
                15,
                41
            ]
        },
        "Marital status": {
            "probs": [
                0.042780403342506546,
                0.27630450602671663,
                0.017029384948682988,
                0.6638857056820938
            ],
            "uniqVals": [
                "Widowed",
                "Married/in union",
                "Separated/divorced/spouse absent",
                "Single/never married"
            ]
        },
        "Race": {
            "probs": [
                0.07547741131399989,
                0.04969126147000025,
                0.017548995826049133,
                0.8572823313899507
            ],