{
    "avail_var": [
        "Home location",
        "Age",
        "Sex",
        "Marital status",
        "Religion",
        "Education",
        "Employment"
    ],
    "marginals": {
        "Employment": {
            "probs": [
                0.08771968761019829,
                0.9122803123898017
            ],
            "uniqVals": [
                "Unemployed",
                "Employed"
            ]
        },
        "Home location": {
            "probs": [
                0.07606795242639679,
                0.052234297283234574,
                0.16728192760388538,
                0.09237051778091779,
                0.1501138047785677,
                0.07556735935924087,
                0.11589839193724585,
                0.270465748830511
            ],
            "uniqVals": [
                "Luapula",
                "North Western",
                "Lusaka",
                "Central",
                "Copperbelt",
                "Western",
                "Southern",
                "Eastern, Muchinga, Northern"
            ]
        },
        "Education": {
            "probs": [
                0.01149391273898387,
                0.4381225047408383,
                0.2002470907651676,
                0.35013649175501027
            ],
            "uniqVals": [
                "University completed",
                "Primary completed",
                "Secondary completed",
                "Less than primary completed"
            ]
        },
        "Religion": {
            "probs": [
                0.020280184159065295,
                0.0006929391717774013,
                0.0004956611157553654,
                0.00452506541000545,
                0.9470530357393858,
                0.026953114404010662
            ],
            "uniqVals": [
                "Other",
                "Buddhist",
                "Hindu",
                "Muslim",
                "Christian",
                "No religion"
            ]
        },
        "Age": {
            "probs": [
                0.03321644200442147,
                0.032892104678822066,
                0.03251211547998845,
                0.032080617505123164,
                0.03174749009491836,
                0.0311423179643463,
                0.030521077335164362,
                0.02988539185357354,
                0.02923694115357487,
                0.028571078247765502,
                0.027882932197542426,
                0.027206431609726515,
                0.026556077324526677,
                0.025914289172732106,
                0.02526012771712993,
                0.024611453065931124,
                0.023889602360087327,
                0.023057791614975932,
                0.02215929940002354,
                0.021275755927680336,
                0.020392100479737062,
                0.019554411015622053,
                0.018794152678954644,
                0.01809228961772314,
                0.017395129531694524,
                0.016709558920273038,
                0.01606821867087874,
                0.015480682697317522,
                0.014935417512782295,
                0.014409412131458908,
                0.01390507402874884,
                0.013417252327048925,
                0.012940572197555865,
                0.01247553753046996,
                0.012025003703592971,
                0.01158443570512211,
                0.011158480522460233,
                0.010748593838408236,
                0.01034822508036209,
                0.00995390300471966,
                0.0095717302816847,
                0.009160443902631842,
                0.008700728076549208,
                0.00821296236264933,
                0.007739865452358469,
                0.007276790358273771,
                0.0068267044337970584,
                0.0063967741173327364,
                0.005987559286881152,
                0.00558814232143559,
                0.005195275928594056,
                0.004852238677783156,
                0.004577730494214389,
                0.0043517637332754645,
                0.004135818788542702,
                0.003937957903221057,
                0.0037372416400976564,
                0.003519505085763792,
                0.0032946020930255215,
                0.003086719391497715,
                0.0028908180791772753,
                0.002704378705062652,
                0.002528521025154535,
                0.0023622932468523377,
                0.0022027840045542716,
                0.002049489408060026,
                0.0019067765057722862,
                0.0017763249316920847,
                0.0016553912836177345,
                0.00154022437894693,
                0.0014319439736803592,
                0.001324279434214167,
                0.0012139274803463225,
                0.001103575526478478,
                0.0009993822306144202,
                0.0009001718489534256,
                0.0008061683326956322,
                0.0007182114988415565,
                0.0006359094327909572,
                0.0005580863907431115,
                0.00048507829949822614,
                0.000416885159056301,
                0.0003533949938172673,
                0.000294887742781297,
                0.0002413074181483558,
                0.0001921501297181339,
                0.0001500473040922491,
                0.00011611869727138977,
                8.896461425469545e-05,
                6.220244583824207e-05,
                4.288665482636672e-05,
                3.224897281982667e-05,
                2.2619071213906206e-05,
                1.3717011008433219e-05,
                7.446377404578033e-06,
                4.9829142030634954e-06,
                3.807170402340649e-06,
                2.5194510015489585e-06,
                1.119756000688426e-06,
                3.359268002065278e-07,
                2.799390001721065e-07
            ],
            "uniqVals": [
                0,
                1,
                2,
                3,
                4,
                5,
                6,
                7,
                8,
                9,
                10,
                11,
                12,
                13,
                14,
                15,
                16,
                17,
                18,
                19,
                20,
                21,
                22,
                23,
                24,
                25,
                26,
                27,
                28,
                29,
                30,
                31,
                32,
                33,
                34,
                35,
                36,
                37,
                38,
                39,
                40,
                41,
                42,
                43,
                44,
                45,
                46,
                47,
                48,
                49,
                50,
                51,
                52,
                53,
                54,
                55,
                56,
                57,
                58,
                59,
                60,
                61,
                62,
                63,
                64,
                65,
                66,
                67,
                68,
                69,
                70,
                71,
                72,
                73,
                74,
                75,
                76,
                77,
                78,
                79,
                80,
                81,
                82,
                83,
                84,
                85,
                86,
                87,
                88,
                89,
                90,
                91,
                92,
                93,
                94,
                95,
                96,
                97,
                98,
                99,
                100
            ]
        },