{
    "avail_var": [
        "Home location",
        "Age",
        "Sex",
        "Marital status",
        "Religion",
        "Education",
        "Employment"
    ],
    "marginals": {
        "Employment": {
            "probs": [
                0.08771968761019829,
                0.9122803123898017
            ],
            "uniqVals": [
                "Unemployed",
                "Employed"
            ]
        },
        "Home location": {
            "probs": [
                0.07606795242639679,
                0.052234297283234574,
                0.16728192760388538,
                0.09237051778091779,
                0.1501138047785677,
                0.07556735935924087,
                0.11589839193724585,
                0.270465748830511
            ],
            "uniqVals": [
                "Luapula",
                "North Western",
                "Lusaka",
                "Central",
                "Copperbelt",
                "Western",
                "Southern",
                "Eastern, Muchinga, Northern"
            ]
        },
        "Education": {
            "probs": [
                0.01149391273898387,
                0.4381225047408383,
                0.2002470907651676,
                0.35013649175501027
            ],
            "uniqVals": [
                "University completed",
                "Primary completed",
                "Secondary completed",
                "Less than primary completed"
            ]
        },
        "Religion": {
            "probs": [
                0.020280184159065295,
                0.0006929391717774013,
                0.0004956611157553654,
                0.00452506541000545,
                0.9470530357393858,
                0.026953114404010662
            ],
            "uniqVals": [
                "Other",
                "Buddhist",
                "Hindu",
                "Muslim",
                "Christian",
                "No religion"
            ]
        },
        "Age": {
            "probs": [
                0.004520133458604899,
                0.016803158421676914,
                0.016854943911382696,
                0.03786259090202925,
                0.007750561625965738,
                0.021244380657872996,
                0.027700305041194122,
                0.006603882925337654,
                0.0029764326702324674,
                0.004024472342849534,
                0.0018519477509068626,
                0.005277187998589462,
                0.03030930733208555,
                0.010443407090666528,
                0.001805094212601629,
                0.02286945864435452,
                0.004108315516658899,
                0.01097359186622575,
                0.022198713253879596,
                0.022647520831329728,
                0.002483237530177378,
                0.033700023919964295,
                0.03279007888656265,
                0.01418182625228411,
                0.003851854043830252,
                0.00505031823416412,
                0.0089095702050952,
                0.010823167348508947,
                0.02053171368049339,
                0.016509707313344134,
                0.009908290363706756,
                0.0029936945001343956,
                0.04286112364648759,
                0.010685072709293522,
                0.008041546758598242,
                0.03231661155210976,
                0.014462947482115511,
                0.005809838749848959,
                0.026528966583563286,
                0.0010455736969167905,
                0.012041359344445019,
                0.002337744963861126,
                0.007296822097115055,
                0.025249125195120327,
                0.004165032957765234,
                0.0010159819885134853,
                0.026410599749950064,
                0.0020319639770269705,
                0.013488887080506709,
                0.02521460153531647,
                0.0013143650482468146,
                0.011930390437932625,
                0.013693563063629571,
                0.005624890572328301,
                0.024097514543091694,
                0.022225838986582626,
                0.007437382712030756,
                0.029996128418150567,
                0.031115681386075622,
                0.0016719315247867548,
                0.008004557123094109,
                0.002369802647964707,
                0.038254681038373047,
                0.0307260572254321,
                0.004493007725901869,
                0.03148311176541666,
                0.007378199295224145,
                0.014043731613068685,
                0.012576476071404793
            ],
            "uniqVals": [
                68,
                39,
                46,
                25,
                55,
                42,
                29,
                58,
                66,
                59,
                74,
                57,
                20,
                14,
                78,
                31,
                70,
                52,
                18,
                33,
                69,
                26,
                35,
                17,
                64,
                65,
                49,
                44,
                37,
                45,
                13,
                67,
                30,
                47,
                54,
                32,
                50,
                80,
                40,
                77,
                43,
                75,
                60,
                34,
                61,
                79,
                38,
                71,
                48,
                36,
                76,
                12,
                16,
                62,
                21,
                19,
                51,
                22,
                24,
                73,
                53,
                72,
                28,
                23,
                63,
                27,
                56,
                41,
                15
            ]
        },
        "Marital status": {
            "probs": [
                0.0539284225893238,
                0.6397776676308632,
                0.059974995006399204,
                0.24631891477341383
            ],
            "uniqVals": [
                "Widowed",
                "Married/in union",
                "Separated/divorced/spouse absent",
                "Single/never married"
            ]
        },
        "Sex": {
            "probs": [
                0.4309243216717342,
                0.5690756783282658
            ],
            "uniqVals": [
                "Female",
                "Male"
            ]
        }
    },
    "pop_num": 18384000,