{
    "avail_var": [
        "Home location",
        "Age",
        "Sex",
        "Marital status",
        "Race",
        "Education",
        "Employment"
    ],
    "marginals": {
        "Employment": {
            "probs": [
                0.11101571453545968,
                0.8889842854645403
            ],
            "uniqVals": [
                "Unemployed",
                "Employed"
            ]
        },
        "Home location": {
            "probs": [
                0.17359414152794234,
                0.05067500631300868,
                0.054960082360482505,
                0.11724713972145064,
                0.09109768652512577,
                0.04882189545657621,
                0.10901109147063966,
                0.10508731376624386,
                0.13265476583593946,
                0.11685087702259087
            ],
            "uniqVals": [
                "Harare",
                "Bulawayo",
                "Matabeleland South",
                "Midlands",
                "Mashonaland Central",
                "Matabeleland North",
                "Mashonaland East",
                "Mashonaland West",
                "Manicaland",
                "Masvingo"
            ]
        },
        "Education": {
            "probs": [
                0.02798313941065636,
                0.6979273906878266,
                0.08190206095452691,
                0.19218740894699016
            ],
            "uniqVals": [
                "University completed",
                "Primary completed",
                "Secondary completed",
                "Less than primary completed"
            ]
        },
        "Age": {
            "probs": [
                0.00301081952565024,
                0.00022532584837124377,
                0.0007497911850974146,
                0.019486800955692392,
                0.010963268001787067,
                0.0004156873409607428,
                0.03406693731667994,
                0.008698354732814047,
                0.021650706085740372,
                0.03243526738019852,
                0.008632310949670752,
                0.003414852081350401,
                0.007268701074182708,
                7.38136399836833e-5,
                0.0019580039237777043,
                1.1654785260581575e-5,
                0.007474602280452982,
                0.03250519609176201,
                0.00023698063363182534,
                0.025077212952351352,
                0.004518171752685457,
                0.0013247605912861055,
                0.004510401895845069,
                0.012276373807812591,
                0.02504224859656961,
                0.024463394261960723,
                0.002700025252034731,
                1.553971368077543e-5,
                0.03504982420698899,
                0.027143994871894485,
                0.0004856160525242322,
                0.004992133019949108,
                0.017987218585497563,
                0.007268701074182708,
                0.010143548105126163,
                0.013698257609603543,
                0.0004312270546415182,
                0.022645247761309998,
                5.050406946252015e-5,
                0.013119403274994659,
                0.0021794448437287544,
                0.0003418737009770595,
                0.003609098502360094,
                7.38136399836833e-5,
                5.050406946252015e-5,
                0.0357996153920864,
                0.010120238534605,
                0.009828868903090461,
                0.035714146966842136,
                0.013861424603251685,
                0.001666634292263165,
                0.023546551154794974,
                0.0012470620228822284,
                0.00015928206522794816,
                0.0009479225345273013,
                0.014347040655775918,
                6.215885472310173e-5,
                0.0020357024921815814,
                0.009821099046250073,
                0.02373691264738447,
                5.438899788271401e-5,
                0.0002874847030943455,
                9.712321050484645e-5,
                0.004110254268565101,
                0.0010722402439735047,
                0.02421864377148851,
                0.001829801285911307,
                0.024533322973524212,
                0.011674209902682543,
                0.0018259163574911132,
                0.0015811658670189,
                0.0006682076882733436,
                0.00024475049047221304,
                0.011444999125891106,
                0.006530564674345875,
                0.028391056894776712,
                0.0009207280355859443,
                0.024607136613507895,
                0.008088420970843613,
                0.032004040325557,
                8.158349682407101e-5,
                0.03089295079738156,
                0.002016277850080612,
                0.00025252034731260077,
                0.00015151220838756046,
                0.00877216837279773,
                0.0033449233697869117,
                0.03469629572075134,
                3.884928420193858e-5,
                0.031386336706746176,
                0.005174724655698219,
                0.032812105436957326,
                0.009452030846331656,
                4.273421262213244e-5,
                0.013558400186476563,
                0.0077698568403877155
            ],
            "uniqVals": [
                68,
                89,
                11,
                39,
                46,
                85,
                25,
                55,
                42,
                29,
                58,
                66,
                59,
                8,
                74,
                95,
                57,
                20,
                90,
                31,
                14,
                78,
                70,
                52,
                18,
                33,
                69,
                96,
                26,
                35,
                83,
                64,
                17,
                65,
                49,
                44,
                84,
                37,
                4,
                45,
                13,
                86,
                67,
                93,
                94,
                30,
                54,
                47,
                32,
                50,
                80,
                40,
                77,
                91,
                82,
                43,
                7,
                75,
                60,
                34,
                9,
                87,
                3,
                61,
                79,
                38,
                71,
                36,
                48,
                76,
                12,
                81,
                98,
                16,
                62,
                21,
                10,
                19,
                51,
                22,
                6,
                24,
                73,
                88,
                92,
                53,
                72,
                28,
                5,
                23,
                63,
                27,
                56,
                97,
                41,
                15
            ]
        },
        "Marital status": {
            "probs": [
                0.06923330937627474,
                0.6547036770847497,
                0.05398108039859366,
                0.22208193314038188
            ],
            "uniqVals": [
                "Widowed",
                "Married/in union",
                "Separated/divorced/spouse absent",
                "Single/never married"
            ]
        },
        "Race": {
            "probs": [
                0.0017365630038266545,
                0.0027544142499174454,
                0.00011654785260581574,
                0.001177133311318739,
                0.9942153415823314
            ],