{
    "avail_var": [
        "Home location",
        "Age",
        "Sex",
        "Marital status",
        "Race",
        "Education",
        "Employment"
    ],
    "marginals": {
        "Employment": {
            "probs": [
                0.11101571453545968,
                0.8889842854645403
            ],
            "uniqVals": [
                "Unemployed",
                "Employed"
            ]
        },
        "Home location": {
            "probs": [
                0.17359414152794234,
                0.05067500631300868,
                0.054960082360482505,
                0.11724713972145064,
                0.09109768652512577,
                0.04882189545657621,
                0.10901109147063966,
                0.10508731376624386,
                0.13265476583593946,
                0.11685087702259087
            ],
            "uniqVals": [
                "Harare",
                "Bulawayo",
                "Matabeleland South",
                "Midlands",
                "Mashonaland Central",
                "Matabeleland North",
                "Mashonaland East",
                "Mashonaland West",
                "Manicaland",
                "Masvingo"
            ]
        },
        "Education": {
            "probs": [
                0.02798313941065636,
                0.6979273906878266,
                0.08190206095452691,
                0.19218740894699016
            ],
            "uniqVals": [
                "University completed",
                "Primary completed",
                "Secondary completed",
                "Less than primary completed"
            ]
        },
        "Age": {
            "probs": [
                0.026568209848872752,
                0.028315644021876248,
                0.02956504033703794,
                0.030365014499702397,
                0.03117113390601997,
                0.030928874745117487,
                0.030472010019751496,
                0.029837547752810716,
                0.029062700808638955,
                0.028149859004212425,
                0.027101685278447474,
                0.026128415244765398,
                0.02533656645982004,
                0.02465936060924765,
                0.02391769798080267,
                0.023140529500139735,
                0.022406446005533587,
                0.021734566032793886,
                0.021102425302344283,
                0.020484896595692064,
                0.01990656088744966,
                0.019259398450292453,
                0.01849335968869015,
                0.017668872831898295,
                0.01688077947362984,
                0.016090569420325312,
                0.015454468421743701,
                0.015053525413620988,
                0.014806896301676293,
                0.014553917104623388,
                0.014327976979644153,
                0.014059702953943517,
                0.013698772310051031,
                0.013280417778244511,
                0.012881796306612972,
                0.012476961310843289,
                0.012099233667632313,
                0.011769712046855707,
                0.011459650364313942,
                0.011138117560286376,
                0.010833518316547374,
                0.010410452431273474,
                0.009805487333867605,
                0.009091683143316709,
                0.008401981963983,
                0.007704974772750597,
                0.0071036968215365945,
                0.0066607613151176475,
                0.00632816707251449,
                0.005990383513048708,
                0.005665573245739485,
                0.005373605891731868,
                0.005111135707259165,
                0.004873724460794131,
                0.004659733420695938,
                0.004469435708904724,
                0.004279957362933925,
                0.004079895541782775,
                0.0038765562573499675,
                0.0036855757407084086,
                0.0035001259433546463,
                0.0033307220599839964,
                0.0031827582489141865,
                0.0030474263275757636,
                0.0029166691987346535,
                0.0027997047278705165,
                0.002648736575459188,
                0.0024414370228943785,
                0.002203342971578999,
                0.0019758323954439713,
                0.0017430642219612845,
                0.0015653983999014574,
                0.0014746536352905776,
                0.001439284344042695,
                0.0013984526139920507,
                0.0013680677981516883,
                0.001308049251806343,
                0.001193611158888484,
                0.0010463301526690192,
                0.0009127735239414938,
                0.0007839282486813502,
                0.0006668954973321789,
                0.0005698689280981228,
                0.0004878640655716616,
                0.00040708825177582177,
                0.00032965818174667357,
                0.00026260674544277264,
                0.00020805063790018936,
                0.00016373660311278442,
                0.00011983225123558658,
                8.719417938908493e-05,
                6.793908260934966e-05,
                4.943507116499412e-05,
                3.1409023115880246e-05,
                1.8162609019182924e-05,
                1.235876779124853e-05,
                9.490987419798596e-06,
                6.554926563314138e-06,
                3.3457437666915915e-06,
                1.1607682455868787e-06,
                1.3656097006904455e-06
            ],
            "uniqVals": [
                0,
                1,
                2,
                3,
                4,
                5,
                6,
                7,
                8,
                9,
                10,
                11,
                12,
                13,
                14,
                15,
                16,
                17,
                18,
                19,
                20,
                21,
                22,
                23,
                24,
                25,
                26,
                27,
                28,
                29,
                30,
                31,
                32,
                33,
                34,
                35,
                36,
                37,
                38,
                39,
                40,
                41,
                42,
                43,
                44,
                45,
                46,
                47,
                48,
                49,
                50,
                51,
                52,
                53,
                54,
                55,
                56,
                57,
                58,
                59,
                60,
                61,
                62,
                63,
                64,
                65,
                66,
                67,
                68,
                69,
                70,
                71,
                72,
                73,
                74,
                75,
                76,
                77,
                78,
                79,
                80,
                81,
                82,
                83,
                84,
                85,
                86,
                87,
                88,
                89,
                90,
                91,
                92,
                93,
                94,
                95,
                96,
                97,
                98,
                99,
                100
            ]
        },
        "Marital status": {
            "probs": [
                0.06923330937627474,
                0.6547036770847497,
                0.05398108039859366,
                0.22208193314038188
            ],